open_bb,hand,fold,call,3bet,hands_simulated,call_net_bb,call_vs_fold_bb,realization
2.0,AA,0.0,0.0,1.0,0,,,
2.0,AKs,0.0,0.0,1.0,0,,,
2.0,AQs,0.0,0.0,1.0,0,,,
2.0,AJs,0.0,0.0,1.0,0,,,
2.0,ATs,0.0,0.0,1.0,0,,,
2.0,A9s,0.0,0.0,1.0,0,,,
2.0,A8s,0.0,0.0,1.0,0,,,
2.0,A7s,0.0,0.0,1.0,0,,,
2.0,A6s,0.0,0.0,1.0,0,,,
2.0,A5s,0.0,0.0,1.0,0,,,
2.0,A4s,0.0,0.0,1.0,0,,,
2.0,A3s,0.0,0.0001,0.9999,1,,,
2.0,A2s,0.0,0.0001,0.9999,1,,,
2.0,AKo,0.0,0.0,1.0,0,,,
2.0,KK,0.0,0.0,1.0,0,,,
2.0,KQs,0.0,0.0,1.0,0,,,
2.0,KJs,0.0,0.0,1.0,0,,,
2.0,KTs,0.0,0.0,1.0,0,,,
2.0,K9s,0.0,0.0004,0.9996,0,,,
2.0,K8s,0.0,0.9999,0.0001,1673,0.1629,1.1629,0.9747
2.0,K7s,0.0,1.0,0.0,1527,-0.1312,0.8688,0.8562
2.0,K6s,0.0,1.0,0.0,1648,0.0229,1.0229,0.9403
2.0,K5s,0.0,1.0,0.0,1603,-0.1582,0.8418,0.8663
2.0,K4s,0.0,1.0,0.0,1640,-0.239,0.761,0.8578
2.0,K3s,0.0,1.0,0.0,1667,-0.3985,0.6015,0.7915
2.0,K2s,0.0,1.0,0.0,1681,-0.1644,0.8356,0.9076
2.0,AQo,0.0,0.0,1.0,0,,,
2.0,KQo,0.0,0.0,1.0,0,,,
2.0,QQ,0.0,0.0,1.0,0,,,
2.0,QJs,0.0,0.0002,0.9998,1,,,
2.0,QTs,0.0,0.0018,0.9982,5,,,
2.0,Q9s,0.0,1.0,0.0,1636,0.173,1.173,1.0019
2.0,Q8s,0.0,1.0,0.0,1649,-0.2071,0.7929,0.858
2.0,Q7s,0.0,1.0,0.0,1692,0.0122,1.0122,0.9921
2.0,Q6s,0.0,1.0,0.0,1627,-0.2736,0.7264,0.8621
2.0,Q5s,0.0,1.0,0.0,1675,-0.4023,0.5977,0.8148
2.0,Q4s,0.0,1.0,0.0,1670,-0.3302,0.6698,0.8616
2.0,Q3s,0.0,1.0,0.0,1596,-0.3351,0.6649,0.8842
2.0,Q2s,0.0,1.0,0.0,1602,-0.3921,0.6079,0.8671
2.0,AJo,0.0,0.0,1.0,0,,,
2.0,KJo,0.0,0.0,1.0,0,,,
2.0,QJo,0.0,0.2063,0.7937,956,,,
2.0,JJ,0.0,0.0,1.0,0,,,
2.0,JTs,0.0,0.054,0.946,90,,,
2.0,J9s,0.0,1.0,0.0,1560,0.0701,1.0701,0.997
2.0,J8s,0.0,1.0,0.0,1562,0.0959,1.0959,1.0428
2.0,J7s,0.0,1.0,0.0,1577,-0.5186,0.4814,0.7712
2.0,J6s,0.0,1.0,0.0,1612,-0.1502,0.8498,1.018
2.0,J5s,0.0,1.0,0.0,1578,-0.4105,0.5895,0.8849
2.0,J4s,0.0,1.0,0.0,1603,-0.3888,0.6112,0.911
2.0,J3s,0.0,1.0,0.0,1714,-0.587,0.413,0.8137
2.0,J2s,0.0,1.0,0.0,1617,-0.4244,0.5756,0.9236
2.0,ATo,0.0,0.0,1.0,0,,,
2.0,KTo,0.0,0.018,0.982,70,,,
2.0,QTo,0.0,1.0,0.0,4796,0.1862,1.1862,1.0024
2.0,JTo,0.0,1.0,0.0,4771,0.0797,1.0797,1.008
2.0,TT,0.0,0.0,1.0,0,,,
2.0,T9s,0.0,1.0,0.0,1670,0.0772,1.0772,1.0466
2.0,T8s,0.0,1.0,0.0,1582,-0.3341,0.6659,0.8738
2.0,T7s,0.0,1.0,0.0,1706,-0.4315,0.5685,0.8562
2.0,T6s,0.0,1.0,0.0,1661,-0.5219,0.4781,0.8502
2.0,T5s,0.0,1.0,0.0,1621,-0.6583,0.3417,0.8072
2.0,T4s,0.0,1.0,0.0,1565,-0.4165,0.5835,0.963
2.0,T3s,0.0,1.0,0.0,1651,-0.3986,0.6014,0.9894
2.0,T2s,0.0,1.0,0.0,1633,-0.6828,0.3172,0.8435
2.0,A9o,0.0,0.0,1.0,0,,,
2.0,K9o,0.0,1.0,0.0,4752,-0.1126,0.8874,0.849
2.0,Q9o,0.0,1.0,0.0,4892,-0.2884,0.7116,0.8215
2.0,J9o,0.0,1.0,0.0,4631,-0.263,0.737,0.8857
2.0,T9o,0.0,1.0,0.0,4790,-0.1942,0.8058,0.9613
2.0,99,0.0,0.0,1.0,0,,,
2.0,98s,0.0,1.0,0.0,1696,-0.1605,0.8395,1.0016
2.0,97s,0.0,1.0,0.0,1668,-0.1299,0.8701,1.0572
2.0,96s,0.0,1.0,0.0,1670,-0.2503,0.7497,1.0418
2.0,95s,0.0,1.0,0.0,1615,-0.7764,0.2236,0.763
2.0,94s,0.0,1.0,0.0,1644,-0.7682,0.2318,0.7972
2.0,93s,0.0,1.0,0.0,1624,-0.7367,0.2633,0.8378
2.0,92s,0.0,1.0,0.0,1652,-0.9783,0.0217,0.6868
2.0,A8o,0.0,0.0,1.0,0,,,
2.0,K8o,0.0,1.0,0.0,4841,-0.1667,0.8333,0.8613
2.0,Q8o,0.0,1.0,0.0,4801,-0.3579,0.6421,0.8218
2.0,J8o,0.0,1.0,0.0,4814,-0.5653,0.4347,0.7638
2.0,T8o,0.0,1.0,0.0,4892,-0.5047,0.4953,0.8387
2.0,98o,0.0,1.0,0.0,4919,-0.4769,0.5231,0.8975
2.0,88,0.0,0.0,1.0,0,,,
2.0,87s,0.0,1.0,0.0,1694,-0.1807,0.8193,1.0516
2.0,86s,0.0,1.0,0.0,1642,-0.4892,0.5108,0.9062
2.0,85s,0.0,1.0,0.0,1681,-0.4958,0.5042,0.9426
2.0,84s,0.0,1.0,0.0,1637,-0.535,0.465,0.967
2.0,83s,0.0,1.0,0.0,1625,-0.5902,0.4098,0.9732
2.0,82s,0.0,1.0,0.0,1614,-0.8508,0.1492,0.8017
2.0,A7o,0.0,0.0,1.0,0,,,
2.0,K7o,0.0,1.0,0.0,4827,-0.3836,0.6164,0.7744
2.0,Q7o,0.0,1.0,0.0,4810,-0.4084,0.5916,0.8295
2.0,J7o,0.0,1.0,0.0,4849,-0.6657,0.3343,0.7381
2.0,T7o,0.0,1.0,0.0,4859,-0.6387,0.3613,0.8015
2.0,97o,0.0,1.0,0.0,4783,-0.5771,0.4229,0.8752
2.0,87o,0.0,1.0,0.0,4948,-0.7602,0.2398,0.776
2.0,77,0.0,0.0,1.0,0,,,
2.0,76s,0.0,1.0,0.0,1624,-0.4189,0.5811,0.9511
2.0,75s,0.0,1.0,0.0,1629,-0.5125,0.4875,0.9349
2.0,74s,0.0,1.0,0.0,1626,-0.4695,0.5305,1.0043
2.0,73s,0.0,1.0,0.0,1712,-0.7673,0.2327,0.8396
2.0,72s,0.0,1.0,0.0,1650,-0.9356,0.0644,0.7605
2.0,A6o,0.0,0.0001,0.9999,0,,,
2.0,K6o,0.0,1.0,0.0,4752,-0.5222,0.4778,0.724
2.0,Q6o,0.0,1.0,0.0,5035,-0.5351,0.4649,0.7761
2.0,J6o,0.0,1.0,0.0,4781,-0.6821,0.3179,0.773
2.0,T6o,0.0,1.0,0.0,4704,-0.889,0.111,0.6874
2.0,96o,0.0,1.0,0.0,4861,-0.6773,0.3227,0.8517
2.0,86o,0.0,1.0,0.0,4891,-0.8115,0.1885,0.78
2.0,76o,0.0,1.0,0.0,4868,-0.7571,0.2429,0.8197
2.0,66,0.0,0.0,1.0,0,,,
2.0,65s,0.0,1.0,0.0,1749,-0.316,0.684,1.0545
2.0,64s,0.0,1.0,0.0,1627,-0.763,0.237,0.7968
2.0,63s,0.0,1.0,0.0,1695,-0.7341,0.2659,0.8604
2.0,62s,0.0,1.0,0.0,1665,-0.7878,0.2122,0.8589
2.0,A5o,0.0,0.8963,0.1037,4360,-0.2672,0.7328,0.7835
2.0,K5o,0.0,1.0,0.0,4827,-0.3989,0.6011,0.8075
2.0,Q5o,0.0,1.0,0.0,4880,-0.622,0.378,0.7532
2.0,J5o,0.0,1.0,0.0,4746,-0.7951,0.2049,0.7205
2.0,T5o,0.0,1.0,0.0,4890,-0.9684,0.0316,0.6706
2.0,95o,0.0,1.0,0.0,5007,-0.9887,0.0113,0.6882
2.0,85o,0.0,1.0,0.0,4957,-0.9901,0.0099,0.6927
2.0,75o,0.0,1.0,0.0,4828,-0.709,0.291,0.8843
2.0,65o,0.0,1.0,0.0,4951,-0.7405,0.2595,0.8564
2.0,55,0.0,0.0,1.0,0,,,
2.0,54s,0.0,1.0,0.0,1683,-0.6042,0.3958,0.889
2.0,53s,0.0,1.0,0.0,1676,-0.7433,0.2567,0.8354
2.0,52s,0.0,1.0,0.0,1657,-0.717,0.283,0.8855
2.0,A4o,0.0,0.9995,0.0005,4788,-0.1302,0.8698,0.861
2.0,K4o,0.0,1.0,0.0,4952,-0.4181,0.5819,0.8047
2.0,Q4o,0.0,1.0,0.0,4868,-0.6034,0.3966,0.7786
2.0,J4o,0.0,1.0,0.0,4891,-0.8519,0.1481,0.6981
2.0,T4o,0.0,1.0,0.0,4868,-0.9518,0.0482,0.6878
2.0,94o,0.0,1.0,0.0,4932,-0.9702,0.0298,0.7396
2.0,84o,0.0,1.0,0.0,4996,-0.9365,0.0635,0.7695
2.0,74o,0.0,1.0,0.0,4983,-0.9532,0.0468,0.7552
2.0,64o,0.0,1.0,0.0,5021,-0.8664,0.1336,0.8083
2.0,54o,0.0,1.0,0.0,4996,-0.8958,0.1042,0.7676
2.0,44,0.0,0.0,1.0,0,,,
2.0,43s,0.0,1.0,0.0,1676,-0.3296,0.6704,1.1199
2.0,42s,0.0,1.0,0.0,1686,-0.7531,0.2469,0.8749
2.0,A3o,0.0,0.9999,0.0001,4890,-0.1911,0.8089,0.8436
2.0,K3o,0.0,1.0,0.0,4889,-0.7197,0.2803,0.6627
2.0,Q3o,0.0,1.0,0.0,4968,-0.7252,0.2748,0.7235
2.0,J3o,0.0,1.0,0.0,4909,-0.7808,0.2192,0.7637
2.0,T3o,0.0,1.0,0.0,4861,-0.9874,0.0126,0.6836
2.0,93o,0.0,1.0,0.0,5062,-1.0564,-0.0564,0.6862
2.0,83o,0.9999,0.0001,0.0,1,,,
2.0,73o,0.9999,0.0001,0.0,0,,,
2.0,63o,0.9999,0.0001,0.0,0,,,
2.0,53o,0.0001,0.9999,0.0,4978,-0.9603,0.0397,0.7567
2.0,43o,0.9998,0.0002,0.0,0,,,
2.0,33,0.0,0.013,0.987,27,,,
2.0,32s,0.0,1.0,0.0,1679,-0.78,0.22,0.871
2.0,A2o,0.0,0.9999,0.0001,5073,-0.3239,0.6761,0.7963
2.0,K2o,0.0,1.0,0.0,5003,-0.6144,0.3856,0.7336
2.0,Q2o,0.0,1.0,0.0,5027,-0.7524,0.2476,0.7228
2.0,J2o,0.0,1.0,0.0,4725,-0.9265,0.0735,0.6763
2.0,T2o,0.0,1.0,0.0,4940,-1.0898,-0.0898,0.6303
2.0,92o,0.6574,0.3426,0.0,1672,-1.1429,-0.1429,0.6381
2.0,82o,0.9999,0.0001,0.0,1,,,
2.0,72o,1.0,0.0,0.0,0,,,
2.0,62o,1.0,0.0,0.0,0,,,
2.0,52o,1.0,0.0,0.0,0,,,
2.0,42o,1.0,0.0,0.0,0,,,
2.0,32o,1.0,0.0,0.0,0,,,
2.0,22,0.0,1.0,0.0,2429,-0.0723,0.9277,0.9803
2.25,AA,0.0,0.0,1.0,0,,,
2.25,AKs,0.0,0.0,1.0,0,,,
2.25,AQs,0.0,0.0,1.0,0,,,
2.25,AJs,0.0,0.0,1.0,0,,,
2.25,ATs,0.0,0.0,1.0,0,,,
2.25,A9s,0.0,0.0,1.0,0,,,
2.25,A8s,0.0,0.0,1.0,0,,,
2.25,A7s,0.0,0.0,1.0,0,,,
2.25,A6s,0.0,0.0,1.0,0,,,
2.25,A5s,0.0,0.0,1.0,0,,,
2.25,A4s,0.0,0.0001,0.9999,1,,,
2.25,A3s,0.0,0.0001,0.9999,1,,,
2.25,A2s,0.0,0.0002,0.9998,0,,,
2.25,AKo,0.0,0.0,1.0,0,,,
2.25,KK,0.0,0.0,1.0,0,,,
2.25,KQs,0.0,0.0,1.0,0,,,
2.25,KJs,0.0,0.0,1.0,0,,,
2.25,KTs,0.0,0.0001,0.9999,0,,,
2.25,K9s,0.0,0.1952,0.8048,404,,,
2.25,K8s,0.0,1.0,0.0,1889,0.0911,1.0911,0.9428
2.25,K7s,0.0,1.0,0.0,1889,-0.0327,0.9673,0.9066
2.25,K6s,0.0,1.0,0.0,1912,0.0813,1.0813,0.9635
2.25,K5s,0.0,1.0,0.0,1944,-0.2389,0.7611,0.8581
2.25,K4s,0.0,1.0,0.0,1948,-0.0086,0.9914,0.9762
2.25,K3s,0.0,1.0,0.0,2007,-0.3261,0.6739,0.8436
2.25,K2s,0.0,1.0,0.0,1951,-0.1431,0.8569,0.9457
2.25,AQo,0.0,0.0,1.0,0,,,
2.25,KQo,0.0,0.0,1.0,0,,,
2.25,QQ,0.0,0.0,1.0,0,,,
2.25,QJs,0.0,0.0003,0.9996,1,,,
2.25,QTs,0.0,0.0045,0.9955,12,,,
2.25,Q9s,0.0,1.0,0.0,1995,0.1152,1.1152,0.9764
2.25,Q8s,0.0,1.0,0.0,1962,-0.0288,0.9712,0.9507
2.25,Q7s,0.0,1.0,0.0,1958,-0.5399,0.4601,0.7553
2.25,Q6s,0.0,1.0,0.0,1923,-0.1819,0.8181,0.9301
2.25,Q5s,0.0,1.0,0.0,1962,-0.4655,0.5345,0.8268
2.25,Q4s,0.0,1.0,0.0,1859,-0.4767,0.5233,0.8452
2.25,Q3s,0.0,1.0,0.0,1874,-0.4248,0.5752,0.868
2.25,Q2s,0.0,1.0,0.0,1920,-0.4138,0.5862,0.8869
2.25,AJo,0.0,0.0,1.0,0,,,
2.25,KJo,0.0,0.0001,0.9999,3,,,
2.25,QJo,0.0,0.9988,0.0012,5551,0.5223,1.5223,1.1226
2.25,JJ,0.0,0.0,1.0,0,,,
2.25,JTs,0.0,0.7752,0.2248,1528,0.6096,1.6096,1.195
2.25,J9s,0.0,1.0,0.0,1914,0.0583,1.0583,1.0072
2.25,J8s,0.0,1.0,0.0,1915,-0.1655,0.8345,0.9288
2.25,J7s,0.0,1.0,0.0,1952,-0.4578,0.5422,0.8451
2.25,J6s,0.0,1.0,0.0,1939,-0.4819,0.5181,0.8732
2.25,J5s,0.0,1.0,0.0,1921,-0.588,0.412,0.8293
2.25,J4s,0.0,1.0,0.0,1895,-0.8849,0.1151,0.699
2.25,J3s,0.0,1.0,0.0,2005,-0.7996,0.2004,0.7577
2.25,J2s,0.0,1.0,0.0,1940,-0.5499,0.4501,0.8838
2.25,ATo,0.0,0.0,1.0,0,,,
2.25,KTo,0.0,0.9969,0.0031,5681,0.3689,1.3689,1.0197
2.25,QTo,0.0,1.0,0.0,5585,0.3342,1.3342,1.0654
2.25,JTo,0.0,1.0,0.0,5728,0.1166,1.1166,1.0356
2.25,TT,0.0,0.0,1.0,0,,,
2.25,T9s,0.0,1.0,0.0,1874,-0.1829,0.8171,0.9504
2.25,T8s,0.0,1.0,0.0,1847,-0.4914,0.5086,0.8331
2.25,T7s,0.0,1.0,0.0,1852,-0.4092,0.5908,0.9098
2.25,T6s,0.0,1.0,0.0,1881,-0.2598,0.7402,1.0213
2.25,T5s,0.0,1.0,0.0,1903,-0.7339,0.2661,0.8225
2.25,T4s,0.0,1.0,0.0,1916,-0.6556,0.3444,0.8778
2.25,T3s,0.0,1.0,0.0,2020,-1.0899,-0.0899,0.6446
2.25,T2s,0.0,1.0,0.0,2037,-0.89,0.11,0.7696
2.25,A9o,0.0,0.0,1.0,0,,,
2.25,K9o,0.0,1.0,0.0,5635,-0.3026,0.6974,0.7879
2.25,Q9o,0.0,1.0,0.0,5760,-0.4389,0.5611,0.7829
2.25,J9o,0.0,1.0,0.0,5668,-0.4769,0.5231,0.8153
2.25,T9o,0.0,1.0,0.0,5745,-0.4268,0.5732,0.8802
2.25,99,0.0,0.0,1.0,0,,,
2.25,98s,0.0,1.0,0.0,1969,-0.2602,0.7398,0.9686
2.25,97s,0.0,1.0,0.0,1939,-0.2065,0.7935,1.0507
2.25,96s,0.0,1.0,0.0,1955,-0.6354,0.3646,0.8694
2.25,95s,0.0,1.0,0.0,1976,-0.851,0.149,0.782
2.25,94s,0.0,1.0,0.0,2005,-0.602,0.398,0.9658
2.25,93s,0.0,1.0,0.0,1956,-0.9793,0.0207,0.7497
2.25,92s,0.0,1.0,0.0,2013,-1.0567,-0.0567,0.7149
2.25,A8o,0.0,0.0,1.0,0,,,
2.25,K8o,0.0,1.0,0.0,5593,-0.3717,0.6283,0.7945
2.25,Q8o,0.0,1.0,0.0,5720,-0.3862,0.6138,0.8427
2.25,J8o,0.0,1.0,0.0,5708,-0.7097,0.2903,0.7399
2.25,T8o,0.0,1.0,0.0,5811,-0.6014,0.3986,0.8427
2.25,98o,0.0,1.0,0.0,5688,-0.5554,0.4446,0.893
2.25,88,0.0,0.0,1.0,0,,,
2.25,87s,0.0,1.0,0.0,1953,-0.4303,0.5697,0.9468
2.25,86s,0.0,1.0,0.0,1906,-0.4679,0.5321,0.9642
2.25,85s,0.0,1.0,0.0,2001,-0.4039,0.5961,1.0364
2.25,84s,0.0,1.0,0.0,1890,-0.8546,0.1454,0.8217
2.25,83s,0.9994,0.0006,0.0,0,,,
2.25,82s,0.9998,0.0002,0.0,1,,,
2.25,A7o,0.0,0.0,1.0,0,,,
2.25,K7o,0.0,1.0,0.0,5772,-0.638,0.362,0.6899
2.25,Q7o,0.0,1.0,0.0,5754,-0.6848,0.3152,0.7385
2.25,J7o,0.0,1.0,0.0,5892,-0.6754,0.3246,0.7896
2.25,T7o,0.0,1.0,0.0,5586,-0.7369,0.2631,0.8039
2.25,97o,0.0,1.0,0.0,5773,-0.9127,0.0873,0.7465
2.25,87o,0.0,1.0,0.0,5714,-0.8123,0.1877,0.8102
2.25,77,0.0,0.0,1.0,0,,,
2.25,76s,0.0,1.0,0.0,1984,-0.3097,0.6903,1.0548
2.25,75s,0.0,1.0,0.0,1940,-0.584,0.416,0.9368
2.25,74s,0.0,1.0,0.0,1960,-0.6006,0.3994,0.9671
2.25,73s,0.9991,0.0009,0.0,2,,,
2.25,72s,1.0,0.0,0.0,0,,,
2.25,A6o,0.0,0.0006,0.9994,4,,,
2.25,K6o,0.0,1.0,0.0,5795,-0.481,0.519,0.7782
2.25,Q6o,0.0,1.0,0.0,5645,-0.6079,0.3921,0.7902
2.25,J6o,0.0,1.0,0.0,5701,-0.8935,0.1065,0.7217
2.25,T6o,0.0,1.0,0.0,5644,-0.8935,0.1065,0.7634
2.25,96o,0.0,1.0,0.0,5753,-0.7404,0.2596,0.8755
2.25,86o,0.0,1.0,0.0,5963,-0.8263,0.1737,0.8373
2.25,76o,0.0,1.0,0.0,5795,-0.9344,0.0656,0.7765
2.25,66,0.0,0.0,1.0,0,,,
2.25,65s,0.0,1.0,0.0,1903,-0.4144,0.5856,1.0197
2.25,64s,0.0,1.0,0.0,1957,-0.1447,0.8553,1.2226
2.25,63s,0.0001,0.9999,0.0,2002,-0.9107,0.0893,0.8114
2.25,62s,1.0,0.0,0.0,0,,,
2.25,A5o,0.0,0.5909,0.4091,3386,-0.4194,0.5806,0.7348
2.25,K5o,0.0,1.0,0.0,5844,-0.5421,0.4579,0.7652
2.25,Q5o,0.0,1.0,0.0,5684,-0.7082,0.2918,0.7535
2.25,J5o,0.0,1.0,0.0,5859,-0.9672,0.0328,0.6928
2.25,T5o,0.0,1.0,0.0,5774,-1.0554,-0.0554,0.7066
2.25,95o,0.0036,0.9964,0.0,5802,-1.0966,-0.0966,0.7065
2.25,85o,0.9994,0.0006,0.0,6,,,
2.25,75o,0.9992,0.0008,0.0,5,,,
2.25,65o,0.0003,0.9997,0.0,5886,-0.7939,0.2061,0.8802
2.25,55,0.0,0.0,1.0,0,,,
2.25,54s,0.0,1.0,0.0,2021,-0.3704,0.6296,1.0562
2.25,53s,0.0,1.0,0.0,1948,-0.8429,0.1571,0.8283
2.25,52s,0.9999,0.0001,0.0,0,,,
2.25,A4o,0.0,0.9996,0.0003,5820,-0.187,0.813,0.8505
2.25,K4o,0.0,1.0,0.0,5804,-0.6169,0.3831,0.7458
2.25,Q4o,0.0,1.0,0.0,5844,-0.7311,0.2689,0.7578
2.25,J4o,0.0,1.0,0.0,5760,-0.9553,0.0447,0.7176
2.25,T4o,0.0,1.0,0.0,5794,-0.91,0.09,0.804
2.25,94o,0.9999,0.0001,0.0,0,,,
2.25,84o,1.0,0.0,0.0,0,,,
2.25,74o,1.0,0.0,0.0,0,,,
2.25,64o,1.0,0.0,0.0,0,,,
2.25,54o,1.0,0.0,0.0,1,,,
2.25,44,0.0,0.0001,0.9999,0,,,
2.25,43s,0.0,1.0,0.0,1955,-0.6623,0.3377,0.9548
2.25,42s,1.0,0.0,0.0,0,,,
2.25,A3o,0.0,0.9999,0.0001,5866,-0.2598,0.7402,0.831
2.25,K3o,0.0,1.0,0.0,5756,-0.6654,0.3346,0.7367
2.25,Q3o,0.0,1.0,0.0,5875,-0.871,0.129,0.7042
2.25,J3o,0.0,1.0,0.0,5834,-1.1412,-0.1412,0.6257
2.25,T3o,0.1332,0.8668,0.0,5229,-1.0789,-0.0789,0.7168
2.25,93o,1.0,0.0,0.0,0,,,
2.25,83o,1.0,0.0,0.0,0,,,
2.25,73o,1.0,0.0,0.0,0,,,
2.25,63o,1.0,0.0,0.0,0,,,
2.25,53o,1.0,0.0,0.0,0,,,
2.25,43o,1.0,0.0,0.0,0,,,
2.25,33,0.0,0.0003,0.9997,0,,,
2.25,32s,1.0,0.0,0.0,0,,,
2.25,A2o,0.0,1.0,0.0,5878,-0.3422,0.6578,0.8089
2.25,K2o,0.0,1.0,0.0,5810,-0.788,0.212,0.6944
2.25,Q2o,0.0,1.0,0.0,5750,-1.0102,-0.0102,0.6524
2.25,J2o,0.0,1.0,0.0,5770,-1.1174,-0.1174,0.6492
2.25,T2o,0.9993,0.0007,0.0,3,,,
2.25,92o,1.0,0.0,0.0,0,,,
2.25,82o,1.0,0.0,0.0,0,,,
2.25,72o,1.0,0.0,0.0,0,,,
2.25,62o,1.0,0.0,0.0,0,,,
2.25,52o,1.0,0.0,0.0,0,,,
2.25,42o,1.0,0.0,0.0,0,,,
2.25,32o,1.0,0.0,0.0,0,,,
2.25,22,0.0,0.0004,0.9996,1,,,
2.5,AA,0.0,0.0,1.0,0,,,
2.5,AKs,0.0,0.0,1.0,0,,,
2.5,AQs,0.0,0.0,1.0,0,,,
2.5,AJs,0.0,0.0,1.0,0,,,
2.5,ATs,0.0,0.0,1.0,0,,,
2.5,A9s,0.0,0.0,1.0,0,,,
2.5,A8s,0.0,0.0,1.0,0,,,
2.5,A7s,0.0,0.0,1.0,0,,,
2.5,A6s,0.0,0.0,1.0,0,,,
2.5,A5s,0.0,0.0001,0.9999,1,,,
2.5,A4s,0.0,0.0001,0.9999,0,,,
2.5,A3s,0.0,0.0002,0.9998,1,,,
2.5,A2s,0.0,0.0004,0.9996,0,,,
2.5,AKo,0.0,0.0,1.0,0,,,
2.5,KK,0.0,0.0,1.0,0,,,
2.5,KQs,0.0,0.0,1.0,0,,,
2.5,KJs,0.0,0.0,1.0,0,,,
2.5,KTs,0.0,0.0001,0.9999,0,,,
2.5,K9s,0.0,0.7787,0.2213,1757,0.4839,1.4839,1.0385
2.5,K8s,0.0,1.0,0.0,2157,-0.2885,0.7115,0.8037
2.5,K7s,0.0,1.0,0.0,2261,-0.0446,0.9554,0.9013
2.5,K6s,0.0,1.0,0.0,2293,0.0378,1.0378,0.9543
2.5,K5s,0.0,1.0,0.0,2302,-0.0351,0.9649,0.9404
2.5,K4s,0.0,1.0,0.0,2308,-0.3926,0.6074,0.8276
2.5,K3s,0.0,1.0,0.0,2349,-0.4171,0.5829,0.826
2.5,K2s,0.0,1.0,0.0,2350,-0.4205,0.5795,0.8381
2.5,AQo,0.0,0.0,1.0,0,,,
2.5,KQo,0.0,0.0,1.0,0,,,
2.5,QQ,0.0,0.0,1.0,0,,,
2.5,QJs,0.0,0.0004,0.9996,2,,,
2.5,QTs,0.0,0.0031,0.9969,6,,,
2.5,Q9s,0.0,1.0,0.0,2263,0.1263,1.1263,0.9683
2.5,Q8s,0.0,1.0,0.0,2211,-0.193,0.807,0.8886
2.5,Q7s,0.0,1.0,0.0,2236,-0.2796,0.7204,0.8895
2.5,Q6s,0.0,1.0,0.0,2208,-0.326,0.674,0.8817
2.5,Q5s,0.0,1.0,0.0,2171,-0.4677,0.5323,0.8393
2.5,Q4s,0.0,1.0,0.0,2237,-0.2394,0.7606,0.9638
2.5,Q3s,0.0,1.0,0.0,2220,-0.7995,0.2005,0.7341
2.5,Q2s,0.0,1.0,0.0,2320,-0.6463,0.3537,0.8186
2.5,AJo,0.0,0.0,1.0,0,,,
2.5,KJo,0.0,0.0001,0.9999,0,,,
2.5,QJo,0.0,0.9997,0.0003,6666,0.2054,1.2054,0.9786
2.5,JJ,0.0,0.0,1.0,0,,,
2.5,JTs,0.0,0.6337,0.3663,1441,,,
2.5,J9s,0.0,1.0,0.0,2253,0.0289,1.0289,0.9885
2.5,J8s,0.0,1.0,0.0,2220,-0.1996,0.8004,0.9356
2.5,J7s,0.0,1.0,0.0,2302,-0.3678,0.6322,0.9033
2.5,J6s,0.0,1.0,0.0,2293,-0.4381,0.5619,0.9072
2.5,J5s,0.0,1.0,0.0,2281,-0.5144,0.4856,0.9026
2.5,J4s,0.0,1.0,0.0,2215,-0.6955,0.3045,0.8342
2.5,J3s,0.0,1.0,0.0,2315,-0.7254,0.2746,0.8342
2.5,J2s,0.0,1.0,0.0,2222,-0.7725,0.2275,0.8201
2.5,ATo,0.0,0.0,1.0,0,,,
2.5,KTo,0.0,0.4475,0.5525,2912,0.5929,1.5929,1.0745
2.5,QTo,0.0,1.0,0.0,6713,0.1784,1.1784,0.9952
2.5,JTo,0.0,1.0,0.0,6506,0.0914,1.0914,1.0212
2.5,TT,0.0,0.0,1.0,0,,,
2.5,T9s,0.0,1.0,0.0,2210,-0.1119,0.8881,0.9772
2.5,T8s,0.0,1.0,0.0,2344,-0.2352,0.7648,0.9567
2.5,T7s,0.0,1.0,0.0,2302,-0.3209,0.6791,0.9649
2.5,T6s,0.0,1.0,0.0,2199,-0.5611,0.4389,0.9041
2.5,T5s,0.0,1.0,0.0,2279,-1.037,-0.037,0.7077
2.5,T4s,0.0,1.0,0.0,2260,-0.7935,0.2065,0.8459
2.5,T3s,0.0,1.0,0.0,2240,-0.9755,0.0245,0.7657
2.5,T2s,0.0,1.0,0.0,2351,-1.1221,-0.1221,0.7105
2.5,A9o,0.0,0.0,1.0,0,,,
2.5,K9o,0.0,1.0,0.0,6710,-0.3446,0.6554,0.7844
2.5,Q9o,0.0,1.0,0.0,6714,-0.3884,0.6116,0.8204
2.5,J9o,0.0,1.0,0.0,6784,-0.4088,0.5912,0.8655
2.5,T9o,0.0,1.0,0.0,6765,-0.6002,0.3998,0.8238
2.5,99,0.0,0.0,1.0,0,,,
2.5,98s,0.0,1.0,0.0,2231,-0.3052,0.6948,0.9797
2.5,97s,0.0,1.0,0.0,2233,-0.454,0.546,0.9524
2.5,96s,0.0,1.0,0.0,2298,-0.7178,0.2822,0.8488
2.5,95s,0.0,1.0,0.0,2272,-0.6493,0.3507,0.924
2.5,94s,0.9948,0.0052,0.0,10,,,
2.5,93s,0.9995,0.0005,0.0,2,,,
2.5,92s,0.9999,0.0001,0.0,1,,,
2.5,A8o,0.0,0.0,1.0,0,,,
2.5,K8o,0.0,1.0,0.0,6772,-0.3556,0.6444,0.8119
2.5,Q8o,0.0,1.0,0.0,6704,-0.5658,0.4342,0.7847
2.5,J8o,0.0,1.0,0.0,6680,-0.4423,0.5577,0.8887
2.5,T8o,0.0,1.0,0.0,6719,-0.5282,0.4718,0.9017
2.5,98o,0.0,1.0,0.0,6767,-0.6111,0.3889,0.8908
2.5,88,0.0,0.0,1.0,0,,,
2.5,87s,0.0,1.0,0.0,2283,-0.3582,0.6418,1.0031
2.5,86s,0.0,1.0,0.0,2366,-0.5046,0.4954,0.9617
2.5,85s,0.0,1.0,0.0,2334,-0.5268,0.4732,0.9901
2.5,84s,0.9996,0.0004,0.0,0,,,
2.5,83s,1.0,0.0,0.0,0,,,
2.5,82s,1.0,0.0,0.0,0,,,
2.5,A7o,0.0,0.0,1.0,1,,,
2.5,K7o,0.0,1.0,0.0,6591,-0.4052,0.5948,0.8096
2.5,Q7o,0.0,1.0,0.0,6648,-0.6886,0.3114,0.7702
2.5,J7o,0.0,1.0,0.0,6711,-0.9245,0.0755,0.7152
2.5,T7o,0.0,1.0,0.0,6784,-0.6964,0.3036,0.8615
2.5,97o,0.0,1.0,0.0,6836,-0.7592,0.2408,0.8658
2.5,87o,0.0,1.0,0.0,6837,-0.8483,0.1517,0.8313
2.5,77,0.0,0.0,1.0,0,,,
2.5,76s,0.0,1.0,0.0,2245,-0.7625,0.2375,0.8483
2.5,75s,0.0,1.0,0.0,2256,-0.3913,0.6087,1.0524
2.5,74s,0.9997,0.0003,0.0,0,,,
2.5,73s,1.0,0.0,0.0,0,,,
2.5,72s,1.0,0.0,0.0,0,,,
2.5,A6o,0.0,0.0107,0.9893,65,,,
2.5,K6o,0.0,1.0,0.0,6624,-0.68,0.32,0.7168
2.5,Q6o,0.0,1.0,0.0,6841,-0.7707,0.2293,0.747
2.5,J6o,0.0,1.0,0.0,6660,-0.7831,0.2169,0.8121
2.5,T6o,0.0,1.0,0.0,6717,-1.1326,-0.1326,0.689
2.5,96o,0.0,1.0,0.0,6894,-0.8184,0.1816,0.8704
2.5,86o,0.9992,0.0008,0.0,6,,,
2.5,76o,0.9997,0.0003,0.0,2,,,
2.5,66,0.0,0.0,1.0,0,,,
2.5,65s,0.0,1.0,0.0,2298,-0.2881,0.7119,1.1026
2.5,64s,0.9987,0.0013,0.0,1,,,
2.5,63s,1.0,0.0,0.0,0,,,
2.5,62s,1.0,0.0,0.0,0,,,
2.5,A5o,0.0,0.9951,0.0049,6676,0.0002,1.0002,0.9111
2.5,K5o,0.0,1.0,0.0,6804,-0.7011,0.2989,0.7319
2.5,Q5o,0.0,1.0,0.0,6745,-0.7907,0.2093,0.7533
2.5,J5o,0.0,1.0,0.0,6763,-1.1129,-0.1129,0.6722
2.5,T5o,0.9982,0.0018,0.0,7,,,
2.5,95o,0.9999,0.0001,0.0,1,,,
2.5,85o,1.0,0.0,0.0,0,,,
2.5,75o,1.0,0.0,0.0,0,,,
2.5,65o,1.0,0.0,0.0,0,,,
2.5,55,0.0,0.0,1.0,0,,,
2.5,54s,0.0,1.0,0.0,2389,-0.449,0.551,1.0474
2.5,53s,1.0,0.0,0.0,0,,,
2.5,52s,1.0,0.0,0.0,0,,,
2.5,A4o,0.0,0.9999,0.0001,6781,-0.3194,0.6806,0.8084
2.5,K4o,0.0,1.0,0.0,6829,-0.592,0.408,0.786
2.5,Q4o,0.0,1.0,0.0,6793,-0.8854,0.1146,0.7266
2.5,J4o,0.0,1.0,0.0,6734,-0.9926,0.0074,0.7514
2.5,T4o,0.9997,0.0003,0.0,1,,,
2.5,94o,1.0,0.0,0.0,0,,,
2.5,84o,1.0,0.0,0.0,0,,,
2.5,74o,1.0,0.0,0.0,0,,,
2.5,64o,1.0,0.0,0.0,0,,,
2.5,54o,1.0,0.0,0.0,0,,,
2.5,44,0.0,0.0001,0.9999,1,,,
2.5,43s,1.0,0.0,0.0,0,,,
2.5,42s,1.0,0.0,0.0,0,,,
2.5,A3o,0.0,1.0,0.0,6780,-0.2409,0.7591,0.8508
2.5,K3o,0.0,1.0,0.0,6890,-0.8167,0.1833,0.7079
2.5,Q3o,0.0,1.0,0.0,6917,-1.0195,-0.0195,0.6821
2.5,J3o,0.0,1.0,0.0,6806,-1.1363,-0.1363,0.6943
2.5,T3o,0.9999,0.0001,0.0,1,,,
2.5,93o,1.0,0.0,0.0,0,,,
2.5,83o,1.0,0.0,0.0,0,,,
2.5,73o,1.0,0.0,0.0,0,,,
2.5,63o,1.0,0.0,0.0,0,,,
2.5,53o,1.0,0.0,0.0,0,,,
2.5,43o,1.0,0.0,0.0,0,,,
2.5,33,0.0,0.0006,0.9994,5,,,
2.5,32s,1.0,0.0,0.0,0,,,
2.5,A2o,0.0,1.0,0.0,7003,-0.5958,0.4042,0.7284
2.5,K2o,0.0,1.0,0.0,7006,-0.7698,0.2302,0.7437
2.5,Q2o,0.0,1.0,0.0,6781,-1.1557,-0.1557,0.6358
2.5,J2o,0.0,1.0,0.0,6850,-1.2134,-0.2134,0.6645
2.5,T2o,1.0,0.0,0.0,0,,,
2.5,92o,1.0,0.0,0.0,0,,,
2.5,82o,1.0,0.0,0.0,0,,,
2.5,72o,1.0,0.0,0.0,0,,,
2.5,62o,1.0,0.0,0.0,0,,,
2.5,52o,1.0,0.0,0.0,0,,,
2.5,42o,1.0,0.0,0.0,0,,,
2.5,32o,1.0,0.0,0.0,0,,,
2.5,22,0.0,0.7259,0.2741,2495,0.1751,1.1751,1.084
2.75,AA,0.0,0.0,1.0,0,,,
2.75,AKs,0.0,0.0,1.0,0,,,
2.75,AQs,0.0,0.0,1.0,0,,,
2.75,AJs,0.0,0.0,1.0,0,,,
2.75,ATs,0.0,0.0,1.0,0,,,
2.75,A9s,0.0,0.0,1.0,0,,,
2.75,A8s,0.0,0.0,1.0,0,,,
2.75,A7s,0.0,0.0,1.0,0,,,
2.75,A6s,0.0,0.0001,0.9999,0,,,
2.75,A5s,0.0,0.0001,0.9999,1,,,
2.75,A4s,0.0,0.0002,0.9998,1,,,
2.75,A3s,0.0,0.0056,0.9944,14,,,
2.75,A2s,0.0,0.0007,0.9993,3,,,
2.75,AKo,0.0,0.0,1.0,0,,,
2.75,KK,0.0,0.0,1.0,0,,,
2.75,KQs,0.0,0.0,1.0,0,,,
2.75,KJs,0.0,0.0,1.0,1,,,
2.75,KTs,0.0,0.0001,0.9999,0,,,
2.75,K9s,0.0,0.9999,0.0,2464,0.1554,1.1554,0.928
2.75,K8s,0.0,1.0,0.0,2457,0.0968,1.0968,0.9358
2.75,K7s,0.0,1.0,0.0,2430,-0.1998,0.8002,0.8469
2.75,K6s,0.0,1.0,0.0,2500,-0.0621,0.9379,0.9206
2.75,K5s,0.0,1.0,0.0,2586,-0.1679,0.8321,0.9047
2.75,K4s,0.0,1.0,0.0,2595,-0.1289,0.8711,0.9376
2.75,K3s,0.0,1.0,0.0,2523,-0.1461,0.8539,0.9332
2.75,K2s,0.0,1.0,0.0,2597,-0.5019,0.4981,0.8191
2.75,AQo,0.0,0.0,1.0,0,,,
2.75,KQo,0.0,0.0,1.0,1,,,
2.75,QQ,0.0,0.0,1.0,0,,,
2.75,QJs,0.0,0.0005,0.9995,2,,,
2.75,QTs,0.0,0.0048,0.9952,13,,,
2.75,Q9s,0.0,1.0,0.0,2441,0.1059,1.1059,0.9659
2.75,Q8s,0.0,1.0,0.0,2439,-0.2694,0.7306,0.8707
2.75,Q7s,0.0,1.0,0.0,2402,-0.2366,0.7634,0.9082
2.75,Q6s,0.0,1.0,0.0,2387,-0.2966,0.7034,0.9076
2.75,Q5s,0.0,1.0,0.0,2473,-0.2558,0.7442,0.9452
2.75,Q4s,0.0,1.0,0.0,2432,-0.7103,0.2897,0.7902
2.75,Q3s,0.0,1.0,0.0,2538,-0.8662,0.1338,0.7394
2.75,Q2s,0.0,1.0,0.0,2562,-0.7947,0.2053,0.7822
2.75,AJo,0.0,0.0,1.0,0,,,
2.75,KJo,0.0,0.3519,0.6481,2593,0.8705,1.8705,1.1223
2.75,QJo,0.0,1.0,0.0,7320,0.4147,1.4147,1.0488
2.75,JJ,0.0,0.0,1.0,0,,,
2.75,JTs,0.0,0.0022,0.9978,4,,,
2.75,J9s,0.0,1.0,0.0,2489,-0.1479,0.8521,0.9255
2.75,J8s,0.0,1.0,0.0,2511,-0.5477,0.4523,0.8223
2.75,J7s,0.0,1.0,0.0,2405,-0.4024,0.5976,0.9036
2.75,J6s,0.0,1.0,0.0,2481,-0.6547,0.3453,0.8482
2.75,J5s,0.0,1.0,0.0,2416,-0.9223,0.0777,0.7489
2.75,J4s,0.0,1.0,0.0,2487,-0.533,0.467,0.9356
2.75,J3s,0.0,1.0,0.0,2525,-0.667,0.333,0.8938
2.75,J2s,0.0,1.0,0.0,2581,-0.8923,0.1077,0.8001
2.75,ATo,0.0,0.0,1.0,0,,,
2.75,KTo,0.0,0.9997,0.0003,7175,0.3584,1.3584,0.9838
2.75,QTo,0.0,1.0,0.0,7436,0.2874,1.2874,1.0257
2.75,JTo,0.0,1.0,0.0,7293,-0.0621,0.9379,0.9639
2.75,TT,0.0,0.0,1.0,0,,,
2.75,T9s,0.0,0.9996,0.0004,2478,-0.0846,0.9154,0.9984
2.75,T8s,0.0,1.0,0.0,2527,-0.408,0.592,0.9152
2.75,T7s,0.0,1.0,0.0,2492,-0.2728,0.7272,1.0034
2.75,T6s,0.0,1.0,0.0,2457,-0.5312,0.4688,0.9386
2.75,T5s,0.0,1.0,0.0,2517,-0.7906,0.2094,0.8706
2.75,T4s,0.0,1.0,0.0,2485,-1.006,-0.006,0.7804
2.75,T3s,0.9926,0.0074,0.0,13,,,
2.75,T2s,0.9997,0.0003,0.0,0,,,
2.75,A9o,0.0,0.0,1.0,0,,,
2.75,K9o,0.0,1.0,0.0,7492,-0.5044,0.4956,0.7467
2.75,Q9o,0.0,1.0,0.0,7495,-0.3211,0.6789,0.8582
2.75,J9o,0.0,1.0,0.0,7237,-0.6264,0.3736,0.8087
2.75,T9o,0.0,1.0,0.0,7414,-0.4589,0.5411,0.9095
2.75,99,0.0,0.0,1.0,0,,,
2.75,98s,0.0,1.0,0.0,2555,-0.0317,0.9683,1.0854
2.75,97s,0.0,1.0,0.0,2477,-0.3648,0.6352,1.0022
2.75,96s,0.0,1.0,0.0,2570,-0.5241,0.4759,0.9633
2.75,95s,0.0001,0.9999,0.0,2437,-0.9007,0.0993,0.8321
2.75,94s,1.0,0.0,0.0,0,,,
2.75,93s,1.0,0.0,0.0,0,,,
2.75,92s,1.0,0.0,0.0,0,,,
2.75,A8o,0.0,0.0,1.0,0,,,
2.75,K8o,0.0,1.0,0.0,7371,-0.5889,0.4111,0.7472
2.75,Q8o,0.0,1.0,0.0,7421,-0.4697,0.5303,0.8392
2.75,J8o,0.0,1.0,0.0,7446,-0.7482,0.2518,0.7853
2.75,T8o,0.0,1.0,0.0,7525,-0.6274,0.3726,0.8784
2.75,98o,0.0,1.0,0.0,7312,-0.5536,0.4464,0.9417
2.75,88,0.0,0.0,1.0,0,,,
2.75,87s,0.0,1.0,0.0,2525,-0.6918,0.3082,0.8744
2.75,86s,0.0,1.0,0.0,2507,-0.2606,0.7394,1.0935
2.75,85s,0.9993,0.0007,0.0,2,,,
2.75,84s,1.0,0.0,0.0,0,,,
2.75,83s,1.0,0.0,0.0,0,,,
2.75,82s,1.0,0.0,0.0,0,,,
2.75,A7o,0.0,0.0001,0.9999,1,,,
2.75,K7o,0.0,1.0,0.0,7343,-0.712,0.288,0.7191
2.75,Q7o,0.0,1.0,0.0,7521,-0.6823,0.3177,0.8007
2.75,J7o,0.0,1.0,0.0,7352,-0.8043,0.1957,0.804
2.75,T7o,0.0,1.0,0.0,7433,-0.9039,0.0961,0.8047
2.75,97o,0.0,1.0,0.0,7389,-0.9045,0.0955,0.8258
2.75,87o,0.9988,0.0012,0.0,7,,,
2.75,77,0.0,0.0,1.0,0,,,
2.75,76s,0.0,1.0,0.0,2575,-0.4608,0.5392,1.015
2.75,75s,0.9997,0.0003,0.0,1,,,
2.75,74s,1.0,0.0,0.0,0,,,
2.75,73s,1.0,0.0,0.0,0,,,
2.75,72s,1.0,0.0,0.0,0,,,
2.75,A6o,0.0,0.6097,0.3903,4499,-0.2796,0.7204,0.8142
2.75,K6o,0.0,1.0,0.0,7340,-0.5506,0.4494,0.7867
2.75,Q6o,0.0,1.0,0.0,7411,-0.8494,0.1506,0.7453
2.75,J6o,0.0,1.0,0.0,7378,-0.9614,0.0386,0.7728
2.75,T6o,0.0433,0.9567,0.0,7191,-1.0772,-0.0772,0.7653
2.75,96o,0.9999,0.0001,0.0,1,,,
2.75,86o,1.0,0.0,0.0,0,,,
2.75,76o,1.0,0.0,0.0,0,,,
2.75,66,0.0,0.0,1.0,0,,,
2.75,65s,0.9995,0.0005,0.0,1,,,
2.75,64s,1.0,0.0,0.0,0,,,
2.75,63s,1.0,0.0,0.0,0,,,
2.75,62s,1.0,0.0,0.0,0,,,
2.75,A5o,0.0,0.9995,0.0005,7426,-0.3652,0.6348,0.7928
2.75,K5o,0.0,1.0,0.0,7477,-0.6994,0.3006,0.7532
2.75,Q5o,0.0,1.0,0.0,7433,-0.8326,0.1674,0.774
2.75,J5o,0.0,1.0,0.0,7464,-1.0407,-0.0407,0.7567
2.75,T5o,1.0,0.0,0.0,1,,,
2.75,95o,1.0,0.0,0.0,1,,,
2.75,85o,1.0,0.0,0.0,0,,,
2.75,75o,1.0,0.0,0.0,0,,,
2.75,65o,1.0,0.0,0.0,0,,,
2.75,55,0.0,0.0,1.0,0,,,
2.75,54s,1.0,0.0,0.0,0,,,
2.75,53s,1.0,0.0,0.0,0,,,
2.75,52s,1.0,0.0,0.0,0,,,
2.75,A4o,0.0,1.0,0.0,7582,-0.2706,0.7294,0.8324
2.75,K4o,0.0,1.0,0.0,7517,-0.7913,0.2087,0.737
2.75,Q4o,0.0,1.0,0.0,7407,-0.9644,0.0356,0.738
2.75,J4o,0.0,1.0,0.0,7525,-1.2858,-0.2858,0.6604
2.75,T4o,1.0,0.0,0.0,0,,,
2.75,94o,1.0,0.0,0.0,0,,,
2.75,84o,1.0,0.0,0.0,0,,,
2.75,74o,1.0,0.0,0.0,0,,,
2.75,64o,1.0,0.0,0.0,0,,,
2.75,54o,1.0,0.0,0.0,0,,,
2.75,44,0.0,0.0001,0.9999,0,,,
2.75,43s,1.0,0.0,0.0,0,,,
2.75,42s,1.0,0.0,0.0,0,,,
2.75,A3o,0.0,1.0,0.0,7648,-0.351,0.649,0.8211
2.75,K3o,0.0,1.0,0.0,7498,-0.8457,0.1543,0.73
2.75,Q3o,0.0,1.0,0.0,7649,-1.121,-0.121,0.6853
2.75,J3o,0.9998,0.0002,0.0,1,,,
2.75,T3o,1.0,0.0,0.0,0,,,
2.75,93o,1.0,0.0,0.0,0,,,
2.75,83o,1.0,0.0,0.0,0,,,
2.75,73o,1.0,0.0,0.0,0,,,
2.75,63o,1.0,0.0,0.0,0,,,
2.75,53o,1.0,0.0,0.0,0,,,
2.75,43o,1.0,0.0,0.0,0,,,
2.75,33,0.0,0.0003,0.9997,0,,,
2.75,32s,1.0,0.0,0.0,0,,,
2.75,A2o,0.0,1.0,0.0,7746,-0.8064,0.1936,0.6778
2.75,K2o,0.0,1.0,0.0,7420,-1.0585,-0.0585,0.6619
2.75,Q2o,0.0,1.0,0.0,7416,-1.1533,-0.1533,0.6805
2.75,J2o,1.0,0.0,0.0,0,,,
2.75,T2o,1.0,0.0,0.0,0,,,
2.75,92o,1.0,0.0,0.0,0,,,
2.75,82o,1.0,0.0,0.0,0,,,
2.75,72o,1.0,0.0,0.0,0,,,
2.75,62o,1.0,0.0,0.0,0,,,
2.75,52o,1.0,0.0,0.0,0,,,
2.75,42o,1.0,0.0,0.0,0,,,
2.75,32o,1.0,0.0,0.0,0,,,
2.75,22,0.0,0.0002,0.9998,1,,,
3.0,AA,0.0,0.0,1.0,0,,,
3.0,AKs,0.0,0.0,1.0,0,,,
3.0,AQs,0.0,0.0,1.0,0,,,
3.0,AJs,0.0,0.0,1.0,0,,,
3.0,ATs,0.0,0.0,1.0,0,,,
3.0,A9s,0.0,0.0,1.0,0,,,
3.0,A8s,0.0,0.0,1.0,0,,,
3.0,A7s,0.0,0.0,1.0,0,,,
3.0,A6s,0.0,0.0001,0.9999,0,,,
3.0,A5s,0.0,0.0001,0.9999,1,,,
3.0,A4s,0.0,0.0002,0.9998,1,,,
3.0,A3s,0.0,0.002,0.998,6,,,
3.0,A2s,0.0,0.0019,0.9981,7,,,
3.0,AKo,0.0,0.0,1.0,0,,,
3.0,KK,0.0,0.0,1.0,0,,,
3.0,KQs,0.0,0.0,1.0,0,,,
3.0,KJs,0.0,0.0,1.0,0,,,
3.0,KTs,0.0,0.0001,0.9999,0,,,
3.0,K9s,0.0,1.0,0.0,2503,0.3537,1.3537,0.9785
3.0,K8s,0.0,1.0,0.0,2493,0.1316,1.1316,0.9352
3.0,K7s,0.0,1.0,0.0,2472,-0.3623,0.6377,0.7997
3.0,K6s,0.0,1.0,0.0,2551,-0.036,0.964,0.9156
3.0,K5s,0.0,1.0,0.0,2568,-0.3978,0.6022,0.8137
3.0,K4s,0.0,1.0,0.0,2617,-0.3366,0.6634,0.8638
3.0,K3s,0.0,1.0,0.0,2560,-0.5405,0.4595,0.7984
3.0,K2s,0.0,1.0,0.0,2610,-0.5341,0.4659,0.8136
3.0,AQo,0.0,0.0,1.0,0,,,
3.0,KQo,0.0,0.0,1.0,0,,,
3.0,QQ,0.0,0.0,1.0,0,,,
3.0,QJs,0.0,0.0009,0.9991,2,,,
3.0,QTs,0.0,0.5408,0.4592,1353,,,
3.0,Q9s,0.0,1.0,0.0,2489,0.4011,1.4011,1.0436
3.0,Q8s,0.0,1.0,0.0,2441,-0.3489,0.6511,0.8367
3.0,Q7s,0.0,1.0,0.0,2404,0.0998,1.0998,1.0161
3.0,Q6s,0.0,1.0,0.0,2467,-0.4455,0.5545,0.843
3.0,Q5s,0.0,1.0,0.0,2472,-0.4831,0.5169,0.8553
3.0,Q4s,0.0,1.0,0.0,2579,-0.5858,0.4142,0.8367
3.0,Q3s,0.0,1.0,0.0,2507,-0.7538,0.2462,0.7902
3.0,Q2s,0.0,1.0,0.0,2619,-0.4858,0.5142,0.8953
3.0,AJo,0.0,0.0,1.0,0,,,
3.0,KJo,0.0,0.0001,0.9999,1,,,
3.0,QJo,0.0,1.0,0.0,7426,0.5838,1.5838,1.0749
3.0,JJ,0.0,0.0,1.0,0,,,
3.0,JTs,0.0,1.0,0.0,2494,0.6084,1.6084,1.1124
3.0,J9s,0.0,1.0,0.0,2617,0.011,1.011,0.9656
3.0,J8s,0.0,1.0,0.0,2443,-0.2586,0.7414,0.9128
3.0,J7s,0.0,1.0,0.0,2471,-0.4134,0.5866,0.8893
3.0,J6s,0.0,1.0,0.0,2487,-0.6077,0.3923,0.8578
3.0,J5s,0.0,1.0,0.0,2432,-0.6692,0.3308,0.8481
3.0,J4s,0.0,1.0,0.0,2495,-0.8007,0.1993,0.8315
3.0,J3s,0.0,1.0,0.0,2597,-0.947,0.053,0.7794
3.0,J2s,0.0,1.0,0.0,2480,-0.9693,0.0307,0.788
3.0,ATo,0.0,0.0,1.0,0,,,
3.0,KTo,0.0,0.9995,0.0005,7282,0.5867,1.5867,1.0343
3.0,QTo,0.0,1.0,0.0,7560,0.1874,1.1874,0.9733
3.0,JTo,0.0,1.0,0.0,7365,0.0706,1.0706,0.9918
3.0,TT,0.0,0.0,1.0,0,,,
3.0,T9s,0.0,1.0,0.0,2590,-0.1786,0.8214,0.949
3.0,T8s,0.0,1.0,0.0,2496,-0.2957,0.7043,0.9388
3.0,T7s,0.0,1.0,0.0,2477,-0.3033,0.6967,0.9739
3.0,T6s,0.0,1.0,0.0,2532,-0.5567,0.4433,0.9196
3.0,T5s,0.0,1.0,0.0,2451,-0.7401,0.2599,0.8882
3.0,T4s,0.0009,0.9991,0.0,2555,-1.0618,-0.0618,0.7706
3.0,T3s,0.9999,0.0001,0.0,0,,,
3.0,T2s,1.0,0.0,0.0,0,,,
3.0,A9o,0.0,0.0,1.0,0,,,
3.0,K9o,0.0,1.0,0.0,7593,-0.4439,0.5561,0.7708
3.0,Q9o,0.0,1.0,0.0,7491,-0.3713,0.6287,0.8383
3.0,J9o,0.0,1.0,0.0,7398,-0.5056,0.4944,0.8458
3.0,T9o,0.0,1.0,0.0,7570,-0.3713,0.6287,0.931
3.0,99,0.0,0.0,1.0,0,,,
3.0,98s,0.0,1.0,0.0,2495,-0.1426,0.8574,1.0241
3.0,97s,0.0,1.0,0.0,2579,-0.2826,0.7174,1.008
3.0,96s,0.0,1.0,0.0,2453,-0.6013,0.3987,0.9244
3.0,95s,0.9996,0.0004,0.0,0,,,
3.0,94s,1.0,0.0,0.0,0,,,
3.0,93s,1.0,0.0,0.0,0,,,
3.0,92s,1.0,0.0,0.0,0,,,
3.0,A8o,0.0,0.0,1.0,1,,,
3.0,K8o,0.0,1.0,0.0,7515,-0.4555,0.5445,0.7952
3.0,Q8o,0.0,1.0,0.0,7517,-0.7233,0.2767,0.755
3.0,J8o,0.0,1.0,0.0,7561,-0.8386,0.1614,0.7633
3.0,T8o,0.0,1.0,0.0,7560,-0.7475,0.2525,0.8315
3.0,98o,0.0,1.0,0.0,7479,-0.7618,0.2382,0.8582
3.0,88,0.0,0.0,1.0,0,,,
3.0,87s,0.0,1.0,0.0,2535,-0.3111,0.6889,1.0201
3.0,86s,0.0,1.0,0.0,2527,-0.3375,0.6625,1.044
3.0,85s,0.9999,0.0001,0.0,0,,,
3.0,84s,1.0,0.0,0.0,0,,,
3.0,83s,1.0,0.0,0.0,0,,,
3.0,82s,1.0,0.0,0.0,0,,,
3.0,A7o,0.0,0.0001,0.9999,0,,,
3.0,K7o,0.0,1.0,0.0,7360,-0.504,0.496,0.7914
3.0,Q7o,0.0,1.0,0.0,7587,-0.9046,0.0954,0.7253
3.0,J7o,0.0,1.0,0.0,7430,-0.7975,0.2025,0.8188
3.0,T7o,0.0,1.0,0.0,7447,-0.8238,0.1762,0.8451
3.0,97o,0.0007,0.9993,0.0,7502,-0.9245,0.0755,0.834
3.0,87o,0.9998,0.0002,0.0,1,,,
3.0,77,0.0,0.0,1.0,0,,,
3.0,76s,0.0003,0.9997,0.0,2542,-0.6273,0.3727,0.94
3.0,75s,1.0,0.0,0.0,0,,,
3.0,74s,1.0,0.0,0.0,0,,,
3.0,73s,1.0,0.0,0.0,0,,,
3.0,72s,1.0,0.0,0.0,0,,,
3.0,A6o,0.0,0.999,0.001,7514,-0.4685,0.5315,0.7573
3.0,K6o,0.0,1.0,0.0,7391,-0.5592,0.4408,0.7891
3.0,Q6o,0.0,1.0,0.0,7605,-0.7005,0.2995,0.8103
3.0,J6o,0.0,1.0,0.0,7355,-0.9217,0.0783,0.7935
3.0,T6o,0.9996,0.0004,0.0,2,,,
3.0,96o,1.0,0.0,0.0,0,,,
3.0,86o,1.0,0.0,0.0,1,,,
3.0,76o,1.0,0.0,0.0,0,,,
3.0,66,0.0,0.0,1.0,0,,,
3.0,65s,1.0,0.0,0.0,0,,,
3.0,64s,1.0,0.0,0.0,0,,,
3.0,63s,1.0,0.0,0.0,0,,,
3.0,62s,1.0,0.0,0.0,0,,,
3.0,A5o,0.0,1.0,0.0,7517,-0.2636,0.7364,0.8215
3.0,K5o,0.0,1.0,0.0,7547,-0.864,0.136,0.7056
3.0,Q5o,0.0,1.0,0.0,7486,-1.0428,-0.0428,0.7071
3.0,J5o,0.0,1.0,0.0,7473,-0.9885,0.0115,0.7913
3.0,T5o,1.0,0.0,0.0,0,,,
3.0,95o,1.0,0.0,0.0,0,,,
3.0,85o,1.0,0.0,0.0,0,,,
3.0,75o,1.0,0.0,0.0,0,,,
3.0,65o,1.0,0.0,0.0,0,,,
3.0,55,0.0,0.0,1.0,0,,,
3.0,54s,1.0,0.0,0.0,0,,,
3.0,53s,1.0,0.0,0.0,0,,,
3.0,52s,1.0,0.0,0.0,0,,,
3.0,A4o,0.0,1.0,0.0,7630,-0.3592,0.6408,0.8079
3.0,K4o,0.0,1.0,0.0,7579,-0.9498,0.0502,0.6946
3.0,Q4o,0.0,1.0,0.0,7523,-0.8815,0.1185,0.784
3.0,J4o,0.4674,0.5326,0.0,4022,-1.0325,-0.0325,0.7924
3.0,T4o,1.0,0.0,0.0,0,,,
3.0,94o,1.0,0.0,0.0,0,,,
3.0,84o,1.0,0.0,0.0,0,,,
3.0,74o,1.0,0.0,0.0,0,,,
3.0,64o,1.0,0.0,0.0,0,,,
3.0,54o,1.0,0.0,0.0,0,,,
3.0,44,0.0,0.0002,0.9998,0,,,
3.0,43s,1.0,0.0,0.0,0,,,
3.0,42s,1.0,0.0,0.0,0,,,
3.0,A3o,0.0,1.0,0.0,7649,-0.4242,0.5758,0.7998
3.0,K3o,0.0,1.0,0.0,7625,-0.9489,0.0511,0.7094
3.0,Q3o,0.0,1.0,0.0,7584,-1.1696,-0.1696,0.6882
3.0,J3o,1.0,0.0,0.0,0,,,
3.0,T3o,1.0,0.0,0.0,0,,,
3.0,93o,1.0,0.0,0.0,0,,,
3.0,83o,1.0,0.0,0.0,0,,,
3.0,73o,1.0,0.0,0.0,0,,,
3.0,63o,1.0,0.0,0.0,0,,,
3.0,53o,1.0,0.0,0.0,0,,,
3.0,43o,1.0,0.0,0.0,0,,,
3.0,33,0.0,0.7811,0.2189,3117,0.1301,1.1301,1.0105
3.0,32s,1.0,0.0,0.0,0,,,
3.0,A2o,0.0,1.0,0.0,7810,-0.5922,0.4078,0.763
3.0,K2o,0.0,1.0,0.0,7610,-1.0673,-0.0673,0.6769
3.0,Q2o,0.0,1.0,0.0,7630,-1.2166,-0.2166,0.6858
3.0,J2o,1.0,0.0,0.0,0,,,
3.0,T2o,1.0,0.0,0.0,0,,,
3.0,92o,1.0,0.0,0.0,0,,,
3.0,82o,1.0,0.0,0.0,0,,,
3.0,72o,1.0,0.0,0.0,0,,,
3.0,62o,1.0,0.0,0.0,0,,,
3.0,52o,1.0,0.0,0.0,0,,,
3.0,42o,1.0,0.0,0.0,0,,,
3.0,32o,1.0,0.0,0.0,0,,,
3.0,22,0.0,0.7463,0.2537,2860,0.3354,1.3354,1.1303
3.5,AA,0.0,0.0,1.0,0,,,
3.5,AKs,0.0,0.0,1.0,0,,,
3.5,AQs,0.0,0.0,1.0,0,,,
3.5,AJs,0.0,0.0,1.0,0,,,
3.5,ATs,0.0,0.0,1.0,0,,,
3.5,A9s,0.0,0.0,1.0,0,,,
3.5,A8s,0.0,0.0,1.0,0,,,
3.5,A7s,0.0,0.0,1.0,0,,,
3.5,A6s,0.0,0.0001,0.9999,0,,,
3.5,A5s,0.0,0.0002,0.9998,2,,,
3.5,A4s,0.0,0.0015,0.9985,5,,,
3.5,A3s,0.0,0.0142,0.9858,43,,,
3.5,A2s,0.0,0.0036,0.9964,4,,,
3.5,AKo,0.0,0.0,1.0,0,,,
3.5,KK,0.0,0.0,1.0,0,,,
3.5,KQs,0.0,0.0,1.0,0,,,
3.5,KJs,0.0,0.0,1.0,0,,,
3.5,KTs,0.0,0.0001,0.9999,0,,,
3.5,K9s,0.0,1.0,0.0,3044,0.3299,1.3299,0.9548
3.5,K8s,0.0,1.0,0.0,3016,-0.1107,0.8893,0.8668
3.5,K7s,0.0,1.0,0.0,3073,-0.1262,0.8738,0.8836
3.5,K6s,0.0,1.0,0.0,3124,-0.2009,0.7991,0.8744
3.5,K5s,0.0,1.0,0.0,3110,-0.2682,0.7318,0.8814
3.5,K4s,0.0,1.0,0.0,3170,-0.0498,0.9502,0.9529
3.5,K3s,0.0,1.0,0.0,3086,-0.4735,0.5265,0.8487
3.5,K2s,0.0,1.0,0.0,3037,-0.7192,0.2808,0.7959
3.5,AQo,0.0,0.0,1.0,0,,,
3.5,KQo,0.0,0.0,1.0,1,,,
3.5,QQ,0.0,0.0,1.0,0,,,
3.5,QJs,0.0,0.0009,0.9991,1,,,
3.5,QTs,0.0,0.8796,0.1204,2618,0.6818,1.6818,1.0528
3.5,Q9s,0.0,1.0,0.0,2936,0.4438,1.4438,1.0336
3.5,Q8s,0.0,1.0,0.0,2993,0.0341,1.0341,0.9601
3.5,Q7s,0.0,1.0,0.0,3118,-0.5041,0.4959,0.8469
3.5,Q6s,0.0,1.0,0.0,2997,-0.583,0.417,0.8385
3.5,Q5s,0.0,1.0,0.0,3043,-0.6606,0.3394,0.8268
3.5,Q4s,0.0,1.0,0.0,3116,-0.6265,0.3735,0.8596
3.5,Q3s,0.0,1.0,0.0,3049,-0.6963,0.3037,0.8457
3.5,Q2s,0.0,1.0,0.0,3140,-0.7181,0.2819,0.8555
3.5,AJo,0.0,0.0,1.0,0,,,
3.5,KJo,0.0,0.3798,0.6202,3494,0.967,1.967,1.0852
3.5,QJo,0.0,1.0,0.0,8860,0.5772,1.5772,1.0486
3.5,JJ,0.0,0.0,1.0,0,,,
3.5,JTs,0.0,1.0,0.0,3055,0.143,1.143,0.9637
3.5,J9s,0.0,1.0,0.0,3088,0.2313,1.2313,1.0295
3.5,J8s,0.0,1.0,0.0,3006,-0.4841,0.5159,0.865
3.5,J7s,0.0,1.0,0.0,2941,-0.6066,0.3934,0.8598
3.5,J6s,0.0,1.0,0.0,2939,-0.5769,0.4231,0.9007
3.5,J5s,0.0,1.0,0.0,3169,-0.6111,0.3889,0.9083
3.5,J4s,0.0008,0.9992,0.0,3110,-0.9505,0.0495,0.8213
3.5,J3s,0.9999,0.0001,0.0,0,,,
3.5,J2s,1.0,0.0,0.0,0,,,
3.5,ATo,0.0,0.0,1.0,0,,,
3.5,KTo,0.0,0.9998,0.0002,9020,0.6501,1.6501,1.0327
3.5,QTo,0.0,1.0,0.0,9117,0.4566,1.4566,1.0411
3.5,JTo,0.0,1.0,0.0,9117,0.0978,1.0978,1.0038
3.5,TT,0.0,0.0,1.0,0,,,
3.5,T9s,0.0,1.0,0.0,3111,0.2277,1.2277,1.0727
3.5,T8s,0.0,1.0,0.0,3129,-0.1768,0.8232,0.9867
3.5,T7s,0.0,1.0,0.0,3099,-0.33,0.67,0.9858
3.5,T6s,0.0,1.0,0.0,3013,-0.7575,0.2425,0.8952
3.5,T5s,1.0,0.0,0.0,0,,,
3.5,T4s,1.0,0.0,0.0,0,,,
3.5,T3s,1.0,0.0,0.0,0,,,
3.5,T2s,1.0,0.0,0.0,0,,,
3.5,A9o,0.0,0.0,1.0,0,,,
3.5,K9o,0.0,1.0,0.0,9013,-0.389,0.611,0.8054
3.5,Q9o,0.0,1.0,0.0,9227,-0.5244,0.4756,0.8156
3.5,J9o,0.0,1.0,0.0,9012,-0.3488,0.6512,0.917
3.5,T9o,0.0,1.0,0.0,9203,-0.3787,0.6213,0.9522
3.5,99,0.0,0.0,1.0,0,,,
3.5,98s,0.0,1.0,0.0,3076,-0.4472,0.5528,0.934
3.5,97s,0.0,1.0,0.0,2996,-0.6479,0.3521,0.9104
3.5,96s,0.9997,0.0003,0.0,1,,,
3.5,95s,1.0,0.0,0.0,0,,,
3.5,94s,1.0,0.0,0.0,0,,,
3.5,93s,1.0,0.0,0.0,0,,,
3.5,92s,1.0,0.0,0.0,0,,,
3.5,A8o,0.0,0.0,1.0,0,,,
3.5,K8o,0.0,1.0,0.0,9314,-0.7008,0.2992,0.7512
3.5,Q8o,0.0,1.0,0.0,8865,-0.5875,0.4125,0.8332
3.5,J8o,0.0,1.0,0.0,8990,-0.9324,0.0676,0.7806
3.5,T8o,0.0,1.0,0.0,9305,-0.7085,0.2915,0.8869
3.5,98o,0.9995,0.0005,0.0,5,,,
3.5,88,0.0,0.0,1.0,0,,,
3.5,87s,0.8665,0.1335,0.0,399,,,
3.5,86s,0.9999,0.0001,0.0,2,,,
3.5,85s,1.0,0.0,0.0,0,,,
3.5,84s,1.0,0.0,0.0,0,,,
3.5,83s,1.0,0.0,0.0,0,,,
3.5,82s,1.0,0.0,0.0,0,,,
3.5,A7o,0.0,0.0001,0.9999,1,,,
3.5,K7o,0.0,1.0,0.0,9131,-0.7462,0.2538,0.7542
3.5,Q7o,0.0,1.0,0.0,8904,-1.0703,-0.0703,0.7265
3.5,J7o,0.0,1.0,0.0,9141,-1.081,-0.081,0.7698
3.5,T7o,0.9999,0.0001,0.0,3,,,
3.5,97o,1.0,0.0,0.0,0,,,
3.5,87o,1.0,0.0,0.0,0,,,
3.5,77,0.0,0.0,1.0,0,,,
3.5,76s,1.0,0.0,0.0,1,,,
3.5,75s,1.0,0.0,0.0,0,,,
3.5,74s,1.0,0.0,0.0,0,,,
3.5,73s,1.0,0.0,0.0,0,,,
3.5,72s,1.0,0.0,0.0,0,,,
3.5,A6o,0.0,0.9999,0.0001,8979,-0.4085,0.5915,0.796
3.5,K6o,0.0,1.0,0.0,9254,-0.6678,0.3322,0.7869
3.5,Q6o,0.0,1.0,0.0,8954,-0.9857,0.0143,0.7609
3.5,J6o,1.0,0.0,0.0,0,,,
3.5,T6o,1.0,0.0,0.0,0,,,
3.5,96o,1.0,0.0,0.0,0,,,
3.5,86o,1.0,0.0,0.0,0,,,
3.5,76o,1.0,0.0,0.0,0,,,
3.5,66,0.0,0.0,1.0,0,,,
3.5,65s,1.0,0.0,0.0,0,,,
3.5,64s,1.0,0.0,0.0,0,,,
3.5,63s,1.0,0.0,0.0,0,,,
3.5,62s,1.0,0.0,0.0,0,,,
3.5,A5o,0.0,1.0,0.0,9155,-0.2605,0.7395,0.8379
3.5,K5o,0.0,1.0,0.0,9122,-0.7572,0.2428,0.7795
3.5,Q5o,0.0,1.0,0.0,9090,-0.9669,0.0331,0.7904
3.5,J5o,1.0,0.0,0.0,0,,,
3.5,T5o,1.0,0.0,0.0,0,,,
3.5,95o,1.0,0.0,0.0,0,,,
3.5,85o,1.0,0.0,0.0,0,,,
3.5,75o,1.0,0.0,0.0,1,,,
3.5,65o,1.0,0.0,0.0,0,,,
3.5,55,0.0,0.0001,0.9999,3,,,
3.5,54s,1.0,0.0,0.0,0,,,
3.5,53s,1.0,0.0,0.0,0,,,
3.5,52s,1.0,0.0,0.0,0,,,
3.5,A4o,0.0,1.0,0.0,9264,-0.6209,0.3791,0.7585
3.5,K4o,0.0,1.0,0.0,9252,-1.0856,-0.0856,0.7063
3.5,Q4o,0.0,1.0,0.0,9130,-1.1915,-0.1915,0.737
3.5,J4o,1.0,0.0,0.0,0,,,
3.5,T4o,1.0,0.0,0.0,0,,,
3.5,94o,1.0,0.0,0.0,0,,,
3.5,84o,1.0,0.0,0.0,0,,,
3.5,74o,1.0,0.0,0.0,0,,,
3.5,64o,1.0,0.0,0.0,0,,,
3.5,54o,1.0,0.0,0.0,0,,,
3.5,44,0.0,0.0002,0.9998,0,,,
3.5,43s,1.0,0.0,0.0,0,,,
3.5,42s,1.0,0.0,0.0,0,,,
3.5,A3o,0.0,1.0,0.0,9270,-0.7259,0.2741,0.7396
3.5,K3o,0.0,1.0,0.0,9254,-1.1522,-0.1522,0.6994
3.5,Q3o,0.008,0.992,0.0,9249,-1.2591,-0.2591,0.7296
3.5,J3o,1.0,0.0,0.0,0,,,
3.5,T3o,1.0,0.0,0.0,0,,,
3.5,93o,1.0,0.0,0.0,0,,,
3.5,83o,1.0,0.0,0.0,0,,,
3.5,73o,1.0,0.0,0.0,0,,,
3.5,63o,1.0,0.0,0.0,0,,,
3.5,53o,1.0,0.0,0.0,0,,,
3.5,43o,1.0,0.0,0.0,0,,,
3.5,33,0.0,0.8021,0.1979,3866,0.3202,1.3202,1.0611
3.5,32s,1.0,0.0,0.0,0,,,
3.5,A2o,0.0,1.0,0.0,9473,-0.8224,0.1776,0.7293
3.5,K2o,0.0,1.0,0.0,9143,-1.1584,-0.1584,0.7102
3.5,Q2o,1.0,0.0,0.0,0,,,
3.5,J2o,1.0,0.0,0.0,0,,,
3.5,T2o,1.0,0.0,0.0,0,,,
3.5,92o,1.0,0.0,0.0,0,,,
3.5,82o,1.0,0.0,0.0,0,,,
3.5,72o,1.0,0.0,0.0,0,,,
3.5,62o,1.0,0.0,0.0,0,,,
3.5,52o,1.0,0.0,0.0,0,,,
3.5,42o,1.0,0.0,0.0,0,,,
3.5,32o,1.0,0.0,0.0,0,,,
3.5,22,0.0,0.6581,0.3419,3133,0.4281,1.4281,1.1422
