hand,combos,btn_raise,bb_fold,bb_call,bb_3bet,btn_vs_3bet_fold,btn_vs_3bet_call,btn_vs_3bet_jam,bb_vs_jam_call
AA,6,1.0,0.0,0.0,1.0,0.0,0.0,1.0,1.0
AKs,4,1.0,0.0,0.0,1.0,0.0,0.0,1.0,1.0
AQs,4,1.0,0.0,0.0,1.0,0.0,0.001,0.999,1.0
AJs,4,1.0,0.0,0.0,1.0,0.0,1.0,0.0,0.999
ATs,4,1.0,0.0,0.0,1.0,0.0,1.0,0.0,0.0
A9s,4,1.0,0.0,0.0,1.0,0.0,1.0,0.0,0.0
A8s,4,1.0,0.0,0.0,1.0,0.0,1.0,0.0,0.0
A7s,4,1.0,0.0,0.0,1.0,0.0,1.0,0.0,0.0
A6s,4,1.0,0.0,0.42,0.58,0.0,1.0,0.0,0.0
A5s,4,1.0,0.0,0.908,0.092,0.0,0.975,0.025,0.0
A4s,4,1.0,0.0,0.996,0.004,0.0,0.994,0.006,0.0
A3s,4,1.0,0.0,0.992,0.008,0.0,0.998,0.002,0.0
A2s,4,1.0,0.0,0.017,0.983,0.0,1.0,0.0,0.0
AKo,12,1.0,0.0,0.0,1.0,0.0,0.0,1.0,1.0
KK,6,1.0,0.0,0.0,1.0,0.0,0.0,1.0,1.0
KQs,4,1.0,0.0,0.0,1.0,0.0,0.0,1.0,0.0
KJs,4,1.0,0.0,0.0,1.0,0.0,0.0,1.0,0.0
KTs,4,1.0,0.0,0.002,0.998,0.0,0.0,1.0,0.0
K9s,4,1.0,0.0,1.0,0.0,0.0,1.0,0.0,0.002
K8s,4,1.0,0.0,1.0,0.0,0.001,0.999,0.0,0.048
K7s,4,1.0,0.0,1.0,0.0,0.003,0.997,0.0,0.09
K6s,4,1.0,0.0,1.0,0.0,0.004,0.988,0.008,0.122
K5s,4,1.0,0.0,1.0,0.0,0.366,0.633,0.001,0.208
K4s,4,1.0,0.0,1.0,0.0,0.999,0.001,0.0,0.264
K3s,4,1.0,0.0,1.0,0.0,1.0,0.0,0.0,0.061
K2s,4,1.0,0.0,1.0,0.0,1.0,0.0,0.0,0.104
AQo,12,1.0,0.0,0.0,1.0,0.0,1.0,0.0,0.061
KQo,12,1.0,0.0,0.0,1.0,0.0,0.429,0.571,0.0
QQ,6,1.0,0.0,0.0,1.0,0.0,0.0,1.0,1.0
QJs,4,1.0,0.0,0.313,0.687,0.0,0.0,1.0,0.0
QTs,4,1.0,0.0,0.999,0.001,0.0,0.0,1.0,0.001
Q9s,4,1.0,0.0,1.0,0.0,0.0,1.0,0.0,0.011
Q8s,4,1.0,0.0,1.0,0.0,0.002,0.998,0.0,0.134
Q7s,4,1.0,0.0,1.0,0.0,0.997,0.003,0.0,0.177
Q6s,4,1.0,0.0,1.0,0.0,0.961,0.039,0.0,0.122
Q5s,4,1.0,0.0,1.0,0.0,0.999,0.001,0.0,0.155
Q4s,4,1.0,0.0,1.0,0.0,1.0,0.0,0.0,0.15
Q3s,4,1.0,0.0,1.0,0.0,1.0,0.0,0.0,0.065
Q2s,4,1.0,0.0,1.0,0.0,1.0,0.0,0.0,0.008
AJo,12,1.0,0.0,0.0,1.0,0.0,1.0,0.0,0.0
KJo,12,1.0,0.0,0.265,0.735,0.0,1.0,0.0,0.0
QJo,12,1.0,0.0,1.0,0.0,0.0,1.0,0.0,0.001
JJ,6,1.0,0.0,0.0,1.0,0.0,0.0,1.0,1.0
JTs,4,1.0,0.0,0.542,0.458,0.0,0.393,0.607,0.0
J9s,4,1.0,0.0,1.0,0.0,0.0,1.0,0.0,0.001
J8s,4,1.0,0.0,1.0,0.0,0.003,0.997,0.0,0.003
J7s,4,1.0,0.0,1.0,0.0,0.994,0.006,0.0,0.024
J6s,4,1.0,0.0,1.0,0.0,1.0,0.0,0.0,0.001
J5s,4,1.0,0.0,1.0,0.0,1.0,0.0,0.0,0.001
J4s,4,1.0,0.0,1.0,0.0,1.0,0.0,0.0,0.001
J3s,4,1.0,0.0,1.0,0.0,1.0,0.0,0.0,0.001
J2s,4,0.999,0.0,1.0,0.0,1.0,0.0,0.0,0.003
ATo,12,1.0,0.0,0.0,1.0,0.0,1.0,0.0,0.0
KTo,12,1.0,0.0,1.0,0.0,0.0,1.0,0.0,0.001
QTo,12,1.0,0.0,1.0,0.0,0.001,0.999,0.0,0.008
JTo,12,1.0,0.0,0.999,0.001,0.002,0.998,0.0,0.0
TT,6,1.0,0.0,0.0,1.0,0.0,0.214,0.786,1.0
T9s,4,1.0,0.0,0.003,0.997,0.0,1.0,0.0,0.0
T8s,4,1.0,0.0,0.927,0.072,0.002,0.998,0.0,0.0
T7s,4,1.0,0.0,0.998,0.002,0.982,0.018,0.0,0.0
T6s,4,1.0,0.0,0.998,0.002,1.0,0.0,0.0,0.0
T5s,4,0.999,0.0,1.0,0.0,1.0,0.0,0.0,0.001
T4s,4,0.998,0.0,1.0,0.0,1.0,0.0,0.0,0.001
T3s,4,0.984,0.0,1.0,0.0,1.0,0.0,0.0,0.0
T2s,4,0.0,0.0,0.333,0.667,0.933,0.066,0.001,0.0
A9o,12,1.0,0.0,0.0,1.0,0.0,1.0,0.0,0.0
K9o,12,1.0,0.0,1.0,0.0,1.0,0.0,0.0,0.053
Q9o,12,1.0,0.0,1.0,0.0,1.0,0.0,0.0,0.33
J9o,12,1.0,0.0,1.0,0.0,1.0,0.0,0.0,0.029
T9o,12,1.0,0.0,1.0,0.0,0.938,0.062,0.0,0.001
99,6,1.0,0.0,0.0,1.0,0.0,1.0,0.0,0.431
98s,4,1.0,0.0,0.012,0.988,0.001,0.999,0.0,0.0
97s,4,1.0,0.0,1.0,0.0,0.95,0.05,0.0,0.0
96s,4,0.999,0.0,1.0,0.0,1.0,0.0,0.0,0.0
95s,4,0.646,0.0,1.0,0.0,1.0,0.0,0.0,0.022
94s,4,0.0,0.0,1.0,0.0,0.976,0.021,0.003,0.025
93s,4,0.0,0.0,1.0,0.0,0.821,0.145,0.034,0.024
92s,4,0.0,0.0,1.0,0.0,0.825,0.134,0.042,0.023
A8o,12,1.0,0.0,0.0,1.0,0.0,1.0,0.0,0.0
K8o,12,1.0,0.0,1.0,0.0,1.0,0.0,0.0,0.185
Q8o,12,1.0,0.0,1.0,0.0,1.0,0.0,0.0,0.204
J8o,12,1.0,0.0,1.0,0.0,1.0,0.0,0.0,0.128
T8o,12,1.0,0.0,1.0,0.0,1.0,0.0,0.0,0.007
98o,12,1.0,0.0,1.0,0.0,1.0,0.0,0.0,0.012
88,6,1.0,0.0,0.0,1.0,0.0,1.0,0.0,0.0
87s,4,1.0,0.0,0.03,0.97,0.069,0.931,0.0,0.0
86s,4,0.987,0.0,1.0,0.0,0.999,0.001,0.0,0.0
85s,4,0.0,0.0,1.0,0.0,0.729,0.267,0.004,0.015
84s,4,0.0,0.0,1.0,0.0,0.63,0.254,0.116,0.018
83s,4,0.0,0.0,1.0,0.0,0.947,0.025,0.028,0.02
82s,4,0.0,0.0,1.0,0.0,0.955,0.019,0.025,0.019
A7o,12,1.0,0.0,0.028,0.972,0.0,1.0,0.0,0.0
K7o,12,1.0,0.0,1.0,0.0,1.0,0.0,0.0,0.414
Q7o,12,1.0,0.0,1.0,0.0,1.0,0.0,0.0,0.136
J7o,12,1.0,0.0,1.0,0.0,1.0,0.0,0.0,0.011
T7o,12,1.0,0.0,1.0,0.0,1.0,0.0,0.0,0.019
97o,12,0.997,0.0,1.0,0.0,1.0,0.0,0.0,0.02
87o,12,0.0,0.0,1.0,0.0,0.884,0.115,0.001,0.016
77,6,1.0,0.0,0.0,1.0,0.0,1.0,0.0,0.0
76s,4,0.0,0.0,1.0,0.0,0.568,0.424,0.008,0.0
75s,4,0.0,0.0,1.0,0.0,0.6,0.277,0.123,0.012
74s,4,0.0,0.0,1.0,0.0,0.745,0.128,0.127,0.014
73s,4,0.0,0.0,1.0,0.0,0.92,0.027,0.053,0.016
72s,4,0.0,0.0,1.0,0.0,0.987,0.008,0.005,0.015
A6o,12,1.0,0.0,1.0,0.0,0.004,0.996,0.0,0.002
K6o,12,1.0,0.0,1.0,0.0,1.0,0.0,0.0,0.249
Q6o,12,1.0,0.0,1.0,0.0,1.0,0.0,0.0,0.08
J6o,12,1.0,0.0,1.0,0.0,1.0,0.0,0.0,0.018
T6o,12,0.997,0.0,1.0,0.0,1.0,0.0,0.0,0.027
96o,12,0.0,0.0,1.0,0.0,0.944,0.055,0.001,0.027
86o,12,0.0,0.0,1.0,0.0,0.85,0.128,0.022,0.019
76o,12,0.0,0.0,1.0,0.0,0.772,0.165,0.063,0.015
66,6,1.0,0.0,0.0,1.0,0.0,1.0,0.0,0.0
65s,4,0.0,0.0,1.0,0.0,0.465,0.378,0.157,0.001
64s,4,0.0,0.0,1.0,0.0,0.615,0.23,0.155,0.013
63s,4,0.0,0.0,1.0,0.0,0.865,0.05,0.084,0.014
62s,4,0.0,0.0,1.0,0.0,0.964,0.019,0.017,0.014
A5o,12,1.0,0.0,1.0,0.0,0.0,1.0,0.0,0.003
K5o,12,1.0,0.0,1.0,0.0,1.0,0.0,0.0,0.186
Q5o,12,1.0,0.0,1.0,0.0,1.0,0.0,0.0,0.01
J5o,12,0.999,0.0,1.0,0.0,1.0,0.0,0.0,0.021
T5o,12,0.0,0.0,1.0,0.0,0.987,0.013,0.0,0.038
95o,12,0.0,0.0,1.0,0.0,0.955,0.039,0.006,0.033
85o,12,0.0,0.0,1.0,0.0,0.954,0.029,0.017,0.024
75o,12,0.0,0.0,1.0,0.0,0.947,0.025,0.029,0.017
65o,12,0.0,0.0,1.0,0.0,0.902,0.034,0.065,0.015
55,6,1.0,0.0,0.0,1.0,0.0,1.0,0.0,0.0
54s,4,0.0,0.0,1.0,0.0,0.423,0.358,0.219,0.003
53s,4,0.0,0.0,1.0,0.0,0.742,0.135,0.123,0.014
52s,4,0.0,0.0,1.0,0.0,0.93,0.042,0.028,0.014
A4o,12,1.0,0.0,1.0,0.0,0.405,0.595,0.0,0.02
K4o,12,1.0,0.0,1.0,0.0,1.0,0.0,0.0,0.156
Q4o,12,1.0,0.0,1.0,0.0,1.0,0.0,0.0,0.013
J4o,12,0.998,0.0,1.0,0.0,1.0,0.0,0.0,0.026
T4o,12,0.0,0.0,1.0,0.0,0.993,0.006,0.001,0.039
94o,12,0.0,0.0,1.0,0.0,0.963,0.021,0.016,0.039
84o,12,0.0,0.0,1.0,0.0,0.978,0.01,0.013,0.028
74o,12,0.0,0.0,1.0,0.0,0.983,0.005,0.013,0.018
64o,12,0.0,0.0,1.0,0.0,0.979,0.009,0.013,0.015
54o,12,0.0,0.0,1.0,0.0,0.951,0.019,0.03,0.015
44,6,1.0,0.0,0.0,1.0,0.0,1.0,0.0,0.0
43s,4,0.0,0.0,1.0,0.0,0.828,0.069,0.103,0.014
42s,4,0.0,0.0,1.0,0.0,0.951,0.038,0.011,0.014
A3o,12,1.0,0.0,1.0,0.0,0.999,0.001,0.0,0.027
K3o,12,1.0,0.0,1.0,0.0,1.0,0.0,0.0,0.099
Q3o,12,1.0,0.0,1.0,0.0,1.0,0.0,0.0,0.013
J3o,12,0.991,0.0,1.0,0.0,1.0,0.0,0.0,0.026
T3o,12,0.0,0.0,1.0,0.0,0.974,0.022,0.004,0.037
93o,12,0.0,0.0,1.0,0.0,0.97,0.015,0.015,0.036
83o,12,0.0,0.0,1.0,0.0,0.989,0.005,0.005,0.023
73o,12,0.0,0.0,1.0,0.0,0.983,0.009,0.009,0.017
63o,12,0.0,0.0,1.0,0.0,0.976,0.012,0.012,0.015
53o,12,0.0,0.0,1.0,0.0,0.974,0.014,0.012,0.015
43o,12,0.0,0.0,1.0,0.0,0.955,0.023,0.022,0.016
33,6,1.0,0.0,0.001,0.999,0.0,0.292,0.708,0.0
32s,4,0.0,0.0,1.0,0.0,0.948,0.036,0.016,0.014
A2o,12,1.0,0.0,1.0,0.0,1.0,0.0,0.0,0.043
K2o,12,1.0,0.0,1.0,0.0,1.0,0.0,0.0,0.007
Q2o,12,0.999,0.0,1.0,0.0,1.0,0.0,0.0,0.013
J2o,12,0.001,0.0,1.0,0.0,0.995,0.005,0.0,0.025
T2o,12,0.0,0.0,1.0,0.0,0.966,0.02,0.014,0.035
92o,12,0.0,0.0,1.0,0.0,0.981,0.004,0.014,0.032
82o,12,0.0,0.0,1.0,0.0,0.986,0.007,0.007,0.021
72o,12,0.0,0.0,1.0,0.0,0.954,0.023,0.023,0.019
62o,12,0.0,0.0,1.0,0.0,0.937,0.032,0.032,0.018
52o,12,0.0,0.0,1.0,0.0,0.935,0.032,0.032,0.017
42o,12,0.0,0.0,1.0,0.0,0.811,0.094,0.094,0.02
32o,12,0.0,0.0,1.0,0.0,0.439,0.28,0.28,0.021
22,6,1.0,0.0,0.0,1.0,0.0,0.003,0.997,0.0
