model,open_bb,bb_best_3bet_to_bb,btn_ev_bb_per_hand,size_on_grid_edge
position only,1.75,7.0,-0.01346452867031403,False
position only,1.8,7.2,-0.010408056936565019,False
position only,1.85,7.4,-0.007189620654576762,False
position only,1.9,7.6,-0.0038209702422324077,False
position only,1.95,7.8,-0.0004437096841174992,False
position only,2.0,8.0,0.0030427822406306204,False
position only,2.05,8.2,0.006576031388756676,False
position only,2.1,8.4,0.010136431379417637,False
position only,2.15,8.6,0.013747114955212109,False
position only,2.2,8.8,0.017353628097248552,False
position only,2.25,9.5625,0.020991884768756852,False
position only,2.3,9.774999999999999,0.02429732528505421,False
position only,2.35,9.9875,0.02752725899045763,False
position only,2.4,10.2,0.030512564213591387,False
position only,2.45,10.412500000000001,0.03316370765299098,False
position only,2.5,10.625,0.03569589896855496,False
position only,2.55,10.2,0.03794899078522787,False
position only,2.6,10.4,0.03995978817895263,False
position only,2.65,10.6,0.04174790174533036,False
position only,2.7,10.8,0.0433030788832606,False
position only,2.75,11.0,0.04478471566647682,False
position only,2.8,11.2,0.04617891570048885,False
position only,2.85,11.4,0.04735281584625342,False
position only,2.9,12.325,0.048169916115901934,False
position only,2.95,12.537500000000001,0.048586514265237246,False
position only,3.0,12.75,0.04892756524812231,False
position only,3.05,12.962499999999999,0.04921472645198166,False
position only,3.1,13.175,0.049348950051617324,False
position only,3.15,13.3875,0.04925001920484712,False
position only,3.2,13.600000000000001,0.0490736833877361,False
position only,3.25,13.8125,0.048621092585202585,False
position only,3.3,14.024999999999999,0.04816473713968519,False
position only,3.35,14.2375,0.04761459485357705,False
position only,3.4,14.45,0.047003891930882696,False
position only,3.45,14.662500000000001,0.04633699650573783,False
position only,3.5,14.875,0.04554920533193066,False
playability k=2,1.75,7.0,-0.008166513195965702,False
playability k=2,1.8,7.2,-0.005226648320238142,False
playability k=2,1.85,7.4,-0.002200872393378517,False
playability k=2,1.9,7.6,0.0009043182341569311,False
playability k=2,1.95,7.8,0.004128917042677455,False
playability k=2,2.0,8.0,0.0076041718234959865,False
playability k=2,2.05,8.2,0.01116930922242873,False
playability k=2,2.1,8.4,0.01476678573993545,False
playability k=2,2.15,8.6,0.01836840254618302,False
playability k=2,2.2,8.8,0.021796154965672054,False
playability k=2,2.25,9.0,0.02523796681050433,False
playability k=2,2.3,9.2,0.028410261020576033,False
playability k=2,2.35,9.4,0.031538499594898545,False
playability k=2,2.4,9.6,0.0342360905518094,False
playability k=2,2.45,9.8,0.03662799465644245,False
playability k=2,2.5,10.0,0.038651779688556764,False
playability k=2,2.55,10.2,0.040622128628234055,False
playability k=2,2.6,10.4,0.042594566094080855,False
playability k=2,2.65,10.6,0.04439255831839087,False
playability k=2,2.7,10.8,0.04584319660552075,False
playability k=2,2.75,11.0,0.04712614847368157,False
playability k=2,2.8,11.2,0.0481989728624084,False
playability k=2,2.85,11.4,0.04919316931335968,False
playability k=2,2.9,11.6,0.05003982472190377,False
playability k=2,2.95,11.8,0.05087856698868165,False
playability k=2,3.0,12.0,0.05158426551450296,False
playability k=2,3.05,12.2,0.05208988001994244,False
playability k=2,3.1,12.4,0.05240754750574991,False
playability k=2,3.15,12.6,0.05281748118079155,False
playability k=2,3.2,12.8,0.05306188868888567,False
playability k=2,3.25,13.0,0.05308971728811751,False
playability k=2,3.3,13.2,0.05294763015324938,False
playability k=2,3.35,13.4,0.05273253403453798,False
playability k=2,3.4,13.6,0.05237571942941144,False
playability k=2,3.45,13.8,0.051906234298977616,False
playability k=2,3.5,14.0,0.051463536973085755,False
strength a=1.25,1.75,6.125,-0.004658304307958661,False
strength a=1.25,1.8,6.3,-0.0005635203406100797,False
strength a=1.25,1.85,6.4750000000000005,0.003606028129827077,False
strength a=1.25,1.9,6.6499999999999995,0.007834534068479643,False
strength a=1.25,1.95,6.825,0.011971985258617923,False
strength a=1.25,2.0,7.0,0.015768289632931087,False
strength a=1.25,2.05,7.174999999999999,0.01913380237010892,False
strength a=1.25,2.1,7.3500000000000005,0.022233783264807933,False
strength a=1.25,2.15,7.5249999999999995,0.0250407772841178,False
strength a=1.25,2.2,7.700000000000001,0.027634181090003762,False
strength a=1.25,2.25,7.875,0.02974709554366564,False
strength a=1.25,2.3,8.049999999999999,0.03163895696603536,False
strength a=1.25,2.35,8.225,0.03329370734618295,False
strength a=1.25,2.4,8.4,0.03478355452911555,False
strength a=1.25,2.45,8.575000000000001,0.03578272007546429,False
strength a=1.25,2.5,8.75,0.036509423420371195,False
strength a=1.25,2.55,8.924999999999999,0.036974420740729874,False
strength a=1.25,2.6,9.1,0.03733178149022878,False
strength a=1.25,2.65,9.275,0.037506123901594524,False
strength a=1.25,2.7,9.450000000000001,0.03743144584072858,False
strength a=1.25,2.75,9.625,0.03712729883816729,False
strength a=1.25,2.8,9.799999999999999,0.036821979556371814,False
strength a=1.25,2.85,9.975,0.03635576959462977,False
strength a=1.25,2.9,10.15,0.035785779807035456,False
strength a=1.25,2.95,10.325000000000001,0.035204995479621914,False
strength a=1.25,3.0,10.5,0.03449187590307723,False
strength a=1.25,3.05,10.674999999999999,0.033668360747439174,False
strength a=1.25,3.1,10.85,0.032608024322203694,False
strength a=1.25,3.15,11.025,0.03154410381240297,False
strength a=1.25,3.2,11.200000000000001,0.03038619175512816,False
strength a=1.25,3.25,11.375,0.029249144348861472,False
strength a=1.25,3.3,11.549999999999999,0.02816505499153918,False
strength a=1.25,3.35,11.725,0.02690525548426373,False
strength a=1.25,3.4,11.9,0.02558722818000056,False
strength a=1.25,3.45,12.075000000000001,0.02424020697006976,False
strength a=1.25,3.5,12.25,0.022840058730145024,False
strength a=1.4,1.75,5.6875,0.0034946545779533933,False
strength a=1.4,1.8,5.8500000000000005,0.007955277326065963,False
strength a=1.4,1.85,6.0125,0.012092723193656896,False
strength a=1.4,1.9,6.175,0.015751161469475194,False
strength a=1.4,1.95,6.3374999999999995,0.019029027200191423,False
strength a=1.4,2.0,6.5,0.021986101865448943,False
strength a=1.4,2.05,6.6625,0.0246741050548617,False
strength a=1.4,2.1,6.825,0.02677754722360856,False
strength a=1.4,2.15,6.9875,0.028723745820603247,False
strength a=1.4,2.2,7.15,0.030424742045171455,False
strength a=1.4,2.25,7.3125,0.0316344922664378,False
strength a=1.4,2.3,7.475,0.03245938569949047,False
strength a=1.4,2.35,7.6375,0.03300274612768886,False
strength a=1.4,2.4,7.8,0.033397975893284915,False
strength a=1.4,2.45,7.9625,0.033611523915575425,False
strength a=1.4,2.5,8.125,0.03354682172348508,False
strength a=1.4,2.55,8.2875,0.03323778020654883,False
strength a=1.4,2.6,8.450000000000001,0.032932805875194815,False
strength a=1.4,2.65,8.612499999999999,0.03241374637894939,False
strength a=1.4,2.7,8.775,0.03178741398791332,False
strength a=1.4,2.75,8.9375,0.030995573036050883,False
strength a=1.4,2.8,9.1,0.030037659388174986,False
strength a=1.4,2.85,9.262500000000001,0.028819330013104605,False
strength a=1.4,2.9,9.424999999999999,0.02766741549053736,False
strength a=1.4,2.95,9.5875,0.026399776788223167,False
strength a=1.4,3.0,9.75,0.025205720004431414,False
strength a=1.4,3.05,9.9125,0.0239769461947002,False
strength a=1.4,3.1,10.075000000000001,0.02265615398486162,False
strength a=1.4,3.15,10.237499999999999,0.02130364149040212,False
strength a=1.4,3.2,10.4,0.019925668090855775,False
strength a=1.4,3.25,10.5625,0.018451288396175658,False
strength a=1.4,3.3,10.725,0.01698612866663307,False
strength a=1.4,3.35,10.887500000000001,0.015455202877655227,False
strength a=1.4,3.4,11.049999999999999,0.013848472928617489,False
strength a=1.4,3.45,11.2125,0.0123086586918906,False
strength a=1.4,3.5,11.375,0.010668282329637319,False
strength a=1.5,1.75,5.25,0.009335239683152724,False
strength a=1.5,1.8,5.4,0.01328934924761127,False
strength a=1.5,1.85,5.550000000000001,0.016725077330693255,False
strength a=1.5,1.9,5.699999999999999,0.019867734784806218,False
strength a=1.5,1.95,5.85,0.02268621215990324,False
strength a=1.5,2.0,6.0,0.025048833570193746,False
strength a=1.5,2.05,6.6625,0.027111267637978748,False
strength a=1.5,2.1,6.825,0.02883032684894435,False
strength a=1.5,2.15,6.9875,0.030176019715069613,False
strength a=1.5,2.2,7.15,0.03097570454909182,False
strength a=1.5,2.25,7.3125,0.03149156947569967,False
strength a=1.5,2.3,7.475,0.03189806898752126,False
strength a=1.5,2.35,7.6375,0.032063166733545284,False
strength a=1.5,2.4,7.8,0.03186930474287908,False
strength a=1.5,2.45,7.9625,0.0315143657875418,False
strength a=1.5,2.5,8.125,0.031125768662245173,False
strength a=1.5,2.55,8.2875,0.030523058187828328,False
strength a=1.5,2.6,8.450000000000001,0.02980328676369129,False
strength a=1.5,2.65,8.612499999999999,0.02890209816806502,False
strength a=1.5,2.7,8.775,0.027746990076838868,False
strength a=1.5,2.75,8.9375,0.026494587790153956,False
strength a=1.5,2.8,9.1,0.025208691574158587,False
strength a=1.5,2.85,9.262500000000001,0.02395510917627172,False
strength a=1.5,2.9,9.424999999999999,0.02267022947394981,False
strength a=1.5,2.95,9.5875,0.02126379593462438,False
strength a=1.5,3.0,9.75,0.01975860688529879,False
strength a=1.5,3.05,9.9125,0.018347223161837733,False
strength a=1.5,3.1,10.075000000000001,0.016868627504340733,False
strength a=1.5,3.15,10.237499999999999,0.015355518838133964,False
strength a=1.5,3.2,10.4,0.013795699981644816,False
strength a=1.5,3.25,10.5625,0.012118990260272744,False
strength a=1.5,3.3,10.725,0.010519281767587818,False
strength a=1.5,3.35,10.887500000000001,0.008836620985804733,False
strength a=1.5,3.4,11.049999999999999,0.006993117545849137,False
strength a=1.5,3.45,11.2125,0.0051550123930498015,False
strength a=1.5,3.5,11.375,0.00326680431118781,False
strength a=1.6,1.75,5.25,0.013954178335926715,False
strength a=1.6,1.8,5.4,0.017424110851464003,False
strength a=1.6,1.85,5.550000000000001,0.020571713394018865,False
strength a=1.6,1.9,5.699999999999999,0.02316176597353234,False
strength a=1.6,1.95,5.85,0.025391940141044123,False
strength a=1.6,2.0,6.0,0.027285947531622834,False
strength a=1.6,2.05,6.1499999999999995,0.02881941649656805,False
strength a=1.6,2.1,6.300000000000001,0.029740318030644503,False
strength a=1.6,2.15,6.449999999999999,0.030344251219127705,False
strength a=1.6,2.2,6.6000000000000005,0.030763054781559662,False
strength a=1.6,2.25,6.75,0.030929345999126,False
strength a=1.6,2.3,6.8999999999999995,0.03069589679471113,False
strength a=1.6,2.35,7.050000000000001,0.030325806300890795,False
strength a=1.6,2.4,7.199999999999999,0.029913821158273346,False
strength a=1.6,2.45,7.3500000000000005,0.02930429413957683,False
strength a=1.6,2.5,7.5,0.02857936945658318,False
strength a=1.6,2.55,7.6499999999999995,0.02760492287240407,False
strength a=1.6,2.6,7.800000000000001,0.026336803726887348,False
strength a=1.6,2.65,7.949999999999999,0.025070338523913688,False
strength a=1.6,2.7,8.100000000000001,0.023700837906481254,False
strength a=1.6,2.75,8.25,0.022369158644784864,False
strength a=1.6,2.8,8.399999999999999,0.020984752461510547,False
strength a=1.6,2.85,8.55,0.01949292019068885,False
strength a=1.6,2.9,8.7,0.017873030126434986,False
strength a=1.6,2.95,8.850000000000001,0.01634991388551732,False
strength a=1.6,3.0,9.0,0.014721890309425695,False
strength a=1.6,3.05,9.149999999999999,0.013083079389288793,False
strength a=1.6,3.1,9.3,0.011289468492757138,False
strength a=1.6,3.15,9.45,0.009603596987717872,False
strength a=1.6,3.2,9.600000000000001,0.0078280712997926,False
strength a=1.6,3.25,9.75,0.005942864489453664,False
strength a=1.6,3.3,9.899999999999999,0.004016592708090211,False
strength a=1.6,3.35,10.05,0.0020097581838696976,False
strength a=1.6,3.4,10.2,7.035164503216285e-05,False
strength a=1.6,3.45,10.350000000000001,-0.0018343775863294276,False
strength a=1.6,3.5,10.5,-0.0038152755901468827,False
strength a=1.75,1.75,4.8125,0.01988345043283002,False
strength a=1.75,1.8,4.95,0.022478028802151273,False
strength a=1.75,1.85,5.0875,0.024643011715118485,False
strength a=1.75,1.9,5.225,0.026584378574571382,False
strength a=1.75,1.95,5.3625,0.028012711608904756,False
strength a=1.75,2.0,5.5,0.02890137468187165,False
strength a=1.75,2.05,6.1499999999999995,0.029396321006702725,False
strength a=1.75,2.1,6.300000000000001,0.029662721457630464,False
strength a=1.75,2.15,6.449999999999999,0.029568978066689483,False
strength a=1.75,2.2,6.6000000000000005,0.029213016404547848,False
strength a=1.75,2.25,6.75,0.028774039197972806,False
strength a=1.75,2.3,6.8999999999999995,0.028213827625318544,False
strength a=1.75,2.35,7.050000000000001,0.02740230953806283,False
strength a=1.75,2.4,7.199999999999999,0.02653595424304439,False
strength a=1.75,2.45,7.3500000000000005,0.02540131363669404,False
strength a=1.75,2.5,7.5,0.023946709682687056,False
strength a=1.75,2.55,7.6499999999999995,0.022589231073903676,False
strength a=1.75,2.6,7.800000000000001,0.021108891043714495,False
strength a=1.75,2.65,7.949999999999999,0.01971677401584071,False
strength a=1.75,2.7,8.100000000000001,0.01821417385548857,False
strength a=1.75,2.75,8.25,0.016668884399654083,False
strength a=1.75,2.8,8.399999999999999,0.015121328627358599,False
strength a=1.75,2.85,8.55,0.013469216651422145,False
strength a=1.75,2.9,8.7,0.011741352859014398,False
strength a=1.75,2.95,8.850000000000001,0.009860613330799128,False
strength a=1.75,3.0,9.0,0.008004893072508373,False
strength a=1.75,3.05,9.149999999999999,0.006139143560189159,False
strength a=1.75,3.1,9.3,0.0041146573758224225,False
strength a=1.75,3.15,9.45,0.0019872235446737885,False
strength a=1.75,3.2,9.600000000000001,-0.00017323419851106303,False
strength a=1.75,3.25,9.75,-0.002188972091933583,False
strength a=1.75,3.3,9.899999999999999,-0.004264919514581661,False
strength a=1.75,3.35,10.05,-0.006355749848019926,False
strength a=1.75,3.4,10.2,-0.008403737131523425,False
strength a=1.75,3.45,10.350000000000001,-0.010424506525350957,False
strength a=1.75,3.5,10.5,-0.012454834801063769,False
strength a=2,1.75,4.8125,0.0260557312007742,False
strength a=2,1.8,4.95,0.02739084114513146,False
strength a=2,1.85,5.0875,0.02815219583259801,False
strength a=2,1.9,5.225,0.028603304429751397,False
strength a=2,1.95,5.85,0.02879056935474328,False
strength a=2,2.0,6.0,0.028591665578476477,False
strength a=2,2.05,6.1499999999999995,0.028122432670720204,False
strength a=2,2.1,5.775,0.027527348996562007,False
strength a=2,2.15,5.9125,0.026674125728898213,False
strength a=2,2.2,6.050000000000001,0.025684704160613026,False
strength a=2,2.25,6.1875,0.02440529652256243,False
strength a=2,2.3,6.324999999999999,0.022868615940161985,False
strength a=2,2.35,6.4625,0.021414846105541174,False
strength a=2,2.4,6.6,0.01987193779541538,False
strength a=2,2.45,6.737500000000001,0.01834729968010429,False
strength a=2,2.5,6.875,0.016809621651757423,False
strength a=2,2.55,7.012499999999999,0.015087359676415169,False
strength a=2,2.6,7.15,0.013450707209606422,False
strength a=2,2.65,7.2875,0.01173715866269856,False
strength a=2,2.7,7.425000000000001,0.00992686968733264,False
strength a=2,2.75,7.5625,0.007986274794619441,False
strength a=2,2.8,7.699999999999999,0.006019122655785664,False
strength a=2,2.85,7.8375,0.004058731805931387,False
strength a=2,2.9,7.975,0.0019838613902598834,False
strength a=2,2.95,8.1125,-0.00029542899613632656,False
strength a=2,3.0,8.25,-0.0025428250890134063,False
strength a=2,3.05,8.3875,-0.004713123387614093,False
strength a=2,3.1,8.525,-0.007018341750069518,False
strength a=2,3.15,8.6625,-0.009313661954437336,False
strength a=2,3.2,8.8,-0.01156781587634012,False
strength a=2,3.25,8.9375,-0.01380009568104626,False
strength a=2,3.3,9.075,-0.016030086810075977,False
strength a=2,3.35,9.2125,-0.01835932038826321,False
strength a=2,3.4,9.35,-0.0205566843951131,False
strength a=2,3.45,9.4875,-0.02268999346331277,False
strength a=2,3.5,9.625,-0.024838800503527214,False
both a=1.5 k=2,1.75,5.25,0.012462402655291388,False
both a=1.5 k=2,1.8,5.4,0.016201026689344422,False
both a=1.5 k=2,1.85,5.550000000000001,0.019354165143512236,False
both a=1.5 k=2,1.9,5.699999999999999,0.02210908498312225,False
both a=1.5 k=2,1.95,6.3374999999999995,0.02458788239191223,False
both a=1.5 k=2,2.0,6.5,0.02676290543303711,False
both a=1.5 k=2,2.05,6.6625,0.028484066239850697,False
both a=1.5 k=2,2.1,6.825,0.02998331935592133,False
both a=1.5 k=2,2.15,6.9875,0.031168760245158883,False
both a=1.5 k=2,2.2,7.15,0.03218848134756483,False
both a=1.5 k=2,2.25,7.3125,0.03301079720692718,False
both a=1.5 k=2,2.3,7.475,0.03349616188737117,False
both a=1.5 k=2,2.35,7.6375,0.033831694477304164,False
both a=1.5 k=2,2.4,7.8,0.03386481698485111,False
both a=1.5 k=2,2.45,7.9625,0.03370346637124075,False
both a=1.5 k=2,2.5,8.125,0.03329726820247256,False
both a=1.5 k=2,2.55,8.2875,0.032831211565424845,False
both a=1.5 k=2,2.6,8.450000000000001,0.03233580518938581,False
both a=1.5 k=2,2.65,7.949999999999999,0.03181300299419024,False
both a=1.5 k=2,2.7,8.100000000000001,0.031096829354425537,False
both a=1.5 k=2,2.75,8.25,0.030276654061991037,False
both a=1.5 k=2,2.8,8.399999999999999,0.029417249861702383,False
both a=1.5 k=2,2.85,8.55,0.02837929869005698,False
both a=1.5 k=2,2.9,8.7,0.027261365205712706,False
both a=1.5 k=2,2.95,8.850000000000001,0.026082407346321446,False
both a=1.5 k=2,3.0,9.0,0.024790131669132992,False
both a=1.5 k=2,3.05,9.149999999999999,0.02348977660399143,False
both a=1.5 k=2,3.1,9.3,0.022173587605579193,False
both a=1.5 k=2,3.15,9.45,0.020618227332161843,False
both a=1.5 k=2,3.2,9.600000000000001,0.019096189859699103,False
both a=1.5 k=2,3.25,9.75,0.017621924914542925,False
both a=1.5 k=2,3.3,9.899999999999999,0.01606274595678317,False
both a=1.5 k=2,3.35,10.05,0.014528828468998611,False
both a=1.5 k=2,3.4,10.2,0.012924056995554295,False
both a=1.5 k=2,3.45,10.350000000000001,0.01132714032884849,False
both a=1.5 k=2,3.5,10.5,0.009686187941393504,False
