hand,btn_raise,bb_fold,bb_call,bb_3bet
AA,1.0,0.0,0.0,1.0
AKs,1.0,0.0,0.0,1.0
AQs,1.0,0.0,0.0,1.0
AJs,1.0,0.0,0.0,1.0
ATs,1.0,0.0,0.0,1.0
A9s,1.0,0.0,0.0,1.0
A8s,1.0,0.0,0.0,1.0
A7s,1.0,0.0,0.0,1.0
A6s,1.0,0.0,0.0,1.0
A5s,1.0,0.0,0.0,1.0
A4s,1.0,0.0,0.0,1.0
A3s,1.0,0.0,0.0,1.0
A2s,1.0,0.0,0.0,1.0
AKo,1.0,0.0,0.0,1.0
KK,1.0,0.0,0.0,1.0
KQs,1.0,0.0,0.0,1.0
KJs,1.0,0.0,0.0,1.0
KTs,1.0,0.0,0.0,1.0
K9s,1.0,0.0,0.999,0.001
K8s,1.0,0.0,1.0,0.0
K7s,1.0,0.0,1.0,0.0
K6s,1.0,0.0,1.0,0.0
K5s,1.0,0.0,1.0,0.0
K4s,1.0,0.0,1.0,0.0
K3s,1.0,0.0,1.0,0.0
K2s,1.0,0.0,1.0,0.0
AQo,1.0,0.0,0.0,1.0
KQo,1.0,0.0,0.0,1.0
QQ,1.0,0.0,0.0,1.0
QJs,1.0,0.0,0.0,1.0
QTs,1.0,0.0,0.003,0.997
Q9s,1.0,0.0,1.0,0.0
Q8s,1.0,0.0,1.0,0.0
Q7s,1.0,0.0,1.0,0.0
Q6s,1.0,0.0,1.0,0.0
Q5s,1.0,0.0,1.0,0.0
Q4s,1.0,0.0,1.0,0.0
Q3s,1.0,0.0,1.0,0.0
Q2s,1.0,0.0,1.0,0.0
AJo,1.0,0.0,0.0,1.0
KJo,1.0,0.0,0.005,0.995
QJo,1.0,0.0,0.889,0.111
JJ,1.0,0.0,0.0,1.0
JTs,1.0,0.0,0.002,0.998
J9s,1.0,0.0,1.0,0.0
J8s,1.0,0.0,1.0,0.0
J7s,1.0,0.0,1.0,0.0
J6s,1.0,0.0,1.0,0.0
J5s,1.0,0.0,1.0,0.0
J4s,1.0,0.0,1.0,0.0
J3s,1.0,0.0,1.0,0.0
J2s,1.0,0.0,1.0,0.0
ATo,1.0,0.0,0.0,1.0
KTo,1.0,0.0,0.999,0.001
QTo,1.0,0.0,1.0,0.0
JTo,1.0,0.0,1.0,0.0
TT,1.0,0.0,0.0,1.0
T9s,1.0,0.0,0.874,0.126
T8s,1.0,0.0,1.0,0.0
T7s,1.0,0.0,1.0,0.0
T6s,1.0,0.0,1.0,0.0
T5s,1.0,0.0,1.0,0.0
T4s,1.0,0.0,1.0,0.0
T3s,1.0,0.0,1.0,0.0
T2s,1.0,0.0,1.0,0.0
A9o,1.0,0.0,0.0,1.0
K9o,1.0,0.0,1.0,0.0
Q9o,1.0,0.0,1.0,0.0
J9o,1.0,0.0,1.0,0.0
T9o,1.0,0.0,1.0,0.0
99,1.0,0.0,0.0,1.0
98s,1.0,0.0,0.283,0.717
97s,1.0,0.0,1.0,0.0
96s,1.0,0.0,1.0,0.0
95s,1.0,0.0,1.0,0.0
94s,0.819,0.0,1.0,0.0
93s,0.0,0.0,1.0,0.0
92s,0.0,0.998,0.002,0.0
A8o,1.0,0.0,0.0,1.0
K8o,1.0,0.0,1.0,0.0
Q8o,1.0,0.0,1.0,0.0
J8o,1.0,0.0,1.0,0.0
T8o,1.0,0.0,1.0,0.0
98o,1.0,0.0,1.0,0.0
88,1.0,0.0,0.0,1.0
87s,1.0,0.0,0.549,0.451
86s,1.0,0.0,0.999,0.001
85s,1.0,0.0,1.0,0.0
84s,0.0,0.0,1.0,0.0
83s,0.0,1.0,0.0,0.0
82s,0.0,1.0,0.0,0.0
A7o,1.0,0.0,0.0,1.0
K7o,1.0,0.0,1.0,0.0
Q7o,1.0,0.0,1.0,0.0
J7o,1.0,0.0,1.0,0.0
T7o,1.0,0.0,1.0,0.0
97o,1.0,0.0,1.0,0.0
87o,1.0,0.0,1.0,0.0
77,1.0,0.0,0.0,1.0
76s,1.0,0.0,0.997,0.003
75s,1.0,0.0,1.0,0.0
74s,0.0,0.0,1.0,0.0
73s,0.0,1.0,0.0,0.0
72s,0.0,1.0,0.0,0.0
A6o,1.0,0.0,0.0,1.0
K6o,1.0,0.0,1.0,0.0
Q6o,1.0,0.0,1.0,0.0
J6o,1.0,0.0,1.0,0.0
T6o,1.0,0.0,1.0,0.0
96o,1.0,0.0,1.0,0.0
86o,0.001,0.0,1.0,0.0
76o,0.0,0.0,1.0,0.0
66,1.0,0.0,0.0,1.0
65s,1.0,0.0,1.0,0.0
64s,0.0,0.0,1.0,0.0
63s,0.0,0.998,0.002,0.0
62s,0.0,1.0,0.0,0.0
A5o,1.0,0.0,0.381,0.619
K5o,1.0,0.0,1.0,0.0
Q5o,1.0,0.0,1.0,0.0
J5o,1.0,0.0,1.0,0.0
T5o,1.0,0.0,1.0,0.0
95o,0.0,1.0,0.0,0.0
85o,0.0,1.0,0.0,0.0
75o,0.0,1.0,0.0,0.0
65o,0.0,1.0,0.0,0.0
55,1.0,0.0,0.0,1.0
54s,0.448,0.0,1.0,0.0
53s,0.0,0.0,1.0,0.0
52s,0.0,1.0,0.0,0.0
A4o,1.0,0.0,0.999,0.001
K4o,1.0,0.0,1.0,0.0
Q4o,1.0,0.0,1.0,0.0
J4o,1.0,0.0,1.0,0.0
T4o,0.001,0.999,0.001,0.0
94o,0.0,1.0,0.0,0.0
84o,0.0,1.0,0.0,0.0
74o,0.0,1.0,0.0,0.0
64o,0.0,1.0,0.0,0.0
54o,0.0,1.0,0.0,0.0
44,1.0,0.0,0.0,1.0
43s,0.0,0.0,1.0,0.0
42s,0.0,1.0,0.0,0.0
A3o,1.0,0.0,1.0,0.0
K3o,1.0,0.0,1.0,0.0
Q3o,1.0,0.0,1.0,0.0
J3o,1.0,0.0,1.0,0.0
T3o,0.0,1.0,0.0,0.0
93o,0.0,1.0,0.0,0.0
83o,0.0,1.0,0.0,0.0
73o,0.0,1.0,0.0,0.0
63o,0.0,1.0,0.0,0.0
53o,0.0,1.0,0.0,0.0
43o,0.0,1.0,0.0,0.0
33,1.0,0.0,0.0,1.0
32s,0.0,1.0,0.0,0.0
A2o,1.0,0.0,1.0,0.0
K2o,1.0,0.0,1.0,0.0
Q2o,1.0,0.0,1.0,0.0
J2o,1.0,0.0,1.0,0.0
T2o,0.0,1.0,0.0,0.0
92o,0.0,1.0,0.0,0.0
82o,0.0,1.0,0.0,0.0
72o,0.0,1.0,0.0,0.0
62o,0.0,1.0,0.0,0.0
52o,0.0,1.0,0.0,0.0
42o,0.0,1.0,0.0,0.0
32o,0.0,1.0,0.0,0.0
22,1.0,0.0,0.0,1.0
