open,flop,solver_btn_check,model_btn_check,solver_btn_small,model_btn_small,solver_btn_big,model_btn_big,solver_bb_fold_vs_small,model_bb_fold_vs_small,solver_bb_call_vs_small,model_bb_call_vs_small,solver_bb_raise_vs_small,model_bb_raise_vs_small,solver_bb_fold_vs_big,model_bb_fold_vs_big,solver_bb_call_vs_big,model_bb_call_vs_big,solver_bb_raise_vs_big,model_bb_raise_vs_big,solver_btn_bet,model_btn_bet
2.25,As 7d 2c,0.0,0.053,0.239,0.332,0.761,0.614,0.411,0.581,0.492,0.181,0.097,0.238,0.621,0.701,0.341,0.189,0.038,0.11,1.0,0.947
2.25,Ah Kd 5h,0.009,0.106,0.572,0.483,0.419,0.411,0.468,0.547,0.407,0.143,0.125,0.31,0.61,0.631,0.359,0.24,0.03,0.129,0.991,0.894
2.25,Kh 8d 3c,0.005,0.168,0.668,0.596,0.328,0.236,0.318,0.556,0.525,0.122,0.156,0.322,0.534,0.646,0.406,0.223,0.059,0.131,0.995,0.832
2.25,Qd Jh 4d,0.279,0.244,0.224,0.417,0.497,0.339,0.355,0.449,0.479,0.131,0.166,0.42,0.538,0.522,0.409,0.323,0.053,0.154,0.721,0.756
2.25,Td 9h 6c,0.463,0.359,0.125,0.296,0.412,0.346,0.265,0.334,0.543,0.408,0.192,0.258,0.486,0.529,0.426,0.301,0.088,0.17,0.537,0.641
2.25,8s 6s 4d,0.684,0.469,0.007,0.273,0.308,0.258,0.191,0.277,0.644,0.492,0.164,0.232,0.448,0.53,0.422,0.319,0.13,0.151,0.316,0.531
2.25,7c 5d 3h,0.716,0.544,0.005,0.203,0.279,0.253,0.158,0.238,0.662,0.488,0.18,0.274,0.443,0.485,0.4,0.335,0.156,0.179,0.284,0.456
2.25,Jh 7h 2h,0.368,0.384,0.004,0.284,0.627,0.331,0.143,0.407,0.653,0.361,0.204,0.231,0.44,0.552,0.43,0.306,0.131,0.142,0.632,0.616
2.25,Kd Kc 4s,0.043,0.167,0.542,0.526,0.414,0.308,0.394,0.494,0.381,0.163,0.226,0.343,0.578,0.732,0.295,0.063,0.127,0.205,0.957,0.833
2.25,7h 7d 2s,0.467,0.329,0.372,0.334,0.161,0.337,0.366,0.443,0.364,0.258,0.27,0.299,0.585,0.718,0.245,0.037,0.171,0.245,0.533,0.671
2.25,Ts 5c 2d,0.31,0.301,0.245,0.227,0.444,0.472,0.173,0.42,0.644,0.274,0.183,0.306,0.475,0.548,0.433,0.296,0.092,0.156,0.69,0.699
2.25,9c 6c 5d,0.615,0.431,0.003,0.274,0.382,0.294,0.218,0.322,0.612,0.449,0.17,0.229,0.454,0.543,0.441,0.311,0.105,0.146,0.385,0.569
3.0,As 7d 2c,0.0,0.132,0.71,0.513,0.29,0.356,0.46,0.533,0.439,0.242,0.101,0.225,0.621,0.661,0.347,0.261,0.032,0.077,1.0,0.868
3.0,Kh 8d 3c,0.414,0.436,0.439,0.438,0.148,0.126,0.349,0.485,0.528,0.23,0.123,0.285,0.532,0.627,0.449,0.257,0.019,0.116,0.586,0.564
3.0,Td 9h 6c,0.659,0.375,0.088,0.331,0.253,0.294,0.343,0.331,0.503,0.357,0.154,0.312,0.546,0.451,0.361,0.384,0.093,0.165,0.341,0.625
3.0,7c 5d 3h,0.377,0.335,0.02,0.281,0.603,0.385,0.262,0.245,0.611,0.49,0.127,0.265,0.5,0.471,0.437,0.4,0.064,0.129,0.623,0.665
3.0,Kd Kc 4s,0.321,0.321,0.679,0.468,0.001,0.21,0.432,0.527,0.345,0.126,0.224,0.347,0.59,0.697,0.308,0.075,0.102,0.227,0.679,0.679
3.0,Jh 7h 2h,0.557,0.447,0.028,0.278,0.415,0.275,0.275,0.36,0.533,0.308,0.191,0.332,0.514,0.483,0.353,0.363,0.133,0.153,0.443,0.553
