flop,texture,solver_btn_check,solver_btn_small,solver_btn_big,solver_bb_fold_vs_small,solver_bb_call_vs_small,solver_bb_raise_vs_small,solver_bb_fold_vs_big,solver_bb_call_vs_big,solver_bb_raise_vs_big,model_btn_check,model_btn_small,model_btn_big,model_bb_fold_vs_small,model_bb_call_vs_small,model_bb_raise_vs_small,model_bb_fold_vs_big,model_bb_call_vs_big,model_bb_raise_vs_big,solver_btn_bet,model_btn_bet,solver_big_share,model_big_share
As 7d 2c,A-high / unpaired / rainbow / disconnected,0.001,0.126,0.873,0.421,0.507,0.072,0.686,0.303,0.011,0.046,0.611,0.343,0.554,0.228,0.217,0.693,0.211,0.096,0.999,0.954,0.874,0.36
Ah Kd 5h,A-high / unpaired / two-tone / disconnected,0.002,0.308,0.689,0.477,0.424,0.099,0.62,0.376,0.003,0.113,0.63,0.257,0.512,0.219,0.269,0.65,0.254,0.096,0.998,0.887,0.691,0.29
Kh 8d 3c,K-high / unpaired / rainbow / disconnected,0.005,0.662,0.334,0.413,0.462,0.124,0.61,0.361,0.03,0.4,0.365,0.235,0.446,0.317,0.237,0.651,0.248,0.101,0.995,0.6,0.335,0.392
Qd Jh 4d,Q/J-high / unpaired / two-tone / disconnected,0.03,0.212,0.758,0.365,0.495,0.14,0.539,0.438,0.023,0.426,0.319,0.255,0.425,0.316,0.26,0.58,0.284,0.135,0.97,0.574,0.782,0.444
Td 9h 6c,T-high or lower / unpaired / rainbow / connected,0.197,0.184,0.619,0.298,0.553,0.15,0.525,0.434,0.041,0.704,0.115,0.182,0.223,0.528,0.249,0.596,0.236,0.168,0.803,0.296,0.771,0.613
8s 6s 4d,T-high or lower / unpaired / two-tone / connected,0.346,0.032,0.622,0.158,0.679,0.163,0.475,0.411,0.114,0.696,0.119,0.186,0.248,0.503,0.249,0.512,0.325,0.162,0.654,0.304,0.951,0.61
7c 5d 3h,T-high or lower / unpaired / rainbow / connected,0.397,0.041,0.562,0.1,0.726,0.174,0.49,0.371,0.139,0.744,0.142,0.114,0.191,0.57,0.238,0.469,0.36,0.171,0.603,0.256,0.932,0.445
Jh 7h 2h,Q/J-high / unpaired / monotone / disconnected,0.088,0.004,0.909,0.113,0.802,0.085,0.385,0.585,0.03,0.485,0.194,0.321,0.38,0.32,0.3,0.487,0.321,0.191,0.912,0.515,0.996,0.624
Kd Kc 4s,K-high / paired / rainbow / disconnected,0.0,0.683,0.317,0.502,0.345,0.153,0.669,0.26,0.071,0.425,0.264,0.31,0.416,0.236,0.347,0.674,0.096,0.231,1.0,0.575,0.317,0.54
7h 7d 2s,T-high or lower / paired / rainbow / disconnected,0.003,0.797,0.2,0.297,0.564,0.139,0.618,0.293,0.09,0.55,0.223,0.227,0.332,0.379,0.289,0.63,0.086,0.284,0.997,0.45,0.2,0.505
Ts 5c 2d,T-high or lower / unpaired / rainbow / disconnected,0.157,0.178,0.665,0.215,0.653,0.133,0.536,0.399,0.065,0.517,0.245,0.238,0.285,0.493,0.222,0.611,0.26,0.128,0.843,0.483,0.789,0.493
9c 6c 5d,T-high or lower / unpaired / two-tone / connected,0.294,0.025,0.681,0.205,0.635,0.16,0.501,0.404,0.095,0.706,0.113,0.181,0.265,0.488,0.247,0.545,0.296,0.159,0.706,0.294,0.964,0.615
