stack_bb,hand,btn_fold,btn_limp,btn_raise,btn_all-in,bb_call_jam,bb_vs_limp_check,bb_vs_limp_raise,bb_vs_limp_all-in,bb_vs_raise_fold,bb_vs_raise_call,bb_vs_raise_all-in
6,AA,0.0,1.0,0.0,0.0,1.0,0.0,0.0,1.0,0.0,0.0,1.0
6,AKs,0.0,0.0,0.518,0.482,1.0,0.0,0.0,1.0,0.0,0.0,1.0
6,AQs,0.0,0.0,0.528,0.472,1.0,0.0,0.0,1.0,0.0,0.0,1.0
6,AJs,0.0,0.0,0.53,0.47,1.0,0.0,0.0,1.0,0.0,0.0,1.0
6,ATs,0.0,0.0,0.532,0.468,1.0,0.0,0.0,1.0,0.0,0.0,1.0
6,A9s,0.0,0.0,0.539,0.461,1.0,0.0,0.0,1.0,0.0,0.0,1.0
6,A8s,0.0,0.0,0.543,0.457,1.0,0.0,0.0,1.0,0.0,0.0,1.0
6,A7s,0.0,0.0,0.536,0.464,1.0,0.0,0.0,1.0,0.0,0.0,1.0
6,A6s,0.0,0.0,0.506,0.494,1.0,0.0,0.0,1.0,0.0,0.0,1.0
6,A5s,0.0,0.0,0.586,0.414,1.0,0.0,0.0,1.0,0.0,0.0,1.0
6,A4s,0.0,0.0,0.599,0.401,1.0,0.0,0.0,1.0,0.0,0.0,1.0
6,A3s,0.0,0.0,0.555,0.445,1.0,0.0,0.0,1.0,0.0,0.0,1.0
6,A2s,0.0,0.0,0.51,0.49,1.0,0.0,0.0,1.0,0.0,0.0,1.0
6,AKo,0.0,0.0,0.492,0.508,1.0,0.0,0.0,1.0,0.0,0.0,1.0
6,KK,0.0,1.0,0.0,0.0,1.0,0.0,0.0,1.0,0.0,0.0,1.0
6,KQs,0.0,0.0,0.54,0.46,1.0,0.0,0.0,1.0,0.0,0.0,1.0
6,KJs,0.0,0.0,0.543,0.457,1.0,0.0,0.0,1.0,0.0,0.0,1.0
6,KTs,0.0,0.0,0.546,0.454,1.0,0.0,0.0,1.0,0.0,0.0,1.0
6,K9s,0.0,0.0,0.553,0.447,1.0,0.0,0.0,1.0,0.0,0.0,1.0
6,K8s,0.0,0.0,0.555,0.445,1.0,0.0,0.0,1.0,0.0,0.0,1.0
6,K7s,0.0,0.0,0.552,0.448,1.0,0.0,0.0,1.0,0.0,0.0,1.0
6,K6s,0.0,0.0,0.526,0.474,1.0,0.0,0.0,1.0,0.0,0.0,1.0
6,K5s,0.0,0.0,0.592,0.408,1.0,0.0,0.0,1.0,0.0,0.0,1.0
6,K4s,0.0,0.0,0.611,0.389,1.0,0.0,0.0,1.0,0.0,0.0,1.0
6,K3s,0.0,0.0,0.558,0.442,1.0,0.0,0.0,1.0,0.0,0.0,1.0
6,K2s,0.0,0.0,0.498,0.502,1.0,0.0,0.0,1.0,0.0,0.0,1.0
6,AQo,0.0,0.0,0.506,0.494,1.0,0.0,0.0,1.0,0.0,0.0,1.0
6,KQo,0.0,0.0,0.525,0.475,1.0,0.0,0.0,1.0,0.0,0.0,1.0
6,QQ,0.0,1.0,0.0,0.0,1.0,0.0,0.0,1.0,0.0,0.0,1.0
6,QJs,0.0,0.0,0.562,0.438,1.0,0.0,0.0,1.0,0.0,0.0,1.0
6,QTs,0.0,0.0,0.566,0.434,1.0,0.0,0.0,1.0,0.0,0.0,1.0
6,Q9s,0.0,0.0,0.571,0.429,1.0,0.0,0.0,1.0,0.0,0.0,1.0
6,Q8s,0.0,0.0,0.577,0.423,1.0,0.0,0.0,1.0,0.0,0.0,1.0
6,Q7s,0.0,0.0,0.568,0.432,1.0,0.0,0.0,1.0,0.0,0.0,1.0
6,Q6s,0.0,0.0,0.537,0.463,1.0,0.0,0.0,1.0,0.0,0.0,1.0
6,Q5s,0.0,0.0,0.605,0.395,1.0,0.0,0.0,1.0,0.0,0.0,1.0
6,Q4s,0.0,0.0,0.6,0.4,1.0,0.0,0.0,1.0,0.0,0.0,1.0
6,Q3s,0.0,0.0,0.559,0.441,1.0,0.0,0.0,1.0,0.0,0.0,1.0
6,Q2s,0.0,0.0,0.514,0.486,1.0,0.0,0.0,1.0,0.0,0.0,1.0
6,AJo,0.0,0.0,0.512,0.488,1.0,0.0,0.0,1.0,0.0,0.0,1.0
6,KJo,0.0,0.0,0.527,0.473,1.0,0.0,0.0,1.0,0.0,0.0,1.0
6,QJo,0.0,0.0,0.554,0.446,1.0,0.0,0.0,1.0,0.0,0.0,1.0
6,JJ,0.0,1.0,0.0,0.0,1.0,0.0,0.0,1.0,0.0,0.0,1.0
6,JTs,0.0,0.0,0.566,0.433,1.0,0.0,0.0,1.0,0.0,0.0,1.0
6,J9s,0.0,0.0,0.569,0.431,1.0,0.0,0.0,1.0,0.0,0.0,1.0
6,J8s,0.0,0.0,0.568,0.432,1.0,0.0,0.0,1.0,0.0,0.0,1.0
6,J7s,0.0,0.384,0.325,0.291,1.0,0.001,0.0,0.999,0.0,0.0,1.0
6,J6s,0.0,0.027,0.476,0.497,1.0,1.0,0.0,0.0,0.0,0.0,1.0
6,J5s,0.0,0.993,0.005,0.003,1.0,0.999,0.0,0.001,0.0,0.0,1.0
6,J4s,0.0,0.0,0.548,0.452,1.0,0.183,0.0,0.817,0.0,0.0,1.0
6,J3s,0.0,0.0,0.515,0.485,0.608,0.001,0.0,0.999,0.393,0.0,0.607
6,J2s,0.0,0.0,0.47,0.53,0.0,0.001,0.0,0.999,1.0,0.0,0.0
6,ATo,0.0,0.0,0.511,0.489,1.0,0.0,0.0,1.0,0.0,0.0,1.0
6,KTo,0.0,0.0,0.53,0.47,1.0,0.0,0.0,1.0,0.0,0.0,1.0
6,QTo,0.0,0.0,0.555,0.445,1.0,0.0,0.0,1.0,0.0,0.0,1.0
6,JTo,0.0,0.0,0.554,0.446,1.0,0.0,0.0,1.0,0.0,0.0,1.0
6,TT,0.0,1.0,0.0,0.0,1.0,0.0,0.0,1.0,0.0,0.0,1.0
6,T9s,0.0,0.999,0.0,0.0,1.0,0.0,0.0,1.0,0.0,0.0,1.0
6,T8s,0.0,0.995,0.003,0.002,1.0,0.0,0.0,1.0,0.0,0.0,1.0
6,T7s,0.0,0.013,0.526,0.461,1.0,0.0,0.0,1.0,0.0,0.0,1.0
6,T6s,0.0,0.0,0.555,0.445,1.0,0.997,0.0,0.003,0.0,0.0,1.0
6,T5s,0.0,0.0,0.603,0.397,0.0,0.002,0.0,0.998,1.0,0.0,0.0
6,T4s,0.0,0.0,0.54,0.46,0.0,0.001,0.0,0.999,1.0,0.0,0.0
6,T3s,0.0,0.0,0.508,0.492,0.0,0.001,0.0,0.999,1.0,0.0,0.0
6,T2s,0.001,0.506,0.264,0.229,0.0,0.001,0.0,0.999,1.0,0.0,0.0
6,A9o,0.0,0.0,0.52,0.48,1.0,0.0,0.0,1.0,0.0,0.0,1.0
6,K9o,0.0,0.0,0.539,0.461,1.0,0.0,0.0,1.0,0.0,0.0,1.0
6,Q9o,0.0,0.0,0.564,0.436,1.0,0.0,0.0,1.0,0.0,0.0,1.0
6,J9o,0.0,0.0,0.557,0.443,1.0,0.001,0.0,0.999,0.0,0.0,1.0
6,T9o,0.0,0.001,0.547,0.452,1.0,0.0,0.0,1.0,0.0,0.0,1.0
6,99,0.0,1.0,0.0,0.0,1.0,0.0,0.0,1.0,0.0,0.0,1.0
6,98s,0.0,0.0,0.598,0.402,1.0,0.0,0.0,1.0,0.0,0.0,1.0
6,97s,0.0,0.0,0.572,0.428,1.0,0.0,0.0,1.0,0.0,0.0,1.0
6,96s,0.0,0.0,0.579,0.421,1.0,0.0,0.0,1.0,0.0,0.0,1.0
6,95s,0.0,0.0,0.584,0.416,0.0,0.0,0.0,1.0,1.0,0.0,0.0
6,94s,0.762,0.238,0.0,0.0,0.0,0.001,0.0,0.999,1.0,0.0,0.0
6,93s,0.941,0.059,0.0,0.0,0.0,0.001,0.0,0.999,1.0,0.0,0.0
6,92s,1.0,0.0,0.0,0.0,0.0,0.001,0.0,0.999,1.0,0.0,0.0
6,A8o,0.0,0.0,0.528,0.472,1.0,0.0,0.0,1.0,0.0,0.0,1.0
6,K8o,0.0,0.0,0.539,0.461,1.0,0.0,0.0,1.0,0.0,0.0,1.0
6,Q8o,0.0,0.0,0.569,0.431,1.0,0.0,0.0,1.0,0.0,0.0,1.0
6,J8o,0.0,0.0,0.557,0.443,1.0,0.999,0.0,0.001,0.0,0.0,1.0
6,T8o,0.0,0.0,0.549,0.451,1.0,0.0,0.0,1.0,0.0,0.0,1.0
6,98o,0.0,0.0,0.571,0.429,1.0,0.0,0.0,1.0,0.0,0.0,1.0
6,88,0.0,1.0,0.0,0.0,1.0,0.799,0.0,0.201,0.0,0.0,1.0
6,87s,0.0,0.0,0.513,0.487,1.0,0.0,0.0,1.0,0.0,0.0,1.0
6,86s,0.0,0.0,0.494,0.506,1.0,0.0,0.0,1.0,0.0,0.0,1.0
6,85s,0.0,0.0,0.513,0.487,0.0,0.0,0.0,1.0,1.0,0.0,0.0
6,84s,0.001,0.0,0.562,0.436,0.0,0.0,0.0,1.0,1.0,0.0,0.0
6,83s,1.0,0.0,0.0,0.0,0.0,0.001,0.0,0.999,1.0,0.0,0.0
6,82s,1.0,0.0,0.0,0.0,0.0,0.001,0.0,0.999,1.0,0.0,0.0
6,A7o,0.0,0.0,0.515,0.485,1.0,0.0,0.0,1.0,0.0,0.0,1.0
6,K7o,0.0,0.0,0.531,0.469,1.0,0.0,0.0,1.0,0.0,0.0,1.0
6,Q7o,0.0,0.0,0.555,0.445,1.0,0.0,0.0,1.0,0.0,0.0,1.0
6,J7o,0.0,0.0,0.478,0.522,1.0,1.0,0.0,0.0,0.0,0.0,1.0
6,T7o,0.0,0.0,0.494,0.506,0.0,0.999,0.0,0.001,1.0,0.0,0.0
6,97o,0.0,0.0,0.511,0.489,0.0,0.001,0.0,0.999,1.0,0.0,0.0
6,87o,0.0,0.0,0.469,0.531,0.0,0.0,0.0,1.0,1.0,0.0,0.0
6,77,0.0,0.511,0.238,0.252,1.0,0.999,0.0,0.001,0.0,0.0,1.0
6,76s,0.0,0.0,0.468,0.532,1.0,0.0,0.0,1.0,0.001,0.0,0.999
6,75s,0.0,0.0,0.578,0.422,0.0,0.0,0.0,1.0,1.0,0.0,0.0
6,74s,0.0,0.0,0.62,0.38,0.0,0.0,0.0,1.0,1.0,0.0,0.0
6,73s,1.0,0.0,0.0,0.0,0.0,0.001,0.0,0.999,1.0,0.0,0.0
6,72s,1.0,0.0,0.0,0.0,0.0,0.105,0.0,0.895,1.0,0.0,0.0
6,A6o,0.0,0.0,0.465,0.535,1.0,0.0,0.0,1.0,0.0,0.0,1.0
6,K6o,0.0,0.0,0.488,0.512,1.0,0.804,0.0,0.196,0.0,0.0,1.0
6,Q6o,0.0,0.0,0.503,0.497,1.0,0.999,0.0,0.001,0.0,0.0,1.0
6,J6o,0.0,1.0,0.0,0.0,0.0,1.0,0.0,0.0,1.0,0.0,0.0
6,T6o,0.0,1.0,0.0,0.0,0.0,1.0,0.0,0.0,1.0,0.0,0.0
6,96o,0.001,0.999,0.0,0.0,0.0,0.871,0.0,0.129,1.0,0.0,0.0
6,86o,0.999,0.001,0.0,0.0,0.0,0.009,0.0,0.991,1.0,0.0,0.0
6,76o,0.0,0.0,0.58,0.42,0.0,0.998,0.0,0.002,1.0,0.0,0.0
6,66,0.0,0.004,0.496,0.5,1.0,1.0,0.0,0.0,0.0,0.0,1.0
6,65s,0.0,0.0,0.592,0.408,0.0,0.0,0.0,1.0,1.0,0.0,0.0
6,64s,0.0,0.0,0.673,0.327,0.0,0.001,0.0,0.999,1.0,0.0,0.0
6,63s,1.0,0.0,0.0,0.0,0.0,0.263,0.0,0.737,1.0,0.0,0.0
6,62s,1.0,0.0,0.0,0.0,0.0,1.0,0.0,0.0,1.0,0.0,0.0
6,A5o,0.0,0.0,0.584,0.416,1.0,0.0,0.0,1.0,0.0,0.0,1.0
6,K5o,0.0,0.0,0.591,0.409,1.0,0.0,0.0,1.0,0.0,0.0,1.0
6,Q5o,0.0,0.0,0.619,0.381,1.0,0.982,0.0,0.018,0.0,0.0,1.0
6,J5o,0.0,1.0,0.0,0.0,0.0,1.0,0.0,0.0,1.0,0.0,0.0
6,T5o,0.0,1.0,0.0,0.0,0.0,1.0,0.0,0.0,1.0,0.0,0.0
6,95o,0.998,0.002,0.0,0.0,0.0,0.987,0.0,0.013,1.0,0.0,0.0
6,85o,1.0,0.0,0.0,0.0,0.0,0.457,0.0,0.543,1.0,0.0,0.0
6,75o,1.0,0.0,0.0,0.0,0.0,0.998,0.0,0.002,1.0,0.0,0.0
6,65o,1.0,0.0,0.0,0.0,0.0,1.0,0.0,0.0,1.0,0.0,0.0
6,55,0.0,0.0,0.65,0.35,1.0,1.0,0.0,0.0,0.0,0.0,1.0
6,54s,0.0,0.0,0.682,0.318,0.0,0.0,0.0,1.0,1.0,0.0,0.0
6,53s,0.0,0.0,0.7,0.3,0.0,0.001,0.0,0.999,1.0,0.0,0.0
6,52s,1.0,0.0,0.0,0.0,0.0,0.002,0.0,0.998,1.0,0.0,0.0
6,A4o,0.0,0.0,0.601,0.399,1.0,0.0,0.0,1.0,0.0,0.0,1.0
6,K4o,0.0,0.0,0.612,0.388,1.0,0.0,0.0,1.0,0.0,0.0,1.0
6,Q4o,0.0,0.0,0.609,0.391,1.0,0.998,0.0,0.002,0.0,0.0,1.0
6,J4o,0.0,1.0,0.0,0.0,0.0,1.0,0.0,0.0,1.0,0.0,0.0
6,T4o,0.192,0.808,0.0,0.0,0.0,1.0,0.0,0.0,1.0,0.0,0.0
6,94o,1.0,0.0,0.0,0.0,0.0,0.999,0.0,0.001,1.0,0.0,0.0
6,84o,1.0,0.0,0.0,0.0,0.0,0.998,0.0,0.002,1.0,0.0,0.0
6,74o,1.0,0.0,0.0,0.0,0.0,1.0,0.0,0.0,1.0,0.0,0.0
6,64o,1.0,0.0,0.0,0.0,0.0,1.0,0.0,0.0,1.0,0.0,0.0
6,54o,1.0,0.0,0.0,0.0,0.0,0.999,0.0,0.001,1.0,0.0,0.0
6,44,0.0,0.0,0.655,0.345,1.0,1.0,0.0,0.0,0.0,0.0,1.0
6,43s,1.0,0.0,0.0,0.0,0.0,0.001,0.0,0.999,1.0,0.0,0.0
6,42s,1.0,0.0,0.0,0.0,0.0,0.002,0.0,0.998,1.0,0.0,0.0
6,A3o,0.0,0.0,0.533,0.467,1.0,0.0,0.0,1.0,0.0,0.0,1.0
6,K3o,0.0,0.0,0.522,0.478,1.0,0.0,0.0,1.0,0.0,0.0,1.0
6,Q3o,0.0,0.0,0.529,0.471,0.001,0.003,0.0,0.997,0.999,0.0,0.001
6,J3o,0.0,1.0,0.0,0.0,0.0,1.0,0.0,0.0,1.0,0.0,0.0
6,T3o,0.999,0.001,0.0,0.0,0.0,1.0,0.0,0.0,1.0,0.0,0.0
6,93o,1.0,0.0,0.0,0.0,0.0,0.303,0.0,0.697,1.0,0.0,0.0
6,83o,1.0,0.0,0.0,0.0,0.0,1.0,0.0,0.0,1.0,0.0,0.0
6,73o,1.0,0.0,0.0,0.0,0.0,1.0,0.0,0.0,1.0,0.0,0.0
6,63o,1.0,0.0,0.0,0.0,0.0,1.0,0.0,0.0,1.0,0.0,0.0
6,53o,1.0,0.0,0.0,0.0,0.0,1.0,0.0,0.0,1.0,0.0,0.0
6,43o,1.0,0.0,0.0,0.0,0.0,1.0,0.0,0.0,1.0,0.0,0.0
6,33,0.0,0.0,0.422,0.578,1.0,1.0,0.0,0.0,0.0,0.0,1.0
6,32s,1.0,0.0,0.0,0.0,0.0,0.002,0.0,0.998,1.0,0.0,0.0
6,A2o,0.0,0.0,0.459,0.541,1.0,0.0,0.0,1.0,0.0,0.0,1.0
6,K2o,0.0,0.0,0.431,0.569,1.0,0.0,0.0,1.0,0.0,0.0,1.0
6,Q2o,0.0,0.0,0.479,0.521,0.0,0.002,0.0,0.998,1.0,0.0,0.0
6,J2o,0.0,1.0,0.0,0.0,0.0,1.0,0.0,0.0,1.0,0.0,0.0
6,T2o,1.0,0.0,0.0,0.0,0.0,1.0,0.0,0.0,1.0,0.0,0.0
6,92o,1.0,0.0,0.0,0.0,0.0,0.994,0.0,0.006,1.0,0.0,0.0
6,82o,1.0,0.0,0.0,0.0,0.0,1.0,0.0,0.0,1.0,0.0,0.0
6,72o,1.0,0.0,0.0,0.0,0.0,1.0,0.0,0.0,1.0,0.0,0.0
6,62o,1.0,0.0,0.0,0.0,0.0,1.0,0.0,0.0,1.0,0.0,0.0
6,52o,1.0,0.0,0.0,0.0,0.0,1.0,0.0,0.0,1.0,0.0,0.0
6,42o,1.0,0.0,0.0,0.0,0.0,1.0,0.0,0.0,1.0,0.0,0.0
6,32o,1.0,0.0,0.0,0.0,0.0,1.0,0.0,0.0,1.0,0.0,0.0
6,22,0.0,0.0,0.341,0.659,1.0,1.0,0.0,0.0,0.0,0.0,1.0
8,AA,0.0,1.0,0.0,0.0,1.0,0.0,0.0,1.0,0.0,0.0,1.0
8,AKs,0.0,0.996,0.0,0.004,1.0,0.0,0.0,1.0,0.0,0.0,1.0
8,AQs,0.0,0.999,0.0,0.001,1.0,0.0,0.0,1.0,0.0,0.0,1.0
8,AJs,0.0,1.0,0.0,0.0,1.0,0.0,0.0,1.0,0.0,0.0,1.0
8,ATs,0.0,1.0,0.0,0.0,1.0,0.0,0.0,1.0,0.0,0.0,1.0
8,A9s,0.0,0.999,0.0,0.001,1.0,0.0,0.0,1.0,0.0,0.0,1.0
8,A8s,0.0,0.999,0.0,0.001,1.0,0.0,0.0,1.0,0.0,0.0,1.0
8,A7s,0.0,0.445,0.0,0.555,1.0,0.0,0.0,1.0,0.0,0.0,1.0
8,A6s,0.0,0.0,0.001,0.999,1.0,0.0,0.0,1.0,0.0,0.0,1.0
8,A5s,0.0,0.0,0.0,0.999,1.0,0.0,0.0,1.0,0.0,0.0,1.0
8,A4s,0.0,0.0,0.0,1.0,1.0,0.0,0.0,1.0,0.0,0.0,1.0
8,A3s,0.0,0.0,0.0,1.0,1.0,0.0,0.0,1.0,0.0,0.0,1.0
8,A2s,0.0,0.0,0.0,1.0,1.0,0.0,0.0,1.0,0.0,0.0,1.0
8,AKo,0.0,0.0,0.0,1.0,1.0,0.0,0.0,1.0,0.0,0.0,1.0
8,KK,0.0,1.0,0.0,0.0,1.0,0.0,0.0,1.0,0.0,0.0,1.0
8,KQs,0.0,1.0,0.0,0.0,1.0,0.0,0.0,1.0,0.0,0.0,1.0
8,KJs,0.0,1.0,0.0,0.0,1.0,0.0,0.0,1.0,0.0,0.0,1.0
8,KTs,0.0,1.0,0.0,0.0,1.0,0.0,0.0,1.0,0.0,0.0,1.0
8,K9s,0.0,1.0,0.0,0.0,1.0,0.0,0.0,1.0,0.0,0.0,1.0
8,K8s,0.0,0.018,0.0,0.982,1.0,0.0,0.0,1.0,0.0,0.0,1.0
8,K7s,0.0,0.005,0.0,0.995,1.0,0.0,0.0,1.0,0.0,0.0,1.0
8,K6s,0.0,0.0,0.001,0.998,1.0,0.0,0.0,1.0,0.0,0.0,1.0
8,K5s,0.0,0.0,0.001,0.999,1.0,0.0,0.0,1.0,0.0,0.0,1.0
8,K4s,0.0,0.0,0.001,0.999,1.0,0.0,0.0,1.0,0.0,0.0,1.0
8,K3s,0.0,0.0,0.0,0.999,1.0,0.0,0.0,1.0,0.0,0.0,1.0
8,K2s,0.0,0.0,0.0,1.0,1.0,0.0,0.0,1.0,0.0,0.0,1.0
8,AQo,0.0,0.0,0.0,1.0,1.0,0.0,0.0,1.0,0.0,0.0,1.0
8,KQo,0.0,0.0,0.0,1.0,1.0,0.0,0.0,1.0,0.0,0.0,1.0
8,QQ,0.0,1.0,0.0,0.0,1.0,0.0,0.0,1.0,0.0,0.0,1.0
8,QJs,0.0,1.0,0.0,0.0,1.0,0.0,0.0,1.0,0.0,0.0,1.0
8,QTs,0.0,1.0,0.0,0.0,1.0,0.0,0.0,1.0,0.0,0.0,1.0
8,Q9s,0.0,1.0,0.0,0.0,1.0,0.0,0.0,1.0,0.0,0.0,1.0
8,Q8s,0.0,0.999,0.0,0.0,1.0,0.0,0.0,1.0,0.0,0.0,1.0
8,Q7s,0.0,0.016,0.001,0.982,1.0,0.0,0.0,1.0,0.051,0.089,0.86
8,Q6s,0.0,0.0,0.001,0.999,1.0,0.959,0.0,0.041,0.084,0.908,0.008
8,Q5s,0.0,0.0,0.0,0.999,1.0,0.0,0.0,1.0,0.011,0.982,0.008
8,Q4s,0.0,0.0,0.0,1.0,1.0,0.0,0.0,1.0,0.012,0.983,0.004
8,Q3s,0.0,0.0,0.0,1.0,0.002,0.0,0.0,1.0,0.016,0.982,0.002
8,Q2s,0.0,0.0,0.0,1.0,0.0,0.0,0.0,1.0,0.019,0.979,0.002
8,AJo,0.0,0.0,0.0,1.0,1.0,0.0,0.0,1.0,0.0,0.0,1.0
8,KJo,0.0,0.0,0.0,1.0,1.0,0.0,0.0,1.0,0.0,0.0,1.0
8,QJo,0.0,0.003,0.0,0.997,1.0,0.0,0.0,1.0,0.0,0.0,1.0
8,JJ,0.0,1.0,0.0,0.0,1.0,0.0,0.0,1.0,0.0,0.0,1.0
8,JTs,0.0,1.0,0.0,0.0,1.0,0.0,0.0,1.0,0.0,0.0,1.0
8,J9s,0.0,1.0,0.0,0.0,1.0,0.0,0.0,1.0,0.0,0.0,1.0
8,J8s,0.0,1.0,0.0,0.0,1.0,0.0,0.0,1.0,0.051,0.192,0.757
8,J7s,0.0,0.317,0.0,0.683,1.0,1.0,0.0,0.0,0.0,0.989,0.011
8,J6s,0.0,0.0,0.0,1.0,0.001,1.0,0.0,0.0,0.264,0.73,0.006
8,J5s,0.0,0.0,0.0,1.0,0.0,1.0,0.0,0.0,0.092,0.901,0.007
8,J4s,0.0,0.0,0.0,1.0,0.0,1.0,0.0,0.0,0.104,0.892,0.004
8,J3s,0.0,1.0,0.0,0.0,0.0,1.0,0.0,0.0,0.403,0.595,0.002
8,J2s,0.0,1.0,0.0,0.0,0.0,0.066,0.0,0.934,0.713,0.283,0.004
8,ATo,0.0,0.0,0.0,1.0,1.0,0.0,0.0,1.0,0.0,0.0,1.0
8,KTo,0.0,0.0,0.0,0.999,1.0,0.0,0.0,1.0,0.0,0.0,1.0
8,QTo,0.0,0.421,0.0,0.579,1.0,0.0,0.0,1.0,0.0,0.0,1.0
8,JTo,0.0,0.088,0.0,0.911,1.0,0.0,0.0,1.0,0.0,0.001,0.999
8,TT,0.0,1.0,0.0,0.0,1.0,0.0,0.0,1.0,0.0,0.0,1.0
8,T9s,0.0,1.0,0.0,0.0,1.0,0.0,0.0,1.0,0.0,0.0,1.0
8,T8s,0.0,0.999,0.0,0.0,1.0,0.0,0.0,1.0,0.166,0.452,0.383
8,T7s,0.0,0.0,0.0,1.0,1.0,0.001,0.0,0.999,0.0,0.983,0.017
8,T6s,0.0,0.0,0.0,1.0,0.0,0.999,0.0,0.001,0.292,0.702,0.006
8,T5s,0.0,1.0,0.0,0.0,0.0,1.0,0.0,0.0,0.984,0.006,0.01
8,T4s,0.0,1.0,0.0,0.0,0.0,0.388,0.0,0.612,0.989,0.005,0.006
8,T3s,0.0,1.0,0.0,0.0,0.0,0.989,0.0,0.011,0.994,0.003,0.003
8,T2s,0.0,1.0,0.0,0.0,0.0,0.063,0.0,0.937,0.993,0.003,0.003
8,A9o,0.0,0.0,0.0,1.0,1.0,0.0,0.0,1.0,0.0,0.0,1.0
8,K9o,0.0,0.0,0.0,1.0,1.0,0.0,0.0,1.0,0.0,0.0,1.0
8,Q9o,0.0,0.0,0.0,1.0,1.0,0.0,0.0,1.0,0.0,0.0,1.0
8,J9o,0.0,0.0,0.0,1.0,1.0,0.013,0.0,0.987,0.001,0.011,0.989
8,T9o,0.0,0.001,0.0,0.999,1.0,0.001,0.0,0.999,0.0,0.462,0.538
8,99,0.0,1.0,0.0,0.0,1.0,0.0,0.0,1.0,0.0,0.0,1.0
8,98s,0.0,0.0,0.001,0.999,1.0,0.0,0.0,1.0,0.001,0.98,0.019
8,97s,0.0,0.0,0.0,1.0,1.0,0.0,0.0,1.0,0.0,0.992,0.008
8,96s,0.0,0.0,0.0,1.0,0.0,0.0,0.0,1.0,0.736,0.264,0.0
8,95s,0.0,0.0,0.0,0.999,0.0,0.0,0.0,1.0,0.998,0.002,0.0
8,94s,0.0,1.0,0.0,0.0,0.0,0.001,0.0,0.999,1.0,0.0,0.0
8,93s,0.0,1.0,0.0,0.0,0.0,0.001,0.0,0.999,1.0,0.0,0.0
8,92s,0.135,0.865,0.0,0.0,0.0,0.001,0.0,0.999,1.0,0.0,0.0
8,A8o,0.0,0.0,0.0,1.0,1.0,0.0,0.0,1.0,0.0,0.0,1.0
8,K8o,0.0,0.0,0.0,1.0,1.0,0.0,0.0,1.0,0.0,0.0,1.0
8,Q8o,0.0,0.0,0.002,0.998,1.0,0.502,0.0,0.498,0.002,0.017,0.981
8,J8o,0.0,0.0,0.001,0.999,0.691,1.0,0.0,0.0,0.03,0.961,0.01
8,T8o,0.0,0.0,0.001,0.999,0.0,1.0,0.0,0.0,0.144,0.847,0.008
8,98o,0.0,0.0,0.0,1.0,0.0,0.0,0.0,1.0,0.459,0.54,0.001
8,88,0.0,1.0,0.0,0.0,1.0,0.0,0.0,1.0,0.0,0.0,1.0
8,87s,0.0,0.0,0.0,1.0,0.0,0.0,0.0,1.0,0.064,0.934,0.002
8,86s,0.0,0.0,0.0,1.0,0.0,0.0,0.0,1.0,0.999,0.001,0.0
8,85s,0.0,0.0,0.0,1.0,0.0,0.0,0.0,1.0,1.0,0.0,0.0
8,84s,0.992,0.008,0.0,0.0,0.0,0.0,0.0,1.0,1.0,0.0,0.0
8,83s,1.0,0.0,0.0,0.0,0.0,0.001,0.0,0.999,1.0,0.0,0.0
8,82s,1.0,0.0,0.0,0.0,0.0,0.0,0.0,1.0,1.0,0.0,0.0
8,A7o,0.0,0.0,0.0,1.0,1.0,0.0,0.0,1.0,0.0,0.0,1.0
8,K7o,0.0,0.0,0.0,1.0,1.0,0.0,0.0,1.0,0.0,0.0,1.0
8,Q7o,0.0,0.101,0.001,0.898,0.001,1.0,0.0,0.0,0.032,0.963,0.005
8,J7o,0.0,1.0,0.0,0.0,0.0,1.0,0.0,0.0,0.132,0.863,0.005
8,T7o,0.0,1.0,0.0,0.0,0.0,1.0,0.0,0.0,0.975,0.016,0.01
8,97o,0.0,1.0,0.0,0.0,0.0,0.003,0.0,0.997,0.99,0.01,0.0
8,87o,0.0,0.001,0.0,0.999,0.0,0.0,0.0,1.0,0.996,0.004,0.0
8,77,0.0,1.0,0.0,0.0,1.0,0.0,0.0,1.0,0.0,0.0,1.0
8,76s,0.0,0.0,0.0,1.0,0.0,0.0,0.0,1.0,0.775,0.225,0.0
8,75s,0.0,0.0,0.0,1.0,0.0,0.0,0.0,1.0,0.994,0.006,0.0
8,74s,0.0,0.0,0.0,1.0,0.0,0.0,0.0,1.0,1.0,0.0,0.0
8,73s,1.0,0.0,0.0,0.0,0.0,0.0,0.0,1.0,1.0,0.0,0.0
8,72s,1.0,0.0,0.0,0.0,0.0,0.971,0.0,0.029,1.0,0.0,0.0
8,A6o,0.0,0.0,0.001,0.999,1.0,0.0,0.0,1.0,0.0,0.0,1.0
8,K6o,0.0,0.0,0.002,0.998,1.0,0.0,0.0,1.0,0.0,0.0,1.0
8,Q6o,0.0,1.0,0.0,0.0,0.0,1.0,0.0,0.0,0.374,0.622,0.004
8,J6o,0.0,1.0,0.0,0.0,0.0,1.0,0.0,0.0,0.989,0.004,0.006
8,T6o,0.0,1.0,0.0,0.0,0.0,1.0,0.0,0.0,0.99,0.004,0.006
8,96o,0.0,1.0,0.0,0.0,0.0,1.0,0.0,0.0,1.0,0.0,0.0
8,86o,0.0,1.0,0.0,0.0,0.0,0.0,0.0,1.0,1.0,0.0,0.0
8,76o,0.687,0.001,0.0,0.313,0.0,0.0,0.0,1.0,1.0,0.0,0.0
8,66,0.0,1.0,0.0,0.0,1.0,0.0,0.0,1.0,0.0,0.0,1.0
8,65s,0.0,0.0,0.0,1.0,0.0,0.0,0.0,1.0,0.999,0.001,0.0
8,64s,0.0,0.0,0.0,1.0,0.0,0.0,0.0,1.0,1.0,0.0,0.0
8,63s,1.0,0.0,0.0,0.0,0.0,0.0,0.0,1.0,1.0,0.0,0.0
8,62s,1.0,0.0,0.0,0.0,0.0,0.008,0.0,0.992,1.0,0.0,0.0
8,A5o,0.0,0.0,0.001,0.999,1.0,0.0,0.0,1.0,0.0,0.0,1.0
8,K5o,0.0,0.0,0.001,0.999,1.0,0.0,0.0,1.0,0.0,0.011,0.988
8,Q5o,0.0,1.0,0.0,0.0,0.0,1.0,0.0,0.0,0.493,0.503,0.004
8,J5o,0.0,1.0,0.0,0.0,0.0,1.0,0.0,0.0,0.989,0.004,0.007
8,T5o,0.0,1.0,0.0,0.0,0.0,1.0,0.0,0.0,0.993,0.003,0.004
8,95o,0.0,1.0,0.0,0.0,0.0,1.0,0.0,0.0,1.0,0.0,0.0
8,85o,0.999,0.001,0.0,0.0,0.0,0.998,0.0,0.002,1.0,0.0,0.0
8,75o,1.0,0.0,0.0,0.0,0.0,0.995,0.0,0.005,1.0,0.0,0.0
8,65o,1.0,0.0,0.0,0.0,0.0,0.451,0.0,0.549,1.0,0.0,0.0
8,55,0.0,0.002,0.001,0.997,1.0,0.0,0.0,1.0,0.0,0.0,1.0
8,54s,0.0,0.0,0.0,1.0,0.0,0.0,0.0,1.0,1.0,0.0,0.0
8,53s,0.0,0.0,0.0,1.0,0.0,0.0,0.0,1.0,1.0,0.0,0.0
8,52s,1.0,0.0,0.0,0.0,0.0,0.0,0.0,1.0,1.0,0.0,0.0
8,A4o,0.0,0.0,0.0,1.0,1.0,0.0,0.0,1.0,0.0,0.0,1.0
8,K4o,0.0,0.0,0.0,1.0,1.0,0.0,0.0,1.0,0.005,0.015,0.98
8,Q4o,0.0,1.0,0.0,0.0,0.0,1.0,0.0,0.0,0.988,0.009,0.003
8,J4o,0.0,1.0,0.0,0.0,0.0,1.0,0.0,0.0,0.994,0.003,0.003
8,T4o,0.0,1.0,0.0,0.0,0.0,1.0,0.0,0.0,0.998,0.002,0.0
8,94o,1.0,0.0,0.0,0.0,0.0,1.0,0.0,0.0,1.0,0.0,0.0
8,84o,1.0,0.0,0.0,0.0,0.0,1.0,0.0,0.0,1.0,0.0,0.0
8,74o,1.0,0.0,0.0,0.0,0.0,1.0,0.0,0.0,1.0,0.0,0.0
8,64o,1.0,0.0,0.0,0.0,0.0,1.0,0.0,0.0,1.0,0.0,0.0
8,54o,1.0,0.0,0.0,0.0,0.0,0.931,0.0,0.069,1.0,0.0,0.0
8,44,0.0,0.0,0.0,1.0,1.0,0.0,0.0,1.0,0.0,0.0,1.0
8,43s,1.0,0.0,0.0,0.0,0.0,0.0,0.0,1.0,1.0,0.0,0.0
8,42s,1.0,0.0,0.0,0.0,0.0,0.001,0.0,0.999,1.0,0.0,0.0
8,A3o,0.0,0.0,0.0,1.0,1.0,0.0,0.0,1.0,0.0,0.0,1.0
8,K3o,0.0,0.0,0.0,1.0,1.0,0.0,0.0,1.0,0.01,0.024,0.966
8,Q3o,0.0,1.0,0.0,0.0,0.0,1.0,0.0,0.0,0.998,0.002,0.0
8,J3o,0.0,1.0,0.0,0.0,0.0,1.0,0.0,0.0,0.998,0.002,0.0
8,T3o,0.0,1.0,0.0,0.0,0.0,1.0,0.0,0.0,0.999,0.001,0.0
8,93o,1.0,0.0,0.0,0.0,0.0,1.0,0.0,0.0,1.0,0.0,0.0
8,83o,1.0,0.0,0.0,0.0,0.0,1.0,0.0,0.0,1.0,0.0,0.0
8,73o,1.0,0.0,0.0,0.0,0.0,1.0,0.0,0.0,1.0,0.0,0.0
8,63o,1.0,0.0,0.0,0.0,0.0,1.0,0.0,0.0,1.0,0.0,0.0
8,53o,1.0,0.0,0.0,0.0,0.0,1.0,0.0,0.0,1.0,0.0,0.0
8,43o,1.0,0.0,0.0,0.0,0.0,1.0,0.0,0.0,1.0,0.0,0.0
8,33,0.0,0.0,0.0,1.0,1.0,0.0,0.0,1.0,0.01,0.009,0.981
8,32s,1.0,0.0,0.0,0.0,0.0,0.001,0.0,0.999,1.0,0.0,0.0
8,A2o,0.0,0.0,0.0,1.0,1.0,0.0,0.0,1.0,0.0,0.0,1.0
8,K2o,0.0,0.0,0.0,1.0,0.783,0.0,0.0,1.0,0.005,0.33,0.665
8,Q2o,0.0,1.0,0.0,0.0,0.0,1.0,0.0,0.0,0.998,0.002,0.0
8,J2o,0.0,1.0,0.0,0.0,0.0,1.0,0.0,0.0,0.998,0.002,0.0
8,T2o,0.996,0.004,0.0,0.0,0.0,1.0,0.0,0.0,0.999,0.001,0.0
8,92o,1.0,0.0,0.0,0.0,0.0,1.0,0.0,0.0,1.0,0.0,0.0
8,82o,1.0,0.0,0.0,0.0,0.0,1.0,0.0,0.0,1.0,0.0,0.0
8,72o,1.0,0.0,0.0,0.0,0.0,1.0,0.0,0.0,1.0,0.0,0.0
8,62o,1.0,0.0,0.0,0.0,0.0,1.0,0.0,0.0,1.0,0.0,0.0
8,52o,1.0,0.0,0.0,0.0,0.0,1.0,0.0,0.0,1.0,0.0,0.0
8,42o,1.0,0.0,0.0,0.0,0.0,1.0,0.0,0.0,1.0,0.0,0.0
8,32o,1.0,0.0,0.0,0.0,0.0,1.0,0.0,0.0,1.0,0.0,0.0
8,22,0.0,0.0,0.0,1.0,1.0,0.0,0.0,1.0,0.012,0.011,0.977
10,AA,0.0,1.0,0.0,0.0,1.0,0.0,0.0,1.0,0.0,0.0,1.0
10,AKs,0.0,1.0,0.0,0.0,1.0,0.0,0.0,1.0,0.0,0.0,1.0
10,AQs,0.0,1.0,0.0,0.0,1.0,0.0,0.0,1.0,0.0,0.0,1.0
10,AJs,0.0,1.0,0.0,0.0,1.0,0.0,0.0,1.0,0.0,0.0,1.0
10,ATs,0.0,1.0,0.0,0.0,1.0,0.0,0.0,1.0,0.0,0.0,1.0
10,A9s,0.0,1.0,0.0,0.0,1.0,0.0,0.0,1.0,0.0,0.0,1.0
10,A8s,0.0,1.0,0.0,0.0,1.0,0.0,0.0,1.0,0.0,0.0,1.0
10,A7s,0.0,1.0,0.0,0.0,1.0,0.0,0.0,1.0,0.0,0.0,1.0
10,A6s,0.0,0.999,0.001,0.0,1.0,0.0,0.0,1.0,0.0,0.0,1.0
10,A5s,0.0,0.999,0.001,0.0,1.0,0.0,0.0,1.0,0.0,0.0,1.0
10,A4s,0.0,0.003,0.002,0.995,1.0,0.0,0.0,1.0,0.0,0.0,1.0
10,A3s,0.0,0.0,0.0,0.999,1.0,0.0,0.0,1.0,0.0,0.0,1.0
10,A2s,0.0,0.0,0.0,1.0,1.0,0.0,0.0,1.0,0.0,0.0,1.0
10,AKo,0.0,0.001,0.561,0.438,1.0,0.0,0.0,1.0,0.0,0.0,1.0
10,KK,0.0,1.0,0.0,0.0,1.0,0.0,0.0,1.0,0.0,0.0,1.0
10,KQs,0.0,1.0,0.0,0.0,1.0,0.0,0.0,1.0,0.0,0.0,1.0
10,KJs,0.0,1.0,0.0,0.0,1.0,0.0,0.0,1.0,0.0,0.0,1.0
10,KTs,0.0,1.0,0.0,0.0,1.0,0.0,0.0,1.0,0.0,0.0,1.0
10,K9s,0.0,1.0,0.0,0.0,1.0,0.0,0.0,1.0,0.0,0.0,1.0
10,K8s,0.0,1.0,0.0,0.0,1.0,0.0,0.0,1.0,0.0,0.0,1.0
10,K7s,0.0,0.999,0.001,0.0,1.0,0.0,0.0,1.0,0.0,0.0,1.0
10,K6s,0.0,0.766,0.234,0.0,1.0,0.0,0.0,1.0,0.0,0.0,1.0
10,K5s,0.0,0.514,0.222,0.264,1.0,0.0,0.0,1.0,0.0,0.0,1.0
10,K4s,0.0,0.0,0.001,0.999,1.0,0.0,0.0,1.0,0.0,0.0,1.0
10,K3s,0.0,0.0,0.0,1.0,1.0,0.0,0.0,1.0,0.0,0.0,1.0
10,K2s,0.0,0.0,0.0,1.0,0.938,0.0,0.0,1.0,0.0,0.0,1.0
10,AQo,0.0,0.013,0.615,0.372,1.0,0.0,0.0,1.0,0.0,0.0,1.0
10,KQo,0.0,0.997,0.003,0.0,1.0,0.0,0.0,1.0,0.0,0.0,1.0
10,QQ,0.0,1.0,0.0,0.0,1.0,0.0,0.0,1.0,0.0,0.0,1.0
10,QJs,0.0,1.0,0.0,0.0,1.0,0.0,0.0,1.0,0.0,0.0,1.0
10,QTs,0.0,1.0,0.0,0.0,1.0,0.0,0.0,1.0,0.0,0.0,1.0
10,Q9s,0.0,0.999,0.001,0.0,1.0,0.0,0.0,1.0,0.0,0.0,1.0
10,Q8s,0.0,0.997,0.003,0.0,1.0,0.0,0.0,0.999,0.0,0.875,0.125
10,Q7s,0.0,0.046,0.954,0.0,1.0,0.017,0.0,0.983,0.0,0.041,0.959
10,Q6s,0.0,0.0,0.335,0.665,1.0,0.703,0.0,0.297,0.0,0.009,0.991
10,Q5s,0.0,0.002,0.001,0.997,0.004,0.994,0.0,0.006,0.0,0.689,0.311
10,Q4s,0.0,0.999,0.0,0.001,0.0,0.002,0.0,0.998,0.0,0.999,0.001
10,Q3s,0.0,1.0,0.0,0.0,0.0,0.001,0.0,0.999,0.0,0.999,0.001
10,Q2s,0.0,1.0,0.0,0.0,0.0,0.001,0.0,0.999,0.0,1.0,0.0
10,AJo,0.0,0.001,0.024,0.975,1.0,0.0,0.0,1.0,0.0,0.0,1.0
10,KJo,0.0,0.992,0.008,0.0,1.0,0.0,0.0,1.0,0.0,0.0,1.0
10,QJo,0.0,0.008,0.203,0.788,1.0,0.0,0.0,1.0,0.0,0.0,1.0
10,JJ,0.0,1.0,0.0,0.0,1.0,0.0,0.0,1.0,0.0,0.0,1.0
10,JTs,0.0,1.0,0.0,0.0,1.0,0.0,0.0,1.0,0.0,0.0,1.0
10,J9s,0.0,1.0,0.0,0.0,1.0,0.0,0.0,1.0,0.0,0.0,1.0
10,J8s,0.0,1.0,0.0,0.0,1.0,0.0,0.0,1.0,0.0,0.002,0.998
10,J7s,0.0,0.832,0.149,0.019,1.0,0.999,0.0,0.001,0.0,0.652,0.348
10,J6s,0.0,1.0,0.0,0.0,0.0,1.0,0.0,0.0,0.0,1.0,0.0
10,J5s,0.0,1.0,0.0,0.0,0.0,1.0,0.0,0.0,0.0,0.551,0.449
10,J4s,0.0,1.0,0.0,0.0,0.0,1.0,0.0,0.0,0.0,1.0,0.0
10,J3s,0.0,1.0,0.0,0.0,0.0,1.0,0.0,0.0,0.0,1.0,0.0
10,J2s,0.0,1.0,0.0,0.0,0.0,1.0,0.0,0.0,0.0,1.0,0.0
10,ATo,0.0,0.596,0.403,0.001,1.0,0.0,0.0,1.0,0.0,0.0,1.0
10,KTo,0.0,0.999,0.001,0.0,1.0,0.0,0.0,1.0,0.0,0.0,1.0
10,QTo,0.0,0.739,0.258,0.002,1.0,0.0,0.0,1.0,0.0,0.0,1.0
10,JTo,0.0,0.0,0.001,0.998,1.0,0.0,0.0,1.0,0.0,0.0,1.0
10,TT,0.0,1.0,0.0,0.0,1.0,0.0,0.0,1.0,0.0,0.0,1.0
10,T9s,0.0,1.0,0.0,0.0,1.0,0.0,0.0,1.0,0.0,0.0,1.0
10,T8s,0.0,1.0,0.0,0.0,1.0,0.0,0.0,1.0,0.0,0.037,0.963
10,T7s,0.0,0.0,0.0,1.0,1.0,0.001,0.0,0.999,0.0,0.593,0.407
10,T6s,0.0,1.0,0.0,0.0,0.0,0.999,0.0,0.001,0.0,0.923,0.077
10,T5s,0.0,1.0,0.0,0.0,0.0,1.0,0.0,0.0,0.0,1.0,0.0
10,T4s,0.0,1.0,0.0,0.0,0.0,1.0,0.0,0.0,0.0,1.0,0.0
10,T3s,0.0,1.0,0.0,0.0,0.0,1.0,0.0,0.0,0.0,1.0,0.0
10,T2s,0.0,1.0,0.0,0.0,0.0,1.0,0.0,0.0,0.0,1.0,0.0
10,A9o,0.0,0.0,0.001,0.999,1.0,0.0,0.0,1.0,0.0,0.0,1.0
10,K9o,0.0,0.166,0.549,0.285,1.0,0.0,0.0,1.0,0.0,0.0,1.0
10,Q9o,0.0,0.0,0.446,0.554,1.0,0.226,0.0,0.774,0.0,0.345,0.655
10,J9o,0.0,0.0,0.308,0.692,0.759,1.0,0.0,0.0,0.0,0.984,0.016
10,T9o,0.0,0.001,0.057,0.941,0.041,0.998,0.0,0.002,0.0,0.998,0.002
10,99,0.0,1.0,0.0,0.0,1.0,0.0,0.0,1.0,0.0,0.0,1.0
10,98s,0.0,0.006,0.0,0.994,1.0,0.0,0.0,1.0,0.0,0.0,1.0
10,97s,0.0,0.0,0.0,1.0,0.0,0.0,0.0,1.0,0.0,0.316,0.684
10,96s,0.0,0.016,0.0,0.984,0.0,0.0,0.0,1.0,0.0,0.4,0.6
10,95s,0.0,1.0,0.0,0.0,0.0,0.0,0.0,1.0,0.0,1.0,0.0
10,94s,0.0,1.0,0.0,0.0,0.0,0.999,0.0,0.001,0.214,0.786,0.0
10,93s,0.0,1.0,0.0,0.0,0.0,0.013,0.0,0.987,0.002,0.998,0.0
10,92s,0.0,1.0,0.0,0.0,0.0,0.035,0.0,0.965,0.008,0.992,0.0
10,A8o,0.0,0.59,0.37,0.041,1.0,0.0,0.0,1.0,0.0,0.0,1.0
10,K8o,0.0,0.001,0.548,0.451,1.0,0.0,0.0,1.0,0.0,0.019,0.981
10,Q8o,0.0,0.004,0.996,0.0,0.039,1.0,0.0,0.0,0.0,1.0,0.0
10,J8o,0.0,1.0,0.0,0.0,0.0,1.0,0.0,0.0,0.002,0.997,0.0
10,T8o,0.0,1.0,0.0,0.0,0.0,1.0,0.0,0.0,0.0,1.0,0.0
10,98o,0.0,1.0,0.0,0.0,0.0,0.999,0.0,0.001,0.0,1.0,0.0
10,88,0.0,1.0,0.0,0.0,1.0,0.0,0.0,1.0,0.0,0.0,1.0
10,87s,0.0,0.0,0.0,1.0,0.585,0.0,0.0,1.0,0.0,0.004,0.996
10,86s,0.0,0.0,0.0,1.0,0.0,0.0,0.0,1.0,0.0,0.437,0.563
10,85s,0.0,1.0,0.0,0.0,0.0,0.0,0.0,1.0,0.0,0.999,0.001
10,84s,0.0,1.0,0.0,0.0,0.0,0.0,0.0,1.0,0.561,0.439,0.0
10,83s,0.0,1.0,0.0,0.0,0.0,0.005,0.0,0.995,0.996,0.004,0.0
10,82s,0.001,0.999,0.0,0.0,0.0,0.001,0.0,0.999,0.996,0.003,0.0
10,A7o,0.0,0.006,0.353,0.641,1.0,0.0,0.0,1.0,0.0,0.0,1.0
10,K7o,0.0,0.0,0.113,0.887,1.0,0.0,0.0,1.0,0.0,0.003,0.997
10,Q7o,0.0,0.997,0.003,0.0,0.0,1.0,0.0,0.0,0.093,0.907,0.0
10,J7o,0.0,1.0,0.0,0.0,0.0,1.0,0.0,0.0,0.862,0.138,0.0
10,T7o,0.0,1.0,0.0,0.0,0.0,1.0,0.0,0.0,0.0,1.0,0.0
10,97o,0.0,1.0,0.0,0.0,0.0,1.0,0.0,0.0,0.0,1.0,0.0
10,87o,0.0,1.0,0.0,0.0,0.0,0.0,0.0,1.0,0.0,1.0,0.0
10,77,0.0,1.0,0.0,0.0,1.0,0.0,0.0,1.0,0.0,0.0,1.0
10,76s,0.0,0.0,0.0,1.0,0.0,0.0,0.0,1.0,0.0,0.001,0.999
10,75s,0.0,0.002,0.0,0.998,0.0,0.0,0.0,1.0,0.0,0.003,0.997
10,74s,0.0,1.0,0.0,0.0,0.0,0.0,0.0,1.0,0.0,1.0,0.0
10,73s,0.002,0.998,0.0,0.0,0.0,0.0,0.0,1.0,0.008,0.992,0.0
10,72s,1.0,0.0,0.0,0.0,0.0,0.002,0.0,0.998,1.0,0.0,0.0
10,A6o,0.0,0.0,0.001,0.999,1.0,0.0,0.0,1.0,0.0,0.0,1.0
10,K6o,0.0,0.0,0.001,0.999,1.0,0.0,0.0,1.0,0.0,0.002,0.998
10,Q6o,0.0,1.0,0.0,0.0,0.0,1.0,0.0,0.0,0.013,0.987,0.0
10,J6o,0.0,1.0,0.0,0.0,0.0,1.0,0.0,0.0,0.997,0.003,0.0
10,T6o,0.0,1.0,0.0,0.0,0.0,1.0,0.0,0.0,0.981,0.019,0.0
10,96o,0.0,1.0,0.0,0.0,0.0,1.0,0.0,0.0,0.003,0.997,0.0
10,86o,0.0,1.0,0.0,0.0,0.0,0.993,0.0,0.007,0.001,0.999,0.0
10,76o,0.0,1.0,0.0,0.0,0.0,0.0,0.0,1.0,0.0,1.0,0.0
10,66,0.0,1.0,0.0,0.0,1.0,0.0,0.0,1.0,0.0,0.0,1.0
10,65s,0.0,0.0,0.0,1.0,0.0,0.0,0.0,1.0,0.0,0.001,0.999
10,64s,0.0,0.03,0.0,0.97,0.0,0.0,0.0,1.0,0.0,0.003,0.997
10,63s,0.01,0.99,0.0,0.0,0.0,0.0,0.0,1.0,0.001,0.999,0.0
10,62s,1.0,0.0,0.0,0.0,0.0,0.0,0.0,1.0,0.014,0.985,0.0
10,A5o,0.0,0.0,0.001,0.999,1.0,0.0,0.0,1.0,0.0,0.0,1.0
10,K5o,0.0,0.0,0.003,0.997,0.579,0.999,0.0,0.001,0.0,0.885,0.115
10,Q5o,0.0,1.0,0.0,0.0,0.0,1.0,0.0,0.0,0.811,0.189,0.0
10,J5o,0.0,1.0,0.0,0.0,0.0,1.0,0.0,0.0,0.997,0.003,0.0
10,T5o,0.0,1.0,0.0,0.0,0.0,1.0,0.0,0.0,1.0,0.0,0.0
10,95o,0.0,1.0,0.0,0.0,0.0,1.0,0.0,0.0,1.0,0.0,0.0
10,85o,0.0,1.0,0.0,0.0,0.0,1.0,0.0,0.0,0.999,0.001,0.0
10,75o,0.0,1.0,0.0,0.0,0.0,0.004,0.0,0.996,0.01,0.99,0.0
10,65o,0.001,0.999,0.0,0.0,0.0,0.0,0.0,1.0,0.001,0.999,0.0
10,55,0.0,1.0,0.0,0.0,1.0,0.0,0.0,1.0,0.0,0.0,1.0
10,54s,0.0,0.0,0.0,1.0,0.0,0.0,0.0,1.0,0.0,0.001,0.999
10,53s,0.019,0.981,0.0,0.0,0.0,0.0,0.0,1.0,0.0,0.003,0.997
10,52s,1.0,0.0,0.0,0.0,0.0,0.0,0.0,1.0,0.001,0.998,0.001
10,A4o,0.0,0.0,0.0,1.0,1.0,0.0,0.0,1.0,0.0,0.0,1.0
10,K4o,0.0,0.0,0.999,0.0,0.0,0.976,0.0,0.024,0.0,1.0,0.0
10,Q4o,0.0,1.0,0.0,0.0,0.0,1.0,0.0,0.0,0.996,0.004,0.0
10,J4o,0.0,1.0,0.0,0.0,0.0,1.0,0.0,0.0,0.999,0.001,0.0
10,T4o,0.0,1.0,0.0,0.0,0.0,1.0,0.0,0.0,1.0,0.0,0.0
10,94o,0.0,1.0,0.0,0.0,0.0,1.0,0.0,0.0,1.0,0.0,0.0
10,84o,0.002,0.998,0.0,0.0,0.0,1.0,0.0,0.0,1.0,0.0,0.0
10,74o,0.999,0.001,0.0,0.0,0.0,1.0,0.0,0.0,1.0,0.0,0.0
10,64o,1.0,0.0,0.0,0.0,0.0,0.914,0.0,0.086,0.999,0.001,0.0
10,54o,1.0,0.0,0.0,0.0,0.0,0.0,0.0,1.0,0.006,0.994,0.0
10,44,0.0,0.0,0.0,1.0,1.0,0.0,0.0,1.0,0.0,0.0,1.0
10,43s,1.0,0.0,0.0,0.0,0.0,0.0,0.0,1.0,0.0,0.521,0.479
10,42s,1.0,0.0,0.0,0.0,0.0,0.0,0.0,1.0,0.006,0.994,0.0
10,A3o,0.0,0.0,0.0,1.0,1.0,0.0,0.0,1.0,0.0,0.0,1.0
10,K3o,0.0,0.41,0.59,0.0,0.0,0.645,0.0,0.355,0.0,1.0,0.0
10,Q3o,0.0,1.0,0.0,0.0,0.0,1.0,0.0,0.0,0.997,0.002,0.0
10,J3o,0.0,1.0,0.0,0.0,0.0,1.0,0.0,0.0,0.999,0.001,0.0
10,T3o,0.0,1.0,0.0,0.0,0.0,1.0,0.0,0.0,1.0,0.0,0.0
10,93o,0.0,1.0,0.0,0.0,0.0,1.0,0.0,0.0,1.0,0.0,0.0
10,83o,1.0,0.0,0.0,0.0,0.0,1.0,0.0,0.0,1.0,0.0,0.0
10,73o,1.0,0.0,0.0,0.0,0.0,1.0,0.0,0.0,1.0,0.0,0.0
10,63o,1.0,0.0,0.0,0.0,0.0,1.0,0.0,0.0,1.0,0.0,0.0
10,53o,1.0,0.0,0.0,0.0,0.0,0.999,0.0,0.001,1.0,0.0,0.0
10,43o,1.0,0.0,0.0,0.0,0.0,1.0,0.0,0.0,1.0,0.0,0.0
10,33,0.0,0.0,0.0,1.0,1.0,0.0,0.0,1.0,0.0,0.0,1.0
10,32s,1.0,0.0,0.0,0.0,0.0,0.0,0.0,1.0,0.052,0.948,0.0
10,A2o,0.0,0.0,0.0,1.0,1.0,0.0,0.0,1.0,0.0,0.0,1.0
10,K2o,0.0,0.984,0.016,0.0,0.0,0.004,0.0,0.996,0.0,1.0,0.0
10,Q2o,0.0,1.0,0.0,0.0,0.0,1.0,0.0,0.0,0.998,0.002,0.0
10,J2o,0.0,1.0,0.0,0.0,0.0,1.0,0.0,0.0,0.999,0.0,0.0
10,T2o,0.0,1.0,0.0,0.0,0.0,1.0,0.0,0.0,1.0,0.0,0.0
10,92o,0.001,0.999,0.0,0.0,0.0,1.0,0.0,0.0,1.0,0.0,0.0
10,82o,1.0,0.0,0.0,0.0,0.0,1.0,0.0,0.0,1.0,0.0,0.0
10,72o,1.0,0.0,0.0,0.0,0.0,1.0,0.0,0.0,1.0,0.0,0.0
10,62o,1.0,0.0,0.0,0.0,0.0,1.0,0.0,0.0,1.0,0.0,0.0
10,52o,1.0,0.0,0.0,0.0,0.0,1.0,0.0,0.0,1.0,0.0,0.0
10,42o,1.0,0.0,0.0,0.0,0.0,1.0,0.0,0.0,1.0,0.0,0.0
10,32o,1.0,0.0,0.0,0.0,0.0,1.0,0.0,0.0,1.0,0.0,0.0
10,22,0.0,0.0,0.0,1.0,1.0,0.0,0.0,1.0,0.0,0.0,1.0
12,AA,0.0,1.0,0.0,0.0,1.0,0.0,0.0,1.0,0.0,0.0,1.0
12,AKs,0.0,0.999,0.001,0.0,1.0,0.0,0.0,1.0,0.0,0.0,1.0
12,AQs,0.0,0.999,0.001,0.0,1.0,0.0,0.0,1.0,0.0,0.0,1.0
12,AJs,0.0,0.999,0.001,0.0,1.0,0.0,0.0,1.0,0.0,0.0,1.0
12,ATs,0.0,1.0,0.0,0.0,1.0,0.0,0.0,1.0,0.0,0.0,1.0
12,A9s,0.0,0.999,0.001,0.0,1.0,0.0,0.0,1.0,0.0,0.0,1.0
12,A8s,0.0,1.0,0.0,0.0,1.0,0.0,0.0,1.0,0.0,0.0,1.0
12,A7s,0.0,0.999,0.001,0.0,1.0,0.0,0.0,1.0,0.0,0.0,1.0
12,A6s,0.0,0.998,0.002,0.0,1.0,0.0,0.0,1.0,0.0,0.0,1.0
12,A5s,0.0,0.999,0.001,0.0,1.0,0.0,0.0,1.0,0.0,0.0,1.0
12,A4s,0.0,0.007,0.993,0.0,1.0,0.0,0.0,1.0,0.0,0.0,1.0
12,A3s,0.0,0.0,0.003,0.997,1.0,0.0,0.0,1.0,0.0,0.0,1.0
12,A2s,0.0,0.0,0.001,0.999,1.0,0.0,0.0,1.0,0.0,0.0,1.0
12,AKo,0.0,0.001,0.999,0.0,1.0,0.0,0.0,1.0,0.0,0.0,1.0
12,KK,0.0,1.0,0.0,0.0,1.0,0.0,0.001,0.999,0.0,0.0,1.0
12,KQs,0.0,0.999,0.0,0.0,1.0,0.0,0.0,1.0,0.0,0.0,1.0
12,KJs,0.0,1.0,0.0,0.0,1.0,0.0,0.0,1.0,0.0,0.0,1.0
12,KTs,0.0,1.0,0.0,0.0,1.0,0.0,0.0,1.0,0.0,0.0,1.0
12,K9s,0.0,0.999,0.001,0.0,1.0,0.0,0.0,1.0,0.0,0.0,1.0
12,K8s,0.0,0.814,0.186,0.0,1.0,0.0,0.0,1.0,0.0,0.0,1.0
12,K7s,0.0,0.001,0.999,0.0,1.0,0.0,0.0,1.0,0.0,0.0,1.0
12,K6s,0.0,0.0,1.0,0.0,1.0,0.0,0.0,1.0,0.0,0.0,1.0
12,K5s,0.0,0.0,1.0,0.0,1.0,0.0,0.0,1.0,0.0,0.0,1.0
12,K4s,0.0,0.0,0.976,0.024,0.001,0.0,0.0,1.0,0.0,0.001,0.999
12,K3s,0.0,0.0,0.001,0.999,0.0,0.0,0.0,1.0,0.0,0.001,0.999
12,K2s,0.0,0.0,0.801,0.199,0.0,0.0,0.0,1.0,0.0,0.001,0.999
12,AQo,0.0,0.002,0.998,0.0,1.0,0.0,0.0,1.0,0.0,0.0,1.0
12,KQo,0.0,0.984,0.016,0.0,1.0,0.0,0.0,1.0,0.0,0.0,1.0
12,QQ,0.0,1.0,0.0,0.0,1.0,0.0,0.001,0.999,0.0,0.0,1.0
12,QJs,0.0,0.999,0.001,0.0,1.0,0.0,0.0,1.0,0.0,0.0,1.0
12,QTs,0.0,0.999,0.001,0.0,1.0,0.0,0.0,1.0,0.0,0.0,1.0
12,Q9s,0.0,0.998,0.002,0.0,1.0,0.0,0.0,1.0,0.0,0.0,1.0
12,Q8s,0.0,0.816,0.184,0.0,1.0,0.0,0.002,0.997,0.0,0.006,0.994
12,Q7s,0.0,0.051,0.949,0.001,1.0,0.997,0.0,0.003,0.0,0.981,0.019
12,Q6s,0.0,0.995,0.005,0.0,1.0,0.99,0.0,0.01,0.0,1.0,0.0
12,Q5s,0.0,0.999,0.001,0.0,0.0,0.998,0.0,0.002,0.0,1.0,0.0
12,Q4s,0.0,1.0,0.0,0.0,0.0,0.999,0.0,0.001,0.0,1.0,0.0
12,Q3s,0.0,1.0,0.0,0.0,0.0,0.001,0.0,0.998,0.0,1.0,0.0
12,Q2s,0.0,1.0,0.0,0.0,0.0,0.001,0.0,0.999,0.0,1.0,0.0
12,AJo,0.0,0.001,0.999,0.0,1.0,0.0,0.0,1.0,0.0,0.0,1.0
12,KJo,0.0,0.403,0.597,0.0,1.0,0.0,0.0,1.0,0.0,0.0,1.0
12,QJo,0.0,0.003,0.995,0.002,1.0,0.0,0.0,1.0,0.0,0.0,1.0
12,JJ,0.0,1.0,0.0,0.0,1.0,0.0,0.0,1.0,0.0,0.0,1.0
12,JTs,0.0,1.0,0.0,0.0,1.0,0.0,0.0,1.0,0.0,0.0,1.0
12,J9s,0.0,0.999,0.001,0.0,1.0,0.0,0.0,1.0,0.0,0.0,1.0
12,J8s,0.0,0.985,0.014,0.001,1.0,0.001,0.0,0.999,0.0,0.001,0.999
12,J7s,0.0,1.0,0.0,0.0,0.992,1.0,0.0,0.0,0.0,0.463,0.537
12,J6s,0.0,1.0,0.0,0.0,0.0,1.0,0.0,0.0,0.0,1.0,0.0
12,J5s,0.0,1.0,0.0,0.0,0.0,1.0,0.0,0.0,0.0,1.0,0.0
12,J4s,0.0,1.0,0.0,0.0,0.0,1.0,0.0,0.0,0.0,1.0,0.0
12,J3s,0.0,1.0,0.0,0.0,0.0,1.0,0.0,0.0,0.0,1.0,0.0
12,J2s,0.0,1.0,0.0,0.0,0.0,1.0,0.0,0.0,0.0,1.0,0.0
12,ATo,0.0,0.01,0.99,0.0,1.0,0.0,0.0,1.0,0.0,0.0,1.0
12,KTo,0.0,0.99,0.01,0.0,1.0,0.0,0.0,1.0,0.0,0.0,1.0
12,QTo,0.0,0.204,0.43,0.366,1.0,0.0,0.0,1.0,0.0,0.0,1.0
12,JTo,0.0,0.015,0.363,0.622,1.0,0.0,0.0,1.0,0.0,0.0,1.0
12,TT,0.0,1.0,0.0,0.0,1.0,0.0,0.0,1.0,0.0,0.0,1.0
12,T9s,0.0,1.0,0.0,0.0,1.0,0.0,0.0,1.0,0.0,0.0,1.0
12,T8s,0.0,1.0,0.0,0.0,1.0,0.0,0.0,1.0,0.0,0.0,1.0
12,T7s,0.0,1.0,0.0,0.0,1.0,0.001,0.0,0.999,0.0,0.001,0.999
12,T6s,0.0,1.0,0.0,0.0,0.0,0.999,0.0,0.001,0.0,0.37,0.63
12,T5s,0.0,1.0,0.0,0.0,0.0,1.0,0.0,0.0,0.0,1.0,0.0
12,T4s,0.0,1.0,0.0,0.0,0.0,1.0,0.0,0.0,0.0,1.0,0.0
12,T3s,0.0,1.0,0.0,0.0,0.0,1.0,0.0,0.0,0.0,1.0,0.0
12,T2s,0.0,1.0,0.0,0.0,0.0,1.0,0.0,0.0,0.0,1.0,0.0
12,A9o,0.0,0.001,0.532,0.467,1.0,0.0,0.0,1.0,0.0,0.0,1.0
12,K9o,0.0,0.334,0.666,0.0,1.0,0.0,0.0,1.0,0.0,0.0,1.0
12,Q9o,0.0,0.0,1.0,0.0,0.336,0.833,0.002,0.165,0.0,1.0,0.0
12,J9o,0.0,0.408,0.592,0.0,0.0,1.0,0.0,0.0,0.0,1.0,0.0
12,T9o,0.0,0.009,0.991,0.0,0.446,0.766,0.0,0.234,0.0,0.995,0.005
12,99,0.0,1.0,0.0,0.0,1.0,0.0,0.0,1.0,0.0,0.0,1.0
12,98s,0.0,0.011,0.0,0.989,1.0,0.0,0.0,1.0,0.0,0.0,1.0
12,97s,0.0,0.862,0.0,0.138,1.0,0.0,0.0,1.0,0.0,0.001,0.999
12,96s,0.0,1.0,0.0,0.0,0.0,0.0,0.0,1.0,0.0,0.002,0.998
12,95s,0.0,1.0,0.0,0.0,0.0,0.002,0.0,0.998,0.0,1.0,0.0
12,94s,0.0,1.0,0.0,0.0,0.0,1.0,0.0,0.0,0.001,0.999,0.0
12,93s,0.0,1.0,0.0,0.0,0.0,0.943,0.0,0.057,0.001,0.999,0.0
12,92s,0.0,1.0,0.0,0.0,0.0,0.016,0.0,0.984,0.46,0.54,0.0
12,A8o,0.0,0.823,0.176,0.001,1.0,0.0,0.0,1.0,0.0,0.0,1.0
12,K8o,0.0,0.0,0.999,0.0,1.0,0.0,0.0,1.0,0.0,1.0,0.0
12,Q8o,0.0,0.04,0.96,0.0,0.0,1.0,0.0,0.0,0.0,1.0,0.0
12,J8o,0.0,1.0,0.0,0.0,0.0,1.0,0.0,0.0,0.0,1.0,0.0
12,T8o,0.0,1.0,0.0,0.0,0.0,1.0,0.0,0.0,0.0,1.0,0.0
12,98o,0.0,1.0,0.0,0.0,0.0,1.0,0.0,0.0,0.0,1.0,0.0
12,88,0.0,1.0,0.0,0.0,1.0,0.0,0.0,1.0,0.0,0.0,1.0
12,87s,0.0,0.0,0.0,1.0,1.0,0.0,0.0,1.0,0.0,0.0,1.0
12,86s,0.0,1.0,0.0,0.0,0.014,0.0,0.0,1.0,0.0,0.001,0.999
12,85s,0.0,1.0,0.0,0.0,0.0,0.0,0.0,1.0,0.0,0.004,0.996
12,84s,0.0,1.0,0.0,0.0,0.0,0.0,0.0,1.0,0.0,1.0,0.0
12,83s,0.0,1.0,0.0,0.0,0.0,0.945,0.0,0.055,0.332,0.668,0.0
12,82s,0.0,1.0,0.0,0.0,0.0,0.001,0.0,0.999,0.913,0.087,0.0
12,A7o,0.0,0.002,0.85,0.148,1.0,0.0,0.0,1.0,0.0,0.0,1.0
12,K7o,0.0,0.0,1.0,0.0,0.546,0.78,0.001,0.219,0.0,1.0,0.0
12,Q7o,0.0,0.996,0.004,0.0,0.0,1.0,0.0,0.0,0.0,1.0,0.0
12,J7o,0.0,1.0,0.0,0.0,0.0,1.0,0.0,0.0,0.007,0.993,0.0
12,T7o,0.0,1.0,0.0,0.0,0.0,1.0,0.0,0.0,0.0,1.0,0.0
12,97o,0.0,1.0,0.0,0.0,0.0,1.0,0.0,0.0,0.0,1.0,0.0
12,87o,0.0,1.0,0.0,0.0,0.0,0.001,0.0,0.999,0.0,1.0,0.0
12,77,0.0,1.0,0.0,0.0,1.0,0.0,0.0,1.0,0.0,0.0,1.0
12,76s,0.0,0.002,0.0,0.998,0.389,0.0,0.0,1.0,0.0,0.0,1.0
12,75s,0.0,1.0,0.0,0.0,0.0,0.0,0.0,1.0,0.0,0.001,0.999
12,74s,0.0,1.0,0.0,0.0,0.0,0.0,0.0,1.0,0.0,0.01,0.99
12,73s,0.0,1.0,0.0,0.0,0.0,0.0,0.0,1.0,0.003,0.997,0.0
12,72s,0.002,0.998,0.0,0.0,0.0,0.001,0.0,0.999,0.999,0.0,0.0
12,A6o,0.0,0.0,1.0,0.0,1.0,0.0,0.0,1.0,0.0,0.0,1.0
12,K6o,0.0,0.0,1.0,0.0,0.0,1.0,0.0,0.0,0.0,1.0,0.0
12,Q6o,0.0,0.999,0.001,0.0,0.0,1.0,0.0,0.0,0.002,0.998,0.0
12,J6o,0.0,1.0,0.0,0.0,0.0,1.0,0.0,0.0,0.998,0.002,0.0
12,T6o,0.0,1.0,0.0,0.0,0.0,1.0,0.0,0.0,0.995,0.005,0.0
12,96o,0.0,1.0,0.0,0.0,0.0,1.0,0.0,0.0,0.988,0.012,0.0
12,86o,0.0,1.0,0.0,0.0,0.0,0.999,0.0,0.001,0.001,0.999,0.0
12,76o,0.0,1.0,0.0,0.0,0.0,0.0,0.0,1.0,0.0,1.0,0.0
12,66,0.0,1.0,0.0,0.0,1.0,0.0,0.0,1.0,0.0,0.0,1.0
12,65s,0.0,1.0,0.0,0.0,0.0,0.0,0.0,1.0,0.0,0.0,1.0
12,64s,0.0,1.0,0.0,0.0,0.0,0.0,0.0,1.0,0.0,0.001,0.999
12,63s,0.0,1.0,0.0,0.0,0.0,0.0,0.0,1.0,0.0,0.955,0.045
12,62s,0.997,0.003,0.0,0.0,0.0,0.0,0.0,1.0,0.127,0.873,0.0
12,A5o,0.0,0.0,0.998,0.002,1.0,0.0,0.0,1.0,0.0,0.0,1.0
12,K5o,0.0,0.0,1.0,0.0,0.0,1.0,0.0,0.0,0.0,1.0,0.0
12,Q5o,0.0,1.0,0.0,0.0,0.0,1.0,0.0,0.0,0.048,0.952,0.0
12,J5o,0.0,1.0,0.0,0.0,0.0,1.0,0.0,0.0,0.998,0.002,0.0
12,T5o,0.0,1.0,0.0,0.0,0.0,1.0,0.0,0.0,1.0,0.0,0.0
12,95o,0.0,1.0,0.0,0.0,0.0,1.0,0.0,0.0,0.999,0.001,0.0
12,85o,0.0,1.0,0.0,0.0,0.0,1.0,0.0,0.0,0.999,0.001,0.0
12,75o,0.0,1.0,0.0,0.0,0.0,0.658,0.0,0.342,0.946,0.054,0.0
12,65o,0.0,1.0,0.0,0.0,0.0,0.0,0.0,1.0,0.003,0.997,0.0
12,55,0.0,1.0,0.0,0.0,1.0,0.0,0.0,1.0,0.0,0.0,1.0
12,54s,0.0,1.0,0.0,0.0,0.0,0.0,0.0,1.0,0.0,0.001,0.999
12,53s,0.0,1.0,0.0,0.0,0.0,0.0,0.0,1.0,0.0,0.001,0.999
12,52s,0.018,0.982,0.0,0.0,0.0,0.0,0.0,1.0,0.001,0.998,0.001
12,A4o,0.0,0.0,0.001,0.999,1.0,0.0,0.0,1.0,0.0,0.0,1.0
12,K4o,0.0,0.001,0.999,0.0,0.0,1.0,0.0,0.0,0.0,1.0,0.0
12,Q4o,0.0,1.0,0.0,0.0,0.0,1.0,0.0,0.0,0.969,0.031,0.0
12,J4o,0.0,1.0,0.0,0.0,0.0,1.0,0.0,0.0,0.999,0.001,0.0
12,T4o,0.0,1.0,0.0,0.0,0.0,1.0,0.0,0.0,1.0,0.0,0.0
12,94o,0.0,1.0,0.0,0.0,0.0,1.0,0.0,0.0,1.0,0.0,0.0
12,84o,0.0,1.0,0.0,0.0,0.0,1.0,0.0,0.0,1.0,0.0,0.0
12,74o,0.0,1.0,0.0,0.0,0.0,1.0,0.0,0.0,1.0,0.0,0.0
12,64o,0.001,0.999,0.0,0.0,0.0,0.971,0.0,0.029,0.999,0.0,0.0
12,54o,0.001,0.999,0.0,0.0,0.0,0.001,0.0,0.999,0.027,0.973,0.0
12,44,0.0,0.0,0.0,0.999,1.0,0.0,0.0,1.0,0.0,0.0,1.0
12,43s,0.001,0.999,0.0,0.0,0.0,0.0,0.0,1.0,0.0,0.002,0.998
12,42s,1.0,0.0,0.0,0.0,0.0,0.0,0.0,1.0,0.004,0.995,0.0
12,A3o,0.0,0.0,0.0,1.0,1.0,0.0,0.0,1.0,0.0,0.0,1.0
12,K3o,0.0,0.002,0.998,0.0,0.0,1.0,0.0,0.0,0.0,1.0,0.0
12,Q3o,0.0,1.0,0.0,0.0,0.0,1.0,0.0,0.0,0.997,0.003,0.0
12,J3o,0.0,1.0,0.0,0.0,0.0,1.0,0.0,0.0,0.999,0.001,0.0
12,T3o,0.0,1.0,0.0,0.0,0.0,1.0,0.0,0.0,1.0,0.0,0.0
12,93o,0.0,1.0,0.0,0.0,0.0,1.0,0.0,0.0,1.0,0.0,0.0
12,83o,0.015,0.985,0.0,0.0,0.0,1.0,0.0,0.0,1.0,0.0,0.0
12,73o,1.0,0.0,0.0,0.0,0.0,1.0,0.0,0.0,1.0,0.0,0.0
12,63o,1.0,0.0,0.0,0.0,0.0,1.0,0.0,0.0,1.0,0.0,0.0
12,53o,1.0,0.0,0.0,0.0,0.0,0.015,0.0,0.985,1.0,0.0,0.0
12,43o,1.0,0.0,0.0,0.0,0.0,1.0,0.0,0.0,1.0,0.0,0.0
12,33,0.0,0.0,0.0,1.0,1.0,0.0,0.0,1.0,0.0,0.0,1.0
12,32s,1.0,0.0,0.0,0.0,0.0,0.0,0.0,1.0,0.016,0.984,0.0
12,A2o,0.0,0.0,0.0,1.0,0.994,0.0,0.0,1.0,0.0,0.0,1.0
12,K2o,0.0,0.177,0.823,0.0,0.0,0.986,0.0,0.014,0.0,1.0,0.0
12,Q2o,0.0,1.0,0.0,0.0,0.0,1.0,0.0,0.0,0.998,0.002,0.0
12,J2o,0.0,1.0,0.0,0.0,0.0,1.0,0.0,0.0,0.999,0.001,0.0
12,T2o,0.0,1.0,0.0,0.0,0.0,1.0,0.0,0.0,1.0,0.0,0.0
12,92o,0.0,1.0,0.0,0.0,0.0,1.0,0.0,0.0,1.0,0.0,0.0
12,82o,0.999,0.001,0.0,0.0,0.0,1.0,0.0,0.0,1.0,0.0,0.0
12,72o,1.0,0.0,0.0,0.0,0.0,1.0,0.0,0.0,1.0,0.0,0.0
12,62o,1.0,0.0,0.0,0.0,0.0,1.0,0.0,0.0,1.0,0.0,0.0
12,52o,1.0,0.0,0.0,0.0,0.0,1.0,0.0,0.0,1.0,0.0,0.0
12,42o,1.0,0.0,0.0,0.0,0.0,1.0,0.0,0.0,1.0,0.0,0.0
12,32o,1.0,0.0,0.0,0.0,0.0,1.0,0.0,0.0,1.0,0.0,0.0
12,22,0.0,0.0,0.0,1.0,1.0,0.0,0.0,1.0,0.0,0.0,1.0
15,AA,0.0,1.0,0.0,0.0,1.0,0.0,0.002,0.998,0.0,0.0,1.0
15,AKs,0.0,0.999,0.001,0.0,1.0,0.0,0.0,1.0,0.0,0.0,1.0
15,AQs,0.0,0.999,0.001,0.0,1.0,0.0,0.0,1.0,0.0,0.0,1.0
15,AJs,0.0,1.0,0.0,0.0,1.0,0.0,0.0,1.0,0.0,0.0,1.0
15,ATs,0.0,1.0,0.0,0.0,1.0,0.0,0.0,1.0,0.0,0.0,1.0
15,A9s,0.0,0.999,0.001,0.0,1.0,0.0,0.0,1.0,0.0,0.0,1.0
15,A8s,0.0,0.999,0.001,0.0,1.0,0.0,0.0,1.0,0.0,0.0,1.0
15,A7s,0.0,0.999,0.001,0.0,1.0,0.0,0.0,1.0,0.0,0.0,1.0
15,A6s,0.0,0.999,0.001,0.0,1.0,0.0,0.0,1.0,0.0,0.0,1.0
15,A5s,0.0,0.999,0.001,0.0,1.0,0.0,0.0,1.0,0.0,0.0,1.0
15,A4s,0.0,0.996,0.004,0.0,1.0,0.0,0.0,1.0,0.0,0.0,1.0
15,A3s,0.0,0.001,0.999,0.0,1.0,0.0,0.0,1.0,0.0,0.0,1.0
15,A2s,0.0,0.0,0.003,0.997,1.0,0.0,0.0,1.0,0.0,0.0,1.0
15,AKo,0.0,0.01,0.99,0.0,1.0,0.0,0.0,1.0,0.0,0.0,1.0
15,KK,0.0,1.0,0.0,0.0,1.0,0.0,0.831,0.169,0.0,0.0,1.0
15,KQs,0.0,0.999,0.001,0.0,1.0,0.0,0.0,1.0,0.0,0.0,1.0
15,KJs,0.0,1.0,0.0,0.0,1.0,0.0,0.0,1.0,0.0,0.0,1.0
15,KTs,0.0,1.0,0.0,0.0,1.0,0.0,0.0,1.0,0.0,0.0,1.0
15,K9s,0.0,0.992,0.008,0.0,1.0,0.0,0.33,0.67,0.0,0.001,0.999
15,K8s,0.0,0.023,0.977,0.0,1.0,0.0,0.743,0.257,0.0,0.559,0.441
15,K7s,0.0,0.361,0.639,0.0,1.0,0.0,0.131,0.869,0.0,0.004,0.996
15,K6s,0.0,0.944,0.056,0.0,1.0,0.0,0.004,0.996,0.0,0.042,0.958
15,K5s,0.0,0.047,0.953,0.0,0.002,0.0,0.153,0.847,0.0,0.347,0.653
15,K4s,0.0,0.856,0.144,0.0,0.0,0.082,0.0,0.918,0.0,0.016,0.984
15,K3s,0.0,0.973,0.027,0.0,0.0,0.002,0.0,0.998,0.0,0.988,0.012
15,K2s,0.0,0.998,0.002,0.0,0.0,0.0,0.0,1.0,0.0,0.998,0.002
15,AQo,0.0,0.121,0.879,0.0,1.0,0.0,0.0,1.0,0.0,0.0,1.0
15,KQo,0.0,0.985,0.014,0.0,1.0,0.0,0.0,1.0,0.0,0.0,1.0
15,QQ,0.0,1.0,0.0,0.0,1.0,0.0,0.151,0.849,0.0,0.0,1.0
15,QJs,0.0,0.998,0.002,0.0,1.0,0.0,0.0,1.0,0.0,0.0,1.0
15,QTs,0.0,0.996,0.004,0.0,1.0,0.0,0.0,1.0,0.0,0.0,1.0
15,Q9s,0.0,0.959,0.041,0.0,1.0,0.0,0.0,1.0,0.0,0.97,0.03
15,Q8s,0.0,0.975,0.025,0.0,0.015,0.782,0.001,0.218,0.0,1.0,0.0
15,Q7s,0.0,0.998,0.002,0.0,0.0,1.0,0.0,0.0,0.0,1.0,0.0
15,Q6s,0.0,1.0,0.0,0.0,0.0,1.0,0.0,0.0,0.0,1.0,0.0
15,Q5s,0.0,1.0,0.0,0.0,0.0,1.0,0.0,0.0,0.0,1.0,0.0
15,Q4s,0.0,1.0,0.0,0.0,0.0,1.0,0.0,0.0,0.0,1.0,0.0
15,Q3s,0.0,1.0,0.0,0.0,0.0,1.0,0.0,0.0,0.0,1.0,0.0
15,Q2s,0.0,1.0,0.0,0.0,0.0,1.0,0.0,0.0,0.0,1.0,0.0
15,AJo,0.0,0.612,0.388,0.0,1.0,0.0,0.0,1.0,0.0,0.0,1.0
15,KJo,0.0,0.989,0.011,0.0,1.0,0.0,0.0,1.0,0.0,0.083,0.917
15,QJo,0.0,0.097,0.674,0.228,1.0,0.0,0.0,1.0,0.0,0.0,1.0
15,JJ,0.0,1.0,0.0,0.0,1.0,0.0,0.049,0.951,0.0,0.0,1.0
15,JTs,0.0,0.999,0.001,0.0,1.0,0.0,0.0,1.0,0.0,0.0,1.0
15,J9s,0.0,0.997,0.001,0.002,1.0,0.0,0.0,1.0,0.0,0.0,1.0
15,J8s,0.0,0.999,0.001,0.0,1.0,0.001,0.0,0.999,0.0,0.001,0.999
15,J7s,0.0,1.0,0.0,0.0,0.0,1.0,0.0,0.0,0.0,0.805,0.195
15,J6s,0.0,1.0,0.0,0.0,0.0,1.0,0.0,0.0,0.0,1.0,0.0
15,J5s,0.0,1.0,0.0,0.0,0.0,1.0,0.0,0.0,0.0,1.0,0.0
15,J4s,0.0,1.0,0.0,0.0,0.0,1.0,0.0,0.0,0.0,1.0,0.0
15,J3s,0.0,1.0,0.0,0.0,0.0,1.0,0.0,0.0,0.0,1.0,0.0
15,J2s,0.0,1.0,0.0,0.0,0.0,1.0,0.0,0.0,0.0,1.0,0.0
15,ATo,0.0,0.986,0.014,0.0,1.0,0.0,0.0,1.0,0.0,0.0,1.0
15,KTo,0.0,0.991,0.009,0.0,1.0,0.0,0.0,1.0,0.0,0.007,0.993
15,QTo,0.0,0.028,0.629,0.344,0.914,0.0,0.097,0.903,0.0,0.104,0.896
15,JTo,0.0,0.009,0.99,0.0,0.696,0.0,0.042,0.957,0.0,0.007,0.993
15,TT,0.0,1.0,0.0,0.0,1.0,0.0,0.0,1.0,0.0,0.0,1.0
15,T9s,0.0,0.684,0.0,0.316,1.0,0.0,0.0,1.0,0.0,0.0,1.0
15,T8s,0.0,1.0,0.0,0.0,1.0,0.0,0.0,1.0,0.0,0.0,1.0
15,T7s,0.0,1.0,0.0,0.0,0.079,0.001,0.0,0.999,0.0,0.001,0.999
15,T6s,0.0,1.0,0.0,0.0,0.0,1.0,0.0,0.0,0.0,0.713,0.287
15,T5s,0.0,1.0,0.0,0.0,0.0,1.0,0.0,0.0,0.0,1.0,0.0
15,T4s,0.0,1.0,0.0,0.0,0.0,1.0,0.0,0.0,0.0,1.0,0.0
15,T3s,0.0,1.0,0.0,0.0,0.0,1.0,0.0,0.0,0.0,1.0,0.0
15,T2s,0.0,1.0,0.0,0.0,0.0,1.0,0.0,0.0,0.0,1.0,0.0
15,A9o,0.0,0.03,0.97,0.0,1.0,0.0,0.0,1.0,0.0,0.0,1.0
15,K9o,0.0,0.0,1.0,0.0,0.0,0.0,0.509,0.491,0.0,1.0,0.0
15,Q9o,0.0,0.501,0.499,0.0,0.0,0.999,0.001,0.0,0.0,1.0,0.0
15,J9o,0.0,0.998,0.002,0.0,0.0,1.0,0.0,0.0,0.0,1.0,0.0
15,T9o,0.0,0.834,0.166,0.0,0.001,1.0,0.0,0.0,0.0,0.999,0.001
15,99,0.0,1.0,0.0,0.0,1.0,0.0,0.001,0.999,0.0,0.0,1.0
15,98s,0.0,0.001,0.0,0.999,1.0,0.0,0.0,1.0,0.0,0.0,1.0
15,97s,0.0,1.0,0.0,0.0,0.008,0.0,0.0,1.0,0.0,0.0,1.0
15,96s,0.0,1.0,0.0,0.0,0.0,0.0,0.0,1.0,0.0,0.031,0.969
15,95s,0.0,1.0,0.0,0.0,0.0,0.999,0.0,0.001,0.0,1.0,0.0
15,94s,0.0,1.0,0.0,0.0,0.0,1.0,0.0,0.0,0.009,0.991,0.0
15,93s,0.0,1.0,0.0,0.0,0.0,1.0,0.0,0.0,0.013,0.987,0.0
15,92s,0.0,1.0,0.0,0.0,0.0,1.0,0.0,0.0,0.257,0.743,0.0
15,A8o,0.0,0.335,0.665,0.0,1.0,0.0,0.0,1.0,0.0,0.0,1.0
15,K8o,0.0,0.0,1.0,0.0,0.0,0.611,0.389,0.0,0.0,1.0,0.0
15,Q8o,0.0,0.995,0.005,0.0,0.0,1.0,0.0,0.0,0.0,1.0,0.0
15,J8o,0.0,1.0,0.0,0.0,0.0,1.0,0.0,0.0,0.0,1.0,0.0
15,T8o,0.0,1.0,0.0,0.0,0.0,1.0,0.0,0.0,0.0,1.0,0.0
15,98o,0.0,1.0,0.0,0.0,0.0,1.0,0.0,0.0,0.0,1.0,0.0
15,88,0.0,1.0,0.0,0.0,1.0,0.0,0.035,0.965,0.0,0.0,1.0
15,87s,0.0,1.0,0.0,0.0,0.999,0.0,0.0,1.0,0.0,0.0,1.0
15,86s,0.0,1.0,0.0,0.0,0.003,0.0,0.0,1.0,0.0,0.0,0.999
15,85s,0.0,1.0,0.0,0.0,0.0,0.0,0.0,1.0,0.0,0.883,0.117
15,84s,0.0,1.0,0.0,0.0,0.0,0.067,0.0,0.933,0.001,0.999,0.0
15,83s,0.0,1.0,0.0,0.0,0.0,1.0,0.0,0.0,0.947,0.053,0.0
15,82s,0.0,1.0,0.0,0.0,0.0,1.0,0.0,0.0,0.852,0.148,0.0
15,A7o,0.0,0.675,0.325,0.0,1.0,0.0,0.0,1.0,0.0,0.0,1.0
15,K7o,0.0,0.0,1.0,0.0,0.0,0.689,0.311,0.0,0.0,1.0,0.0
15,Q7o,0.0,0.999,0.001,0.0,0.0,1.0,0.0,0.0,0.12,0.88,0.0
15,J7o,0.0,1.0,0.0,0.0,0.0,1.0,0.0,0.0,0.967,0.033,0.0
15,T7o,0.0,1.0,0.0,0.0,0.0,1.0,0.0,0.0,0.0,1.0,0.0
15,97o,0.0,1.0,0.0,0.0,0.0,1.0,0.0,0.0,0.0,1.0,0.0
15,87o,0.0,1.0,0.0,0.0,0.0,0.454,0.0,0.546,0.0,1.0,0.0
15,77,0.0,1.0,0.0,0.0,1.0,0.0,0.167,0.833,0.0,0.0,1.0
15,76s,0.0,1.0,0.0,0.0,1.0,0.0,0.0,1.0,0.0,0.0,1.0
15,75s,0.0,1.0,0.0,0.0,0.0,0.0,0.0,1.0,0.0,0.001,0.999
15,74s,0.0,1.0,0.0,0.0,0.0,0.0,0.0,1.0,0.0,0.649,0.351
15,73s,0.0,1.0,0.0,0.0,0.0,0.008,0.0,0.992,0.008,0.992,0.0
15,72s,0.0,1.0,0.0,0.0,0.0,1.0,0.0,0.0,0.998,0.002,0.0
15,A6o,0.0,0.376,0.624,0.0,1.0,0.0,0.0,1.0,0.0,0.0,1.0
15,K6o,0.0,0.0,1.0,0.0,0.0,0.942,0.058,0.0,0.0,1.0,0.0
15,Q6o,0.0,1.0,0.0,0.0,0.0,1.0,0.0,0.0,0.683,0.317,0.0
15,J6o,0.0,1.0,0.0,0.0,0.0,1.0,0.0,0.0,0.997,0.003,0.0
15,T6o,0.0,1.0,0.0,0.0,0.0,1.0,0.0,0.0,0.993,0.007,0.0
15,96o,0.0,1.0,0.0,0.0,0.0,1.0,0.0,0.0,0.99,0.01,0.0
15,86o,0.0,1.0,0.0,0.0,0.0,1.0,0.0,0.0,0.49,0.51,0.0
15,76o,0.0,1.0,0.0,0.0,0.0,0.001,0.0,0.999,0.0,0.999,0.0
15,66,0.0,1.0,0.0,0.0,1.0,0.0,0.003,0.997,0.0,0.0,1.0
15,65s,0.0,1.0,0.0,0.0,0.002,0.0,0.0,1.0,0.0,0.0,1.0
15,64s,0.0,1.0,0.0,0.0,0.0,0.0,0.0,1.0,0.0,0.001,0.999
15,63s,0.0,1.0,0.0,0.0,0.0,0.0,0.0,1.0,0.001,0.997,0.002
15,62s,0.0,1.0,0.0,0.0,0.0,0.001,0.0,0.999,0.111,0.889,0.0
15,A5o,0.0,0.328,0.672,0.0,1.0,0.0,0.0,1.0,0.0,0.0,1.0
15,K5o,0.0,0.123,0.877,0.0,0.0,1.0,0.0,0.0,0.0,1.0,0.0
15,Q5o,0.0,1.0,0.0,0.0,0.0,1.0,0.0,0.0,0.995,0.005,0.0
15,J5o,0.0,1.0,0.0,0.0,0.0,1.0,0.0,0.0,0.997,0.003,0.0
15,T5o,0.0,1.0,0.0,0.0,0.0,1.0,0.0,0.0,0.999,0.001,0.0
15,95o,0.0,1.0,0.0,0.0,0.0,1.0,0.0,0.0,0.999,0.001,0.0
15,85o,0.0,1.0,0.0,0.0,0.0,1.0,0.0,0.0,0.998,0.002,0.0
15,75o,0.0,1.0,0.0,0.0,0.0,1.0,0.0,0.0,0.988,0.012,0.0
15,65o,0.0,1.0,0.0,0.0,0.0,0.001,0.0,0.999,0.391,0.609,0.0
15,55,0.0,1.0,0.0,0.0,1.0,0.0,0.0,1.0,0.0,0.0,1.0
15,54s,0.0,1.0,0.0,0.0,0.0,0.0,0.0,1.0,0.0,0.001,0.999
15,53s,0.0,1.0,0.0,0.0,0.0,0.0,0.0,1.0,0.0,0.012,0.988
15,52s,0.0,1.0,0.0,0.0,0.0,0.0,0.0,1.0,0.002,0.997,0.001
15,A4o,0.0,0.0,0.248,0.751,1.0,0.0,0.0,1.0,0.0,0.0,1.0
15,K4o,0.0,0.785,0.215,0.0,0.0,1.0,0.0,0.0,0.0,1.0,0.0
15,Q4o,0.0,1.0,0.0,0.0,0.0,1.0,0.0,0.0,0.962,0.038,0.0
15,J4o,0.0,1.0,0.0,0.0,0.0,1.0,0.0,0.0,0.998,0.002,0.0
15,T4o,0.0,1.0,0.0,0.0,0.0,1.0,0.0,0.0,0.999,0.001,0.0
15,94o,0.0,1.0,0.0,0.0,0.0,1.0,0.0,0.0,1.0,0.0,0.0
15,84o,0.0,1.0,0.0,0.0,0.0,1.0,0.0,0.0,1.0,0.0,0.0
15,74o,0.0,1.0,0.0,0.0,0.0,1.0,0.0,0.0,1.0,0.0,0.0
15,64o,0.0,1.0,0.0,0.0,0.0,1.0,0.0,0.0,0.999,0.001,0.0
15,54o,0.0,1.0,0.0,0.0,0.0,0.006,0.0,0.994,0.418,0.582,0.0
15,44,0.0,0.005,0.154,0.842,1.0,0.0,0.0,1.0,0.0,0.0,1.0
15,43s,0.0,1.0,0.0,0.0,0.0,0.0,0.0,1.0,0.0,0.016,0.984
15,42s,0.0,0.98,0.02,0.0,0.0,0.0,0.0,1.0,0.007,0.993,0.0
15,A3o,0.0,0.0,0.001,0.999,1.0,0.0,0.0,1.0,0.0,0.0,1.0
15,K3o,0.0,0.999,0.001,0.0,0.0,1.0,0.0,0.0,0.0,1.0,0.0
15,Q3o,0.0,1.0,0.0,0.0,0.0,1.0,0.0,0.0,0.996,0.004,0.0
15,J3o,0.0,1.0,0.0,0.0,0.0,1.0,0.0,0.0,0.999,0.001,0.0
15,T3o,0.0,1.0,0.0,0.0,0.0,1.0,0.0,0.0,1.0,0.0,0.0
15,93o,0.0,1.0,0.0,0.0,0.0,1.0,0.0,0.0,1.0,0.0,0.0
15,83o,0.0,1.0,0.0,0.0,0.0,1.0,0.0,0.0,1.0,0.0,0.0
15,73o,0.0,1.0,0.0,0.0,0.0,1.0,0.0,0.0,1.0,0.0,0.0
15,63o,0.0,1.0,0.0,0.0,0.0,1.0,0.0,0.0,1.0,0.0,0.0
15,53o,0.0,1.0,0.0,0.0,0.0,1.0,0.0,0.0,1.0,0.0,0.0
15,43o,0.0,0.995,0.004,0.0,0.0,1.0,0.0,0.0,1.0,0.0,0.0
15,33,0.0,0.0,0.0,1.0,1.0,0.0,0.0,1.0,0.0,0.0,1.0
15,32s,0.0,0.732,0.268,0.0,0.0,0.001,0.0,0.999,0.016,0.984,0.0
15,A2o,0.0,0.0,0.0,1.0,0.0,0.0,0.0,1.0,0.0,0.001,0.999
15,K2o,0.0,1.0,0.0,0.0,0.0,1.0,0.0,0.0,0.0,1.0,0.0
15,Q2o,0.0,1.0,0.0,0.0,0.0,1.0,0.0,0.0,0.997,0.003,0.0
15,J2o,0.0,1.0,0.0,0.0,0.0,1.0,0.0,0.0,0.999,0.001,0.0
15,T2o,0.0,1.0,0.0,0.0,0.0,1.0,0.0,0.0,1.0,0.0,0.0
15,92o,0.0,1.0,0.0,0.0,0.0,1.0,0.0,0.0,1.0,0.0,0.0
15,82o,0.0,1.0,0.0,0.0,0.0,1.0,0.0,0.0,1.0,0.0,0.0
15,72o,0.0,1.0,0.0,0.0,0.0,1.0,0.0,0.0,1.0,0.0,0.0
15,62o,0.002,0.998,0.0,0.0,0.0,1.0,0.0,0.0,1.0,0.0,0.0
15,52o,0.002,0.998,0.0,0.0,0.0,1.0,0.0,0.0,1.0,0.0,0.0
15,42o,1.0,0.0,0.0,0.0,0.0,1.0,0.0,0.0,1.0,0.0,0.0
15,32o,1.0,0.0,0.0,0.0,0.0,1.0,0.0,0.0,1.0,0.0,0.0
15,22,0.0,0.0,0.0,1.0,0.321,0.0,0.0,1.0,0.0,0.0,1.0
17,AA,0.0,1.0,0.0,0.0,1.0,0.0,0.548,0.452,0.0,0.0,1.0
17,AKs,0.0,0.998,0.002,0.0,1.0,0.0,0.0,1.0,0.0,0.0,1.0
17,AQs,0.0,0.999,0.001,0.0,1.0,0.0,0.0,1.0,0.0,0.0,1.0
17,AJs,0.0,0.999,0.001,0.0,1.0,0.0,0.0,1.0,0.0,0.0,1.0
17,ATs,0.0,1.0,0.0,0.0,1.0,0.0,0.0,1.0,0.0,0.0,1.0
17,A9s,0.0,0.999,0.001,0.0,1.0,0.0,0.0,1.0,0.0,0.0,1.0
17,A8s,0.0,0.999,0.001,0.0,1.0,0.0,0.0,1.0,0.0,0.0,1.0
17,A7s,0.0,0.999,0.001,0.0,1.0,0.0,0.0,1.0,0.0,0.0,1.0
17,A6s,0.0,0.998,0.002,0.0,1.0,0.0,0.0,1.0,0.0,0.0,1.0
17,A5s,0.0,0.997,0.003,0.0,1.0,0.0,0.0,1.0,0.0,0.0,1.0
17,A4s,0.0,0.038,0.962,0.0,1.0,0.0,0.0,1.0,0.0,0.0,1.0
17,A3s,0.0,0.001,0.626,0.373,1.0,0.0,0.0,1.0,0.0,0.0,1.0
17,A2s,0.0,0.0,0.001,0.999,0.0,0.0,0.0,1.0,0.0,0.0,1.0
17,AKo,0.0,0.006,0.994,0.0,1.0,0.0,0.0,1.0,0.0,0.0,1.0
17,KK,0.0,1.0,0.0,0.0,1.0,0.0,0.999,0.001,0.0,0.0,1.0
17,KQs,0.0,0.998,0.002,0.0,1.0,0.0,0.0,1.0,0.0,0.0,1.0
17,KJs,0.0,0.999,0.001,0.0,1.0,0.0,0.0,1.0,0.0,0.0,1.0
17,KTs,0.0,0.996,0.004,0.0,1.0,0.0,0.801,0.199,0.0,0.0,1.0
17,K9s,0.0,0.002,0.998,0.0,1.0,0.0,0.998,0.002,0.0,0.995,0.005
17,K8s,0.0,0.001,0.999,0.0,0.016,0.0,1.0,0.0,0.0,1.0,0.0
17,K7s,0.0,0.0,1.0,0.0,0.636,0.0,0.091,0.909,0.0,1.0,0.0
17,K6s,0.0,0.002,0.998,0.0,0.002,0.0,0.982,0.018,0.0,0.999,0.001
17,K5s,0.0,0.982,0.018,0.0,0.0,0.261,0.293,0.445,0.0,1.0,0.0
17,K4s,0.0,0.999,0.001,0.0,0.0,0.999,0.0,0.001,0.0,1.0,0.0
17,K3s,0.0,1.0,0.0,0.0,0.0,1.0,0.0,0.0,0.0,1.0,0.0
17,K2s,0.0,1.0,0.0,0.0,0.0,0.996,0.0,0.004,0.0,1.0,0.0
17,AQo,0.0,0.325,0.675,0.0,1.0,0.0,0.0,1.0,0.0,0.0,1.0
17,KQo,0.0,0.716,0.284,0.0,0.804,0.0,0.0,1.0,0.0,0.0,1.0
17,QQ,0.0,1.0,0.0,0.0,1.0,0.0,0.523,0.477,0.0,0.0,1.0
17,QJs,0.0,0.997,0.003,0.0,1.0,0.0,0.0,1.0,0.0,0.0,1.0
17,QTs,0.0,0.878,0.122,0.0,1.0,0.0,0.0,1.0,0.0,0.0,1.0
17,Q9s,0.0,0.021,0.979,0.0,1.0,0.0,0.0,1.0,0.0,0.001,0.999
17,Q8s,0.0,0.993,0.007,0.0,0.006,0.915,0.001,0.084,0.0,1.0,0.0
17,Q7s,0.0,0.999,0.001,0.0,0.0,1.0,0.0,0.0,0.0,1.0,0.0
17,Q6s,0.0,1.0,0.0,0.0,0.0,1.0,0.0,0.0,0.0,1.0,0.0
17,Q5s,0.0,1.0,0.0,0.0,0.0,1.0,0.0,0.0,0.0,1.0,0.0
17,Q4s,0.0,1.0,0.0,0.0,0.0,1.0,0.0,0.0,0.0,1.0,0.0
17,Q3s,0.0,1.0,0.0,0.0,0.0,1.0,0.0,0.0,0.0,1.0,0.0
17,Q2s,0.0,1.0,0.0,0.0,0.0,1.0,0.0,0.0,0.0,1.0,0.0
17,AJo,0.0,0.705,0.295,0.0,1.0,0.0,0.0,1.0,0.0,0.0,1.0
17,KJo,0.0,0.966,0.007,0.028,0.999,0.0,0.0,1.0,0.0,0.0,1.0
17,QJo,0.0,0.365,0.472,0.163,0.933,0.0,0.0,1.0,0.0,0.0,1.0
17,JJ,0.0,1.0,0.0,0.0,1.0,0.0,0.113,0.887,0.0,0.0,1.0
17,JTs,0.0,0.998,0.002,0.0,1.0,0.0,0.0,1.0,0.0,0.0,1.0
17,J9s,0.0,0.994,0.004,0.002,1.0,0.0,0.0,1.0,0.0,0.0,1.0
17,J8s,0.0,1.0,0.0,0.0,0.999,0.001,0.0,0.999,0.0,0.0,1.0
17,J7s,0.0,1.0,0.0,0.0,0.0,1.0,0.0,0.0,0.0,0.008,0.992
17,J6s,0.0,1.0,0.0,0.0,0.0,1.0,0.0,0.0,0.0,1.0,0.0
17,J5s,0.0,1.0,0.0,0.0,0.0,1.0,0.0,0.0,0.0,1.0,0.0
17,J4s,0.0,1.0,0.0,0.0,0.0,1.0,0.0,0.0,0.0,1.0,0.0
17,J3s,0.0,1.0,0.0,0.0,0.0,1.0,0.0,0.0,0.0,1.0,0.0
17,J2s,0.0,1.0,0.0,0.0,0.0,1.0,0.0,0.0,0.0,1.0,0.0
17,ATo,0.0,0.998,0.002,0.0,1.0,0.0,0.0,1.0,0.0,0.0,1.0
17,KTo,0.0,0.231,0.769,0.0,0.874,0.0,0.238,0.762,0.0,0.707,0.293
17,QTo,0.0,0.522,0.478,0.0,0.001,0.257,0.421,0.322,0.0,0.969,0.031
17,JTo,0.0,0.185,0.815,0.0,0.999,0.0,0.025,0.974,0.0,0.001,0.999
17,TT,0.0,1.0,0.0,0.0,1.0,0.0,0.002,0.998,0.0,0.0,1.0
17,T9s,0.0,0.359,0.0,0.641,1.0,0.0,0.0,1.0,0.0,0.0,1.0
17,T8s,0.0,1.0,0.0,0.0,0.63,0.0,0.0,1.0,0.0,0.0,1.0
17,T7s,0.0,1.0,0.0,0.0,0.001,0.0,0.0,1.0,0.0,0.001,0.999
17,T6s,0.0,1.0,0.0,0.0,0.0,1.0,0.0,0.0,0.0,0.099,0.901
17,T5s,0.0,1.0,0.0,0.0,0.0,1.0,0.0,0.0,0.0,1.0,0.0
17,T4s,0.0,1.0,0.0,0.0,0.0,1.0,0.0,0.0,0.0,1.0,0.0
17,T3s,0.0,1.0,0.0,0.0,0.0,1.0,0.0,0.0,0.0,1.0,0.0
17,T2s,0.0,1.0,0.0,0.0,0.0,1.0,0.0,0.0,0.001,0.999,0.0
17,A9o,0.0,0.009,0.991,0.0,1.0,0.0,0.0,1.0,0.0,0.0,1.0
17,K9o,0.0,0.0,1.0,0.0,0.0,0.0,1.0,0.0,0.0,1.0,0.0
17,Q9o,0.0,0.924,0.076,0.0,0.0,0.999,0.001,0.0,0.0,1.0,0.0
17,J9o,0.0,0.937,0.063,0.0,0.0,1.0,0.0,0.0,0.0,1.0,0.0
17,T9o,0.0,0.994,0.006,0.0,0.0,0.999,0.0,0.001,0.0,0.999,0.001
17,99,0.0,1.0,0.0,0.0,1.0,0.0,0.002,0.998,0.0,0.0,1.0
17,98s,0.0,1.0,0.0,0.0,1.0,0.0,0.0,1.0,0.0,0.0,1.0
17,97s,0.0,1.0,0.0,0.0,0.016,0.0,0.0,1.0,0.0,0.0,1.0
17,96s,0.0,1.0,0.0,0.0,0.0,0.0,0.0,1.0,0.0,0.003,0.997
17,95s,0.0,1.0,0.0,0.0,0.0,1.0,0.0,0.0,0.0,1.0,0.0
17,94s,0.0,1.0,0.0,0.0,0.0,1.0,0.0,0.0,0.002,0.998,0.0
17,93s,0.0,1.0,0.0,0.0,0.0,1.0,0.0,0.0,0.057,0.943,0.0
17,92s,0.0,1.0,0.0,0.0,0.0,1.0,0.0,0.0,0.963,0.037,0.0
17,A8o,0.0,0.672,0.328,0.0,1.0,0.0,0.0,1.0,0.0,0.0,1.0
17,K8o,0.0,0.0,1.0,0.0,0.0,0.001,0.999,0.0,0.0,1.0,0.0
17,Q8o,0.0,0.994,0.006,0.0,0.0,1.0,0.0,0.0,0.001,0.999,0.0
17,J8o,0.0,0.999,0.001,0.0,0.0,1.0,0.0,0.0,0.0,1.0,0.0
17,T8o,0.0,1.0,0.0,0.0,0.0,1.0,0.0,0.0,0.0,1.0,0.0
17,98o,0.0,1.0,0.0,0.0,0.0,0.823,0.0,0.177,0.0,1.0,0.0
17,88,0.0,1.0,0.0,0.0,1.0,0.0,0.326,0.674,0.0,0.0,1.0
17,87s,0.0,1.0,0.0,0.0,0.999,0.0,0.0,1.0,0.0,0.0,1.0
17,86s,0.0,1.0,0.0,0.0,0.004,0.0,0.0,1.0,0.0,0.0,1.0
17,85s,0.0,1.0,0.0,0.0,0.0,0.0,0.0,1.0,0.0,0.896,0.104
17,84s,0.0,1.0,0.0,0.0,0.0,0.999,0.0,0.001,0.0,1.0,0.0
17,83s,0.0,1.0,0.0,0.0,0.0,1.0,0.0,0.0,0.8,0.2,0.0
17,82s,0.0,1.0,0.0,0.0,0.0,1.0,0.0,0.0,0.985,0.015,0.0
17,A7o,0.0,0.689,0.311,0.0,1.0,0.0,0.0,1.0,0.0,0.0,1.0
17,K7o,0.0,0.0,1.0,0.0,0.0,0.417,0.583,0.0,0.0,1.0,0.0
17,Q7o,0.0,0.999,0.001,0.0,0.0,1.0,0.0,0.0,0.345,0.655,0.0
17,J7o,0.0,1.0,0.0,0.0,0.0,1.0,0.0,0.0,0.642,0.358,0.0
17,T7o,0.0,1.0,0.0,0.0,0.0,1.0,0.0,0.0,0.0,1.0,0.0
17,97o,0.0,1.0,0.0,0.0,0.0,1.0,0.0,0.0,0.0,1.0,0.0
17,87o,0.0,1.0,0.0,0.0,0.0,0.635,0.0,0.365,0.0,1.0,0.0
17,77,0.0,1.0,0.0,0.0,1.0,0.0,0.062,0.938,0.0,0.0,1.0
17,76s,0.0,1.0,0.0,0.0,1.0,0.0,0.0,1.0,0.0,0.0,1.0
17,75s,0.0,1.0,0.0,0.0,0.002,0.0,0.0,1.0,0.0,0.001,0.999
17,74s,0.0,1.0,0.0,0.0,0.0,0.0,0.0,1.0,0.0,0.99,0.01
17,73s,0.0,1.0,0.0,0.0,0.0,1.0,0.0,0.0,0.006,0.994,0.0
17,72s,0.0,1.0,0.0,0.0,0.0,1.0,0.0,0.0,0.999,0.001,0.0
17,A6o,0.0,0.624,0.376,0.0,1.0,0.0,0.0,1.0,0.0,0.0,1.0
17,K6o,0.0,0.001,0.999,0.0,0.0,0.997,0.003,0.0,0.0,1.0,0.0
17,Q6o,0.0,1.0,0.0,0.0,0.0,1.0,0.0,0.0,0.67,0.33,0.0
17,J6o,0.0,1.0,0.0,0.0,0.0,1.0,0.0,0.0,0.997,0.003,0.0
17,T6o,0.0,1.0,0.0,0.0,0.0,1.0,0.0,0.0,0.986,0.014,0.0
17,96o,0.0,1.0,0.0,0.0,0.0,1.0,0.0,0.0,0.982,0.018,0.0
17,86o,0.0,1.0,0.0,0.0,0.0,1.0,0.0,0.0,0.003,0.997,0.0
17,76o,0.0,1.0,0.0,0.0,0.0,0.067,0.0,0.933,0.0,1.0,0.0
17,66,0.0,1.0,0.0,0.0,1.0,0.0,0.061,0.939,0.0,0.0,1.0
17,65s,0.0,1.0,0.0,0.0,0.004,0.0,0.0,1.0,0.0,0.0,1.0
17,64s,0.0,1.0,0.0,0.0,0.0,0.0,0.0,1.0,0.0,0.001,0.999
17,63s,0.0,1.0,0.0,0.0,0.0,0.0,0.0,1.0,0.001,0.998,0.002
17,62s,0.0,1.0,0.0,0.0,0.0,0.998,0.0,0.002,0.823,0.177,0.0
17,A5o,0.0,0.226,0.774,0.0,1.0,0.0,0.0,1.0,0.0,0.0,1.0
17,K5o,0.0,0.309,0.691,0.0,0.0,1.0,0.0,0.0,0.0,1.0,0.0
17,Q5o,0.0,1.0,0.0,0.0,0.0,1.0,0.0,0.0,0.964,0.036,0.0
17,J5o,0.0,1.0,0.0,0.0,0.0,1.0,0.0,0.0,0.997,0.003,0.0
17,T5o,0.0,1.0,0.0,0.0,0.0,1.0,0.0,0.0,0.999,0.001,0.0
17,95o,0.0,1.0,0.0,0.0,0.0,1.0,0.0,0.0,0.999,0.001,0.0
17,85o,0.0,1.0,0.0,0.0,0.0,1.0,0.0,0.0,0.998,0.002,0.0
17,75o,0.0,1.0,0.0,0.0,0.0,1.0,0.0,0.0,0.404,0.596,0.0
17,65o,0.0,1.0,0.0,0.0,0.0,0.004,0.0,0.996,0.003,0.997,0.0
17,55,0.0,1.0,0.0,0.0,1.0,0.0,0.0,1.0,0.0,0.0,1.0
17,54s,0.0,1.0,0.0,0.0,0.0,0.0,0.0,1.0,0.0,0.0,0.999
17,53s,0.0,1.0,0.0,0.0,0.0,0.0,0.0,1.0,0.0,0.049,0.951
17,52s,0.0,1.0,0.0,0.0,0.0,0.0,0.0,1.0,0.002,0.997,0.001
17,A4o,0.0,0.001,0.014,0.985,1.0,0.0,0.0,1.0,0.0,0.0,1.0
17,K4o,0.0,0.999,0.001,0.0,0.0,1.0,0.0,0.0,0.0,1.0,0.0
17,Q4o,0.0,1.0,0.0,0.0,0.0,1.0,0.0,0.0,0.993,0.006,0.0
17,J4o,0.0,1.0,0.0,0.0,0.0,1.0,0.0,0.0,0.998,0.002,0.0
17,T4o,0.0,1.0,0.0,0.0,0.0,1.0,0.0,0.0,0.999,0.001,0.0
17,94o,0.0,1.0,0.0,0.0,0.0,1.0,0.0,0.0,1.0,0.0,0.0
17,84o,0.0,1.0,0.0,0.0,0.0,1.0,0.0,0.0,1.0,0.0,0.0
17,74o,0.0,1.0,0.0,0.0,0.0,1.0,0.0,0.0,1.0,0.0,0.0
17,64o,0.0,1.0,0.0,0.0,0.0,1.0,0.0,0.0,0.998,0.002,0.0
17,54o,0.0,1.0,0.0,0.0,0.0,0.999,0.0,0.001,0.007,0.993,0.0
17,44,0.0,0.64,0.36,0.0,1.0,0.0,0.0,1.0,0.0,0.0,1.0
17,43s,0.0,1.0,0.0,0.0,0.0,0.0,0.0,1.0,0.0,0.865,0.135
17,42s,0.0,0.996,0.004,0.0,0.0,0.001,0.0,0.999,0.006,0.994,0.0
17,A3o,0.0,0.444,0.556,0.0,0.007,0.0,0.0,1.0,0.0,0.0,1.0
17,K3o,0.0,0.999,0.001,0.0,0.0,1.0,0.0,0.0,0.0,1.0,0.0
17,Q3o,0.0,1.0,0.0,0.0,0.0,1.0,0.0,0.0,0.997,0.003,0.0
17,J3o,0.0,1.0,0.0,0.0,0.0,1.0,0.0,0.0,0.999,0.001,0.0
17,T3o,0.0,1.0,0.0,0.0,0.0,1.0,0.0,0.0,1.0,0.0,0.0
17,93o,0.0,1.0,0.0,0.0,0.0,1.0,0.0,0.0,1.0,0.0,0.0
17,83o,0.0,1.0,0.0,0.0,0.0,1.0,0.0,0.0,1.0,0.0,0.0
17,73o,0.0,1.0,0.0,0.0,0.0,1.0,0.0,0.0,1.0,0.0,0.0
17,63o,0.0,1.0,0.0,0.0,0.0,1.0,0.0,0.0,1.0,0.0,0.0
17,53o,0.0,1.0,0.0,0.0,0.0,1.0,0.0,0.0,1.0,0.0,0.0
17,43o,0.0,0.996,0.003,0.0,0.0,1.0,0.0,0.0,1.0,0.0,0.0
17,33,0.0,0.0,0.0,1.0,1.0,0.0,0.0,1.0,0.0,0.0,1.0
17,32s,0.0,0.614,0.386,0.0,0.0,0.705,0.0,0.295,0.461,0.539,0.0
17,A2o,0.0,0.152,0.848,0.0,0.0,0.0,0.0,1.0,0.0,0.0,1.0
17,K2o,0.0,1.0,0.0,0.0,0.0,1.0,0.0,0.0,0.0,1.0,0.0
17,Q2o,0.0,1.0,0.0,0.0,0.0,1.0,0.0,0.0,0.998,0.002,0.0
17,J2o,0.0,1.0,0.0,0.0,0.0,1.0,0.0,0.0,0.999,0.001,0.0
17,T2o,0.0,1.0,0.0,0.0,0.0,1.0,0.0,0.0,1.0,0.0,0.0
17,92o,0.0,1.0,0.0,0.0,0.0,1.0,0.0,0.0,1.0,0.0,0.0
17,82o,0.0,1.0,0.0,0.0,0.0,1.0,0.0,0.0,1.0,0.0,0.0
17,72o,0.0,1.0,0.0,0.0,0.0,1.0,0.0,0.0,1.0,0.0,0.0
17,62o,0.0,1.0,0.0,0.0,0.0,1.0,0.0,0.0,1.0,0.0,0.0
17,52o,0.0,1.0,0.0,0.0,0.0,1.0,0.0,0.0,1.0,0.0,0.0
17,42o,0.005,0.974,0.021,0.0,0.0,1.0,0.0,0.0,1.0,0.0,0.0
17,32o,1.0,0.0,0.0,0.0,0.0,1.0,0.0,0.0,1.0,0.0,0.0
17,22,0.0,0.0,0.0,1.0,0.0,0.0,0.0,1.0,0.0,0.0,1.0
20,AA,0.0,1.0,0.0,0.0,1.0,0.0,0.964,0.036,0.0,0.0,1.0
20,AKs,0.0,0.018,0.982,0.0,1.0,0.0,0.0,1.0,0.0,0.0,1.0
20,AQs,0.0,0.934,0.066,0.0,1.0,0.0,0.0,1.0,0.0,0.0,1.0
20,AJs,0.0,0.995,0.005,0.0,1.0,0.0,0.0,1.0,0.0,0.0,1.0
20,ATs,0.0,0.995,0.005,0.0,1.0,0.0,0.0,1.0,0.0,0.0,1.0
20,A9s,0.0,0.985,0.015,0.0,1.0,0.0,0.0,1.0,0.0,0.0,1.0
20,A8s,0.0,0.89,0.11,0.0,1.0,0.0,0.0,1.0,0.0,0.0,1.0
20,A7s,0.0,0.756,0.244,0.0,1.0,0.0,0.0,1.0,0.0,0.0,1.0
20,A6s,0.0,0.739,0.261,0.0,1.0,0.0,0.0,1.0,0.0,0.0,1.0
20,A5s,0.0,0.051,0.949,0.0,1.0,0.0,0.0,1.0,0.0,0.0,1.0
20,A4s,0.0,0.001,0.999,0.0,1.0,0.0,0.0,1.0,0.0,0.0,1.0
20,A3s,0.0,0.0,1.0,0.0,1.0,0.0,0.0,1.0,0.0,0.0,1.0
20,A2s,0.0,0.0,0.002,0.998,0.0,0.0,0.0,1.0,0.0,0.0,1.0
20,AKo,0.0,0.001,0.999,0.0,1.0,0.0,0.0,1.0,0.0,0.0,1.0
20,KK,0.0,1.0,0.0,0.0,1.0,0.0,0.998,0.002,0.0,0.0,1.0
20,KQs,0.0,0.949,0.051,0.0,1.0,0.0,0.001,0.999,0.0,0.0,1.0
20,KJs,0.0,0.967,0.033,0.0,1.0,0.0,0.005,0.995,0.0,0.0,1.0
20,KTs,0.0,0.026,0.974,0.0,1.0,0.0,0.968,0.032,0.0,0.0,1.0
20,K9s,0.0,0.001,0.999,0.0,1.0,0.0,0.996,0.004,0.0,1.0,0.0
20,K8s,0.0,0.001,0.999,0.0,0.318,0.0,1.0,0.0,0.0,1.0,0.0
20,K7s,0.0,0.001,0.999,0.0,0.994,0.0,1.0,0.0,0.0,1.0,0.0
20,K6s,0.0,0.005,0.995,0.0,0.057,0.001,0.998,0.001,0.0,1.0,0.0
20,K5s,0.0,0.304,0.696,0.0,0.0,0.248,0.219,0.533,0.0,1.0,0.0
20,K4s,0.0,0.997,0.003,0.0,0.0,1.0,0.0,0.0,0.0,1.0,0.0
20,K3s,0.0,0.998,0.002,0.0,0.0,1.0,0.0,0.0,0.0,1.0,0.0
20,K2s,0.0,0.997,0.003,0.0,0.0,1.0,0.0,0.0,0.0,1.0,0.0
20,AQo,0.0,0.0,1.0,0.0,1.0,0.0,0.0,1.0,0.0,0.0,1.0
20,KQo,0.0,0.676,0.304,0.02,0.976,0.0,0.0,1.0,0.0,0.0,1.0
20,QQ,0.0,1.0,0.0,0.0,1.0,0.0,0.998,0.002,0.0,0.0,1.0
20,QJs,0.0,0.95,0.05,0.0,1.0,0.0,0.017,0.983,0.0,0.0,1.0
20,QTs,0.0,0.007,0.993,0.0,1.0,0.0,0.002,0.998,0.0,0.0,1.0
20,Q9s,0.0,0.001,0.999,0.0,1.0,0.0,0.48,0.52,0.0,0.927,0.073
20,Q8s,0.0,0.067,0.933,0.0,0.045,0.001,0.998,0.001,0.0,1.0,0.0
20,Q7s,0.0,0.005,0.995,0.0,0.0,0.998,0.002,0.0,0.0,1.0,0.0
20,Q6s,0.0,0.996,0.004,0.0,0.0,1.0,0.0,0.0,0.0,1.0,0.0
20,Q5s,0.0,0.999,0.001,0.0,0.0,1.0,0.0,0.0,0.0,1.0,0.0
20,Q4s,0.0,1.0,0.0,0.0,0.0,1.0,0.0,0.0,0.0,1.0,0.0
20,Q3s,0.0,1.0,0.0,0.0,0.0,1.0,0.0,0.0,0.0,1.0,0.0
20,Q2s,0.0,1.0,0.0,0.0,0.0,1.0,0.0,0.0,0.0,1.0,0.0
20,AJo,0.0,0.058,0.942,0.0,1.0,0.0,0.0,1.0,0.0,0.0,1.0
20,KJo,0.0,0.533,0.462,0.005,0.901,0.0,0.0,1.0,0.0,0.185,0.815
20,QJo,0.0,0.359,0.583,0.059,0.545,0.0,0.014,0.986,0.0,0.075,0.925
20,JJ,0.0,1.0,0.0,0.0,1.0,0.0,0.114,0.886,0.0,0.0,1.0
20,JTs,0.0,0.981,0.019,0.0,1.0,0.0,0.0,1.0,0.0,0.0,1.0
20,J9s,0.0,0.998,0.002,0.0,1.0,0.0,0.0,0.999,0.0,0.0,1.0
20,J8s,0.0,0.999,0.001,0.0,0.996,0.962,0.0,0.038,0.0,0.0,1.0
20,J7s,0.0,1.0,0.0,0.0,0.1,1.0,0.0,0.0,0.0,0.007,0.993
20,J6s,0.0,1.0,0.0,0.0,0.0,1.0,0.0,0.0,0.0,1.0,0.0
20,J5s,0.0,1.0,0.0,0.0,0.0,1.0,0.0,0.0,0.0,1.0,0.0
20,J4s,0.0,1.0,0.0,0.0,0.0,1.0,0.0,0.0,0.0,1.0,0.0
20,J3s,0.0,1.0,0.0,0.0,0.0,1.0,0.0,0.0,0.0,1.0,0.0
20,J2s,0.0,1.0,0.0,0.0,0.0,1.0,0.0,0.0,0.001,0.999,0.0
20,ATo,0.0,0.17,0.83,0.0,1.0,0.0,0.0,1.0,0.0,0.0,1.0
20,KTo,0.0,0.64,0.36,0.0,0.415,0.0,0.652,0.348,0.0,1.0,0.0
20,QTo,0.0,0.01,0.99,0.0,0.003,0.001,0.842,0.157,0.0,1.0,0.0
20,JTo,0.0,0.027,0.973,0.0,0.997,0.0,0.034,0.966,0.0,0.001,0.999
20,TT,0.0,1.0,0.0,0.0,1.0,0.0,0.002,0.998,0.0,0.0,1.0
20,T9s,0.0,0.878,0.0,0.122,0.999,0.0,0.0,1.0,0.0,0.0,1.0
20,T8s,0.0,1.0,0.0,0.0,0.997,0.0,0.0,1.0,0.0,0.0,1.0
20,T7s,0.0,1.0,0.0,0.0,0.957,0.001,0.0,0.999,0.0,0.001,0.999
20,T6s,0.0,1.0,0.0,0.0,0.0,1.0,0.0,0.0,0.0,0.905,0.095
20,T5s,0.0,1.0,0.0,0.0,0.0,1.0,0.0,0.0,0.0,1.0,0.0
20,T4s,0.0,1.0,0.0,0.0,0.0,1.0,0.0,0.0,0.0,1.0,0.0
20,T3s,0.0,1.0,0.0,0.0,0.0,1.0,0.0,0.0,0.001,0.999,0.0
20,T2s,0.0,1.0,0.0,0.0,0.0,1.0,0.0,0.0,0.002,0.998,0.0
20,A9o,0.0,0.095,0.905,0.0,1.0,0.0,0.0,1.0,0.0,0.0,1.0
20,K9o,0.0,0.001,0.999,0.0,0.0,0.001,0.999,0.0,0.0,1.0,0.0
20,Q9o,0.0,0.0,1.0,0.0,0.0,0.584,0.416,0.0,0.0,1.0,0.0
20,J9o,0.0,0.344,0.656,0.0,0.0,1.0,0.0,0.0,0.0,1.0,0.0
20,T9o,0.0,0.818,0.182,0.0,0.04,0.997,0.0,0.003,0.0,0.999,0.001
20,99,0.0,1.0,0.0,0.0,1.0,0.0,0.19,0.81,0.0,0.0,1.0
20,98s,0.0,1.0,0.0,0.0,0.998,0.0,0.0,1.0,0.0,0.0,1.0
20,97s,0.0,1.0,0.0,0.0,0.992,0.0,0.0,1.0,0.0,0.0,1.0
20,96s,0.0,1.0,0.0,0.0,0.033,0.0,0.0,1.0,0.0,0.001,0.999
20,95s,0.0,1.0,0.0,0.0,0.0,1.0,0.0,0.0,0.0,1.0,0.0
20,94s,0.0,1.0,0.0,0.0,0.0,1.0,0.0,0.0,0.002,0.998,0.0
20,93s,0.0,1.0,0.0,0.0,0.0,1.0,0.0,0.0,0.003,0.997,0.0
20,92s,0.0,1.0,0.0,0.0,0.0,1.0,0.0,0.0,0.029,0.971,0.0
20,A8o,0.0,0.035,0.965,0.0,1.0,0.0,0.0,1.0,0.0,0.0,1.0
20,K8o,0.0,0.0,1.0,0.0,0.0,0.002,0.998,0.0,0.0,1.0,0.0
20,Q8o,0.0,0.0,1.0,0.0,0.0,0.999,0.001,0.0,0.0,1.0,0.0
20,J8o,0.0,0.941,0.059,0.0,0.0,1.0,0.0,0.0,0.0,1.0,0.0
20,T8o,0.0,0.999,0.001,0.0,0.0,1.0,0.0,0.0,0.0,1.0,0.0
20,98o,0.0,1.0,0.0,0.0,0.0,0.483,0.0,0.517,0.0,1.0,0.0
20,88,0.0,1.0,0.0,0.0,1.0,0.0,0.603,0.397,0.0,0.0,1.0
20,87s,0.0,1.0,0.0,0.0,0.997,0.0,0.0,1.0,0.0,0.0,1.0
20,86s,0.0,1.0,0.0,0.0,1.0,0.0,0.0,1.0,0.0,0.0,1.0
20,85s,0.0,1.0,0.0,0.0,0.001,0.0,0.0,1.0,0.0,0.007,0.993
20,84s,0.0,1.0,0.0,0.0,0.0,1.0,0.0,0.0,0.001,0.999,0.0
20,83s,0.0,1.0,0.0,0.0,0.0,1.0,0.0,0.0,0.674,0.326,0.0
20,82s,0.0,1.0,0.0,0.0,0.0,1.0,0.0,0.0,0.987,0.013,0.0
20,A7o,0.0,0.187,0.813,0.0,1.0,0.0,0.0,1.0,0.0,0.0,1.0
20,K7o,0.0,0.0,1.0,0.0,0.0,0.211,0.789,0.0,0.0,1.0,0.0
20,Q7o,0.0,0.002,0.998,0.0,0.0,1.0,0.0,0.0,0.0,1.0,0.0
20,J7o,0.0,0.993,0.007,0.0,0.0,1.0,0.0,0.0,0.211,0.789,0.0
20,T7o,0.0,1.0,0.0,0.0,0.0,1.0,0.0,0.0,0.0,1.0,0.0
20,97o,0.0,1.0,0.0,0.0,0.0,1.0,0.0,0.0,0.0,1.0,0.0
20,87o,0.0,1.0,0.0,0.0,0.001,0.221,0.0,0.779,0.0,1.0,0.0
20,77,0.0,1.0,0.0,0.0,1.0,0.0,0.003,0.997,0.0,0.0,1.0
20,76s,0.0,1.0,0.0,0.0,1.0,0.0,0.0,1.0,0.0,0.0,1.0
20,75s,0.0,1.0,0.0,0.0,1.0,0.0,0.0,1.0,0.0,0.0,0.999
20,74s,0.0,1.0,0.0,0.0,0.0,0.001,0.0,0.999,0.0,0.345,0.655
20,73s,0.0,1.0,0.0,0.0,0.0,1.0,0.0,0.0,0.005,0.995,0.0
20,72s,0.0,1.0,0.0,0.0,0.0,1.0,0.0,0.0,1.0,0.0,0.0
20,A6o,0.0,0.005,0.995,0.0,1.0,0.0,0.0,1.0,0.0,0.0,1.0
20,K6o,0.0,0.0,1.0,0.0,0.0,0.999,0.001,0.0,0.0,1.0,0.0
20,Q6o,0.0,0.995,0.005,0.0,0.0,1.0,0.0,0.0,0.002,0.998,0.0
20,J6o,0.0,1.0,0.0,0.0,0.0,1.0,0.0,0.0,0.996,0.004,0.0
20,T6o,0.0,1.0,0.0,0.0,0.0,1.0,0.0,0.0,0.956,0.044,0.0
20,96o,0.0,1.0,0.0,0.0,0.0,1.0,0.0,0.0,0.005,0.995,0.0
20,86o,0.0,1.0,0.0,0.0,0.0,1.0,0.0,0.0,0.001,0.999,0.0
20,76o,0.0,1.0,0.0,0.0,0.0,0.464,0.0,0.536,0.001,0.999,0.0
20,66,0.0,1.0,0.0,0.0,1.0,0.0,0.001,0.999,0.0,0.0,1.0
20,65s,0.0,1.0,0.0,0.0,1.0,0.0,0.0,1.0,0.0,0.0,1.0
20,64s,0.0,1.0,0.0,0.0,0.002,0.0,0.0,1.0,0.0,0.0,0.999
20,63s,0.0,1.0,0.0,0.0,0.0,0.003,0.0,0.997,0.001,0.997,0.001
20,62s,0.0,0.999,0.001,0.0,0.0,1.0,0.0,0.0,0.752,0.248,0.0
20,A5o,0.0,0.0,1.0,0.0,1.0,0.0,0.0,1.0,0.0,0.0,1.0
20,K5o,0.0,0.004,0.996,0.0,0.0,1.0,0.0,0.0,0.0,1.0,0.0
20,Q5o,0.0,1.0,0.0,0.0,0.0,1.0,0.0,0.0,0.053,0.947,0.0
20,J5o,0.0,1.0,0.0,0.0,0.0,1.0,0.0,0.0,0.998,0.002,0.0
20,T5o,0.0,1.0,0.0,0.0,0.0,1.0,0.0,0.0,0.999,0.001,0.0
20,95o,0.0,1.0,0.0,0.0,0.0,1.0,0.0,0.0,0.999,0.001,0.0
20,85o,0.0,1.0,0.0,0.0,0.0,1.0,0.0,0.0,0.996,0.004,0.0
20,75o,0.0,1.0,0.0,0.0,0.0,1.0,0.0,0.0,0.193,0.807,0.0
20,65o,0.0,1.0,0.0,0.0,0.0,0.629,0.0,0.371,0.002,0.998,0.0
20,55,0.0,1.0,0.0,0.0,1.0,0.0,0.0,1.0,0.0,0.0,1.0
20,54s,0.0,1.0,0.0,0.0,0.993,0.0,0.0,1.0,0.0,0.0,1.0
20,53s,0.0,1.0,0.0,0.0,0.0,0.0,0.0,1.0,0.0,0.001,0.999
20,52s,0.0,0.998,0.002,0.0,0.0,0.261,0.0,0.739,0.009,0.991,0.0
20,A4o,0.0,0.003,0.997,0.0,1.0,0.0,0.0,1.0,0.0,0.0,1.0
20,K4o,0.0,0.847,0.153,0.0,0.0,1.0,0.0,0.0,0.0,1.0,0.0
20,Q4o,0.0,1.0,0.0,0.0,0.0,1.0,0.0,0.0,0.962,0.038,0.0
20,J4o,0.0,1.0,0.0,0.0,0.0,1.0,0.0,0.0,0.999,0.001,0.0
20,T4o,0.0,1.0,0.0,0.0,0.0,1.0,0.0,0.0,1.0,0.0,0.0
20,94o,0.0,1.0,0.0,0.0,0.0,1.0,0.0,0.0,1.0,0.0,0.0
20,84o,0.0,1.0,0.0,0.0,0.0,1.0,0.0,0.0,1.0,0.0,0.0
20,74o,0.0,1.0,0.0,0.0,0.0,1.0,0.0,0.0,1.0,0.0,0.0
20,64o,0.0,1.0,0.0,0.0,0.0,1.0,0.0,0.0,0.999,0.0,0.0
20,54o,0.0,1.0,0.0,0.0,0.0,1.0,0.0,0.0,0.036,0.964,0.0
20,44,0.0,1.0,0.0,0.0,1.0,0.0,0.0,1.0,0.0,0.0,1.0
20,43s,0.0,0.999,0.001,0.0,0.0,0.002,0.0,0.998,0.0,0.001,0.999
20,42s,0.0,0.905,0.095,0.0,0.0,0.999,0.0,0.001,0.635,0.364,0.0
20,A3o,0.0,0.065,0.935,0.0,0.388,0.0,0.0,1.0,0.0,0.0,1.0
20,K3o,0.0,0.992,0.008,0.0,0.0,1.0,0.0,0.0,0.0,1.0,0.0
20,Q3o,0.0,1.0,0.0,0.0,0.0,1.0,0.0,0.0,0.997,0.003,0.0
20,J3o,0.0,1.0,0.0,0.0,0.0,1.0,0.0,0.0,0.999,0.001,0.0
20,T3o,0.0,1.0,0.0,0.0,0.0,1.0,0.0,0.0,1.0,0.0,0.0
20,93o,0.0,1.0,0.0,0.0,0.0,1.0,0.0,0.0,1.0,0.0,0.0
20,83o,0.0,1.0,0.0,0.0,0.0,1.0,0.0,0.0,1.0,0.0,0.0
20,73o,0.0,1.0,0.0,0.0,0.0,1.0,0.0,0.0,1.0,0.0,0.0
20,63o,0.0,1.0,0.0,0.0,0.0,1.0,0.0,0.0,1.0,0.0,0.0
20,53o,0.0,0.995,0.005,0.0,0.0,1.0,0.0,0.0,1.0,0.0,0.0
20,43o,0.0,0.082,0.918,0.0,0.0,1.0,0.0,0.0,1.0,0.0,0.0
20,33,0.0,0.365,0.279,0.356,1.0,0.0,0.0,1.0,0.0,0.0,1.0
20,32s,0.0,0.077,0.923,0.0,0.0,1.0,0.0,0.0,1.0,0.0,0.0
20,A2o,0.0,0.111,0.889,0.0,0.0,0.0,0.0,1.0,0.0,0.057,0.943
20,K2o,0.0,0.998,0.002,0.0,0.0,1.0,0.0,0.0,0.0,1.0,0.0
20,Q2o,0.0,1.0,0.0,0.0,0.0,1.0,0.0,0.0,0.998,0.002,0.0
20,J2o,0.0,1.0,0.0,0.0,0.0,1.0,0.0,0.0,1.0,0.0,0.0
20,T2o,0.0,1.0,0.0,0.0,0.0,1.0,0.0,0.0,1.0,0.0,0.0
20,92o,0.0,1.0,0.0,0.0,0.0,1.0,0.0,0.0,1.0,0.0,0.0
20,82o,0.0,1.0,0.0,0.0,0.0,1.0,0.0,0.0,1.0,0.0,0.0
20,72o,0.0,1.0,0.0,0.0,0.0,1.0,0.0,0.0,1.0,0.0,0.0
20,62o,0.007,0.993,0.0,0.0,0.0,1.0,0.0,0.0,1.0,0.0,0.0
20,52o,0.033,0.761,0.206,0.0,0.0,1.0,0.0,0.0,1.0,0.0,0.0
20,42o,1.0,0.0,0.0,0.0,0.0,1.0,0.0,0.0,1.0,0.0,0.0
20,32o,1.0,0.0,0.0,0.0,0.0,1.0,0.0,0.0,1.0,0.0,0.0
20,22,0.0,0.0,0.0,1.0,0.0,0.0,0.0,1.0,0.0,0.0,1.0
25,AA,0.0,0.973,0.027,0.0,1.0,0.0,1.0,0.0,0.0,0.0,1.0
25,AKs,0.0,0.005,0.995,0.0,1.0,0.0,0.0,1.0,0.0,0.0,1.0
25,AQs,0.0,0.026,0.974,0.0,1.0,0.0,0.0,1.0,0.0,0.0,1.0
25,AJs,0.0,0.99,0.01,0.0,1.0,0.0,0.0,1.0,0.0,0.0,1.0
25,ATs,0.0,0.332,0.668,0.0,1.0,0.0,0.0,1.0,0.0,0.0,1.0
25,A9s,0.0,0.127,0.873,0.0,1.0,0.0,0.0,1.0,0.0,0.0,1.0
25,A8s,0.0,0.01,0.99,0.0,1.0,0.0,0.997,0.003,0.0,0.0,1.0
25,A7s,0.0,0.034,0.966,0.0,0.993,0.0,0.999,0.001,0.0,0.0,1.0
25,A6s,0.0,0.969,0.031,0.0,0.927,0.0,0.803,0.197,0.0,0.0,1.0
25,A5s,0.0,0.388,0.612,0.0,1.0,0.0,0.06,0.94,0.0,0.0,1.0
25,A4s,0.0,0.997,0.003,0.0,0.974,0.0,0.0,1.0,0.0,0.0,1.0
25,A3s,0.0,0.998,0.002,0.0,0.395,0.0,0.0,1.0,0.0,0.0,1.0
25,A2s,0.0,0.999,0.001,0.0,0.0,0.0,0.0,1.0,0.0,0.0,1.0
25,AKo,0.0,0.005,0.995,0.0,1.0,0.0,0.0,1.0,0.0,0.0,1.0
25,KK,0.0,0.117,0.883,0.0,1.0,0.0,1.0,0.0,0.0,0.0,1.0
25,KQs,0.0,0.24,0.76,0.0,1.0,0.0,0.001,0.999,0.0,0.0,1.0
25,KJs,0.0,0.003,0.997,0.0,0.986,0.0,0.992,0.008,0.0,0.0,1.0
25,KTs,0.0,0.002,0.998,0.0,0.987,0.0,0.926,0.074,0.0,0.518,0.482
25,K9s,0.0,0.068,0.932,0.0,0.849,0.0,0.996,0.004,0.0,1.0,0.0
25,K8s,0.0,0.003,0.997,0.0,0.449,0.0,1.0,0.0,0.0,1.0,0.0
25,K7s,0.0,0.002,0.998,0.0,0.308,0.0,1.0,0.0,0.0,1.0,0.0
25,K6s,0.0,0.0,1.0,0.0,0.032,0.977,0.023,0.0,0.0,1.0,0.0
25,K5s,0.0,0.033,0.967,0.0,0.0,0.999,0.001,0.0,0.0,1.0,0.0
25,K4s,0.0,0.994,0.006,0.0,0.0,1.0,0.0,0.0,0.0,1.0,0.0
25,K3s,0.0,0.997,0.003,0.0,0.0,1.0,0.0,0.0,0.0,1.0,0.0
25,K2s,0.0,0.999,0.001,0.0,0.0,1.0,0.0,0.0,0.0,1.0,0.0
25,AQo,0.0,0.407,0.593,0.0,1.0,0.0,0.0,1.0,0.0,0.0,1.0
25,KQo,0.0,0.98,0.02,0.0,0.872,0.0,0.0,1.0,0.0,0.008,0.992
25,QQ,0.0,0.401,0.599,0.0,1.0,0.0,1.0,0.0,0.0,0.0,1.0
25,QJs,0.0,0.414,0.586,0.0,0.989,0.0,0.232,0.768,0.0,0.0,1.0
25,QTs,0.0,0.357,0.643,0.0,0.99,0.0,0.0,1.0,0.0,0.0,1.0
25,Q9s,0.0,0.826,0.174,0.0,0.505,0.0,0.004,0.996,0.0,1.0,0.0
25,Q8s,0.0,0.932,0.068,0.0,0.029,0.001,0.999,0.0,0.0,1.0,0.0
25,Q7s,0.0,0.001,0.999,0.0,0.0,0.999,0.001,0.0,0.0,1.0,0.0
25,Q6s,0.0,0.995,0.005,0.0,0.0,1.0,0.0,0.0,0.0,1.0,0.0
25,Q5s,0.0,0.999,0.001,0.0,0.0,1.0,0.0,0.0,0.0,1.0,0.0
25,Q4s,0.0,1.0,0.0,0.0,0.0,1.0,0.0,0.0,0.0,1.0,0.0
25,Q3s,0.0,1.0,0.0,0.0,0.0,1.0,0.0,0.0,0.0,1.0,0.0
25,Q2s,0.0,1.0,0.0,0.0,0.0,1.0,0.0,0.0,0.0,1.0,0.0
25,AJo,0.0,0.992,0.008,0.0,1.0,0.0,0.0,1.0,0.0,0.0,1.0
25,KJo,0.0,0.982,0.018,0.0,0.683,0.0,0.233,0.767,0.0,0.705,0.295
25,QJo,0.0,0.994,0.006,0.0,0.412,0.0,0.787,0.213,0.0,0.991,0.009
25,JJ,0.0,0.996,0.004,0.0,1.0,0.0,1.0,0.0,0.0,0.0,1.0
25,JTs,0.0,0.534,0.466,0.0,0.999,0.0,0.0,1.0,0.0,0.0,1.0
25,J9s,0.0,0.999,0.001,0.0,0.348,0.0,0.0,1.0,0.0,0.0,1.0
25,J8s,0.0,1.0,0.0,0.0,0.162,0.035,0.0,0.964,0.0,0.001,0.999
25,J7s,0.0,1.0,0.0,0.0,0.042,1.0,0.0,0.0,0.0,0.189,0.811
25,J6s,0.0,1.0,0.0,0.0,0.0,1.0,0.0,0.0,0.0,0.999,0.001
25,J5s,0.0,1.0,0.0,0.0,0.0,1.0,0.0,0.0,0.0,0.998,0.002
25,J4s,0.0,1.0,0.0,0.0,0.0,1.0,0.0,0.0,0.0,0.999,0.001
25,J3s,0.0,1.0,0.0,0.0,0.0,1.0,0.0,0.0,0.0,1.0,0.0
25,J2s,0.0,1.0,0.0,0.0,0.0,1.0,0.0,0.0,0.0,1.0,0.0
25,ATo,0.0,0.74,0.26,0.0,1.0,0.0,0.0,1.0,0.0,0.0,1.0
25,KTo,0.0,0.298,0.702,0.0,0.65,0.0,1.0,0.0,0.0,1.0,0.0
25,QTo,0.0,0.001,0.999,0.0,0.268,0.0,0.853,0.146,0.0,1.0,0.0
25,JTo,0.0,0.954,0.046,0.0,0.222,0.0,0.338,0.662,0.0,0.292,0.708
25,TT,0.0,0.526,0.474,0.0,1.0,0.0,0.299,0.701,0.0,0.0,1.0
25,T9s,0.0,1.0,0.0,0.0,0.378,0.0,0.0,1.0,0.0,0.0,1.0
25,T8s,0.0,1.0,0.0,0.0,0.212,0.0,0.0,1.0,0.0,0.0,1.0
25,T7s,0.0,1.0,0.0,0.0,0.102,0.001,0.0,0.999,0.0,0.001,0.999
25,T6s,0.0,1.0,0.0,0.0,0.029,1.0,0.0,0.0,0.0,0.996,0.004
25,T5s,0.0,1.0,0.0,0.0,0.001,1.0,0.0,0.0,0.0,1.0,0.0
25,T4s,0.0,1.0,0.0,0.0,0.0,1.0,0.0,0.0,0.0,1.0,0.0
25,T3s,0.0,1.0,0.0,0.0,0.0,1.0,0.0,0.0,0.0,1.0,0.0
25,T2s,0.0,1.0,0.0,0.0,0.0,1.0,0.0,0.0,0.0,1.0,0.0
25,A9o,0.0,0.878,0.122,0.0,0.893,0.0,0.0,1.0,0.0,0.0,1.0
25,K9o,0.0,0.002,0.998,0.0,0.031,0.0,1.0,0.0,0.0,1.0,0.0
25,Q9o,0.0,0.0,1.0,0.0,0.0,0.005,0.995,0.0,0.0,1.0,0.0
25,J9o,0.0,0.883,0.117,0.0,0.011,1.0,0.0,0.0,0.0,1.0,0.0
25,T9o,0.0,0.652,0.348,0.0,0.082,0.998,0.0,0.002,0.0,1.0,0.0
25,99,0.0,0.92,0.08,0.0,1.0,0.0,0.001,0.999,0.0,0.0,1.0
25,98s,0.0,1.0,0.0,0.0,0.243,0.0,0.0,1.0,0.0,0.0,1.0
25,97s,0.0,1.0,0.0,0.0,0.142,0.0,0.0,1.0,0.0,0.0,1.0
25,96s,0.0,1.0,0.0,0.0,0.875,0.0,0.0,1.0,0.0,0.065,0.935
25,95s,0.0,1.0,0.0,0.0,0.024,1.0,0.0,0.0,0.0,1.0,0.0
25,94s,0.0,1.0,0.0,0.0,0.0,1.0,0.0,0.0,0.0,0.999,0.0
25,93s,0.0,1.0,0.0,0.0,0.0,1.0,0.0,0.0,0.001,0.999,0.0
25,92s,0.0,1.0,0.0,0.0,0.0,1.0,0.0,0.0,0.002,0.998,0.0
25,A8o,0.0,0.98,0.02,0.0,0.797,0.0,0.0,1.0,0.0,0.044,0.956
25,K8o,0.0,0.0,1.0,0.0,0.0,0.003,0.997,0.0,0.0,1.0,0.0
25,Q8o,0.0,0.0,1.0,0.0,0.0,1.0,0.0,0.0,0.0,1.0,0.0
25,J8o,0.0,0.834,0.166,0.0,0.0,1.0,0.0,0.0,0.0,1.0,0.0
25,T8o,0.0,0.758,0.242,0.0,0.002,1.0,0.0,0.0,0.0,1.0,0.0
25,98o,0.0,1.0,0.0,0.0,0.035,1.0,0.0,0.0,0.0,1.0,0.0
25,88,0.0,0.998,0.002,0.0,1.0,0.0,0.551,0.449,0.0,0.0,1.0
25,87s,0.0,1.0,0.0,0.0,0.991,0.0,0.0,1.0,0.0,0.0,1.0
25,86s,0.0,1.0,0.0,0.0,0.98,0.0,0.0,1.0,0.0,0.0,1.0
25,85s,0.0,1.0,0.0,0.0,0.284,0.0,0.0,1.0,0.0,0.959,0.041
25,84s,0.0,1.0,0.0,0.0,0.0,1.0,0.0,0.0,0.0,1.0,0.0
25,83s,0.0,1.0,0.0,0.0,0.0,1.0,0.0,0.0,0.006,0.994,0.0
25,82s,0.0,1.0,0.0,0.0,0.0,1.0,0.0,0.0,0.007,0.993,0.0
25,A7o,0.0,0.018,0.982,0.0,0.663,0.0,0.995,0.005,0.0,0.999,0.001
25,K7o,0.0,0.0,1.0,0.0,0.0,0.998,0.002,0.0,0.0,1.0,0.0
25,Q7o,0.0,0.001,0.999,0.0,0.0,1.0,0.0,0.0,0.0,1.0,0.0
25,J7o,0.0,1.0,0.0,0.0,0.0,1.0,0.0,0.0,0.002,0.998,0.0
25,T7o,0.0,1.0,0.0,0.0,0.002,1.0,0.0,0.0,0.0,1.0,0.0
25,97o,0.0,1.0,0.0,0.0,0.001,1.0,0.0,0.0,0.0,1.0,0.0
25,87o,0.0,1.0,0.0,0.0,0.283,0.9,0.0,0.1,0.0,1.0,0.0
25,77,0.0,0.727,0.273,0.0,1.0,0.0,0.011,0.989,0.0,0.0,1.0
25,76s,0.0,1.0,0.0,0.0,0.998,0.0,0.0,1.0,0.0,0.0,1.0
25,75s,0.0,1.0,0.0,0.0,0.406,0.0,0.0,1.0,0.0,0.001,0.999
25,74s,0.0,1.0,0.0,0.0,0.0,0.002,0.0,0.998,0.0,0.504,0.495
25,73s,0.0,1.0,0.0,0.0,0.0,1.0,0.0,0.0,0.002,0.998,0.0
25,72s,0.0,1.0,0.0,0.0,0.0,1.0,0.0,0.0,0.994,0.006,0.0
25,A6o,0.0,0.002,0.998,0.0,0.402,0.0,1.0,0.0,0.0,1.0,0.0
25,K6o,0.0,0.0,1.0,0.0,0.0,1.0,0.0,0.0,0.0,1.0,0.0
25,Q6o,0.0,0.666,0.334,0.0,0.0,1.0,0.0,0.0,0.0,1.0,0.0
25,J6o,0.0,1.0,0.0,0.0,0.0,1.0,0.0,0.0,0.861,0.139,0.0
25,T6o,0.0,1.0,0.0,0.0,0.0,1.0,0.0,0.0,0.971,0.029,0.0
25,96o,0.0,1.0,0.0,0.0,0.0,1.0,0.0,0.0,0.004,0.996,0.0
25,86o,0.0,1.0,0.0,0.0,0.0,1.0,0.0,0.0,0.001,0.999,0.0
25,76o,0.0,1.0,0.0,0.0,0.0,0.156,0.0,0.844,0.0,1.0,0.0
25,66,0.0,0.98,0.02,0.0,1.0,0.0,0.0,1.0,0.0,0.0,1.0
25,65s,0.0,1.0,0.0,0.0,0.48,0.0,0.0,1.0,0.0,0.0,1.0
25,64s,0.0,1.0,0.0,0.0,0.152,0.0,0.0,1.0,0.0,0.001,0.999
25,63s,0.0,1.0,0.0,0.0,0.0,0.998,0.0,0.002,0.0,0.059,0.941
25,62s,0.0,1.0,0.0,0.0,0.0,1.0,0.0,0.0,0.017,0.983,0.0
25,A5o,0.0,0.081,0.919,0.0,0.475,0.0,0.7,0.3,0.0,0.672,0.328
25,K5o,0.0,0.0,1.0,0.0,0.0,1.0,0.0,0.0,0.0,1.0,0.0
25,Q5o,0.0,0.998,0.002,0.0,0.0,1.0,0.0,0.0,0.019,0.981,0.0
25,J5o,0.0,1.0,0.0,0.0,0.0,1.0,0.0,0.0,0.975,0.025,0.0
25,T5o,0.0,1.0,0.0,0.0,0.0,1.0,0.0,0.0,0.999,0.001,0.0
25,95o,0.0,1.0,0.0,0.0,0.0,1.0,0.0,0.0,0.999,0.001,0.0
25,85o,0.0,1.0,0.0,0.0,0.0,1.0,0.0,0.0,0.995,0.005,0.0
25,75o,0.0,1.0,0.0,0.0,0.0,1.0,0.0,0.0,0.285,0.715,0.0
25,65o,0.0,1.0,0.0,0.0,0.0,0.999,0.0,0.001,0.002,0.998,0.0
25,55,0.0,1.0,0.0,0.0,1.0,0.0,0.234,0.766,0.0,0.0,1.0
25,54s,0.0,1.0,0.0,0.0,0.233,0.0,0.0,1.0,0.0,0.0,1.0
25,53s,0.0,1.0,0.0,0.0,0.0,0.001,0.0,0.999,0.0,0.001,0.999
25,52s,0.0,1.0,0.0,0.0,0.0,1.0,0.0,0.0,0.001,0.004,0.995
25,A4o,0.0,0.994,0.006,0.0,0.277,0.001,0.238,0.761,0.0,0.712,0.288
25,K4o,0.0,0.013,0.987,0.0,0.0,1.0,0.0,0.0,0.0,1.0,0.0
25,Q4o,0.0,1.0,0.0,0.0,0.0,1.0,0.0,0.0,0.267,0.733,0.0
25,J4o,0.0,1.0,0.0,0.0,0.0,1.0,0.0,0.0,0.993,0.007,0.0
25,T4o,0.0,1.0,0.0,0.0,0.0,1.0,0.0,0.0,0.999,0.001,0.0
25,94o,0.0,1.0,0.0,0.0,0.0,1.0,0.0,0.0,1.0,0.0,0.0
25,84o,0.0,1.0,0.0,0.0,0.0,1.0,0.0,0.0,1.0,0.0,0.0
25,74o,0.0,1.0,0.0,0.0,0.0,1.0,0.0,0.0,1.0,0.0,0.0
25,64o,0.0,1.0,0.0,0.0,0.0,1.0,0.0,0.0,0.998,0.002,0.0
25,54o,0.0,1.0,0.0,0.0,0.0,1.0,0.0,0.0,0.006,0.994,0.0
25,44,0.0,1.0,0.0,0.0,1.0,0.0,0.013,0.987,0.0,0.0,1.0
25,43s,0.0,1.0,0.0,0.0,0.0,1.0,0.0,0.0,0.0,0.001,0.999
25,42s,0.0,0.998,0.002,0.0,0.0,1.0,0.0,0.0,0.001,0.005,0.994
25,A3o,0.0,0.999,0.001,0.0,0.0,0.949,0.051,0.0,0.0,0.883,0.117
25,K3o,0.0,0.789,0.211,0.0,0.0,1.0,0.0,0.0,0.0,1.0,0.0
25,Q3o,0.0,1.0,0.0,0.0,0.0,1.0,0.0,0.0,0.878,0.122,0.0
25,J3o,0.0,1.0,0.0,0.0,0.0,1.0,0.0,0.0,0.997,0.003,0.0
25,T3o,0.0,1.0,0.0,0.0,0.0,1.0,0.0,0.0,1.0,0.0,0.0
25,93o,0.0,1.0,0.0,0.0,0.0,1.0,0.0,0.0,1.0,0.0,0.0
25,83o,0.0,1.0,0.0,0.0,0.0,1.0,0.0,0.0,1.0,0.0,0.0
25,73o,0.0,1.0,0.0,0.0,0.0,1.0,0.0,0.0,1.0,0.0,0.0
25,63o,0.0,1.0,0.0,0.0,0.0,1.0,0.0,0.0,1.0,0.0,0.0
25,53o,0.0,0.671,0.329,0.0,0.0,1.0,0.0,0.0,0.999,0.0,0.0
25,43o,0.0,0.495,0.505,0.0,0.0,1.0,0.0,0.0,1.0,0.0,0.0
25,33,0.0,0.999,0.0,0.001,1.0,0.0,0.0,1.0,0.0,0.0,1.0
25,32s,0.0,0.618,0.382,0.0,0.0,1.0,0.0,0.0,0.004,0.674,0.322
25,A2o,0.0,0.999,0.001,0.0,0.0,0.999,0.0,0.0,0.0,0.966,0.034
25,K2o,0.0,0.429,0.571,0.0,0.0,1.0,0.0,0.0,0.0,1.0,0.0
25,Q2o,0.0,1.0,0.0,0.0,0.0,1.0,0.0,0.0,0.993,0.007,0.0
25,J2o,0.0,1.0,0.0,0.0,0.0,1.0,0.0,0.0,0.999,0.001,0.0
25,T2o,0.0,1.0,0.0,0.0,0.0,1.0,0.0,0.0,1.0,0.0,0.0
25,92o,0.0,1.0,0.0,0.0,0.0,1.0,0.0,0.0,1.0,0.0,0.0
25,82o,0.0,1.0,0.0,0.0,0.0,1.0,0.0,0.0,1.0,0.0,0.0
25,72o,0.0,1.0,0.0,0.0,0.0,1.0,0.0,0.0,1.0,0.0,0.0
25,62o,0.0,1.0,0.0,0.0,0.0,1.0,0.0,0.0,1.0,0.0,0.0
25,52o,0.0,1.0,0.0,0.0,0.0,1.0,0.0,0.0,1.0,0.0,0.0
25,42o,0.002,0.996,0.001,0.0,0.0,1.0,0.0,0.0,1.0,0.0,0.0
25,32o,1.0,0.0,0.0,0.0,0.0,1.0,0.0,0.0,1.0,0.0,0.0
25,22,0.0,1.0,0.0,0.0,0.0,0.0,0.0,1.0,0.0,0.0,1.0
