stack_bb,open_bb,hand,donk,vs_1/3_fold,vs_1/3_call,vs_1/3_raise,turn_vs_barrel_fold,turn_vs_barrel_raise
25,2.0,two pair+,0.268,0.001,0.211,0.788,0.0,0.57
25,2.0,overpair / top pair,0.231,0.006,0.1,0.894,0.018,0.497
25,2.0,middle / weak pair,0.08,0.012,0.325,0.663,0.503,0.085
25,2.0,strong draw,0.127,0.013,0.401,0.585,0.549,0.314
25,2.0,weak draw,0.145,0.119,0.572,0.308,0.924,0.07
25,2.0,overcards / air,0.059,0.906,0.035,0.059,0.909,0.086
25,2.25,two pair+,0.246,0.001,0.297,0.702,0.0,0.577
25,2.25,overpair / top pair,0.319,0.005,0.067,0.928,0.006,0.752
25,2.25,middle / weak pair,0.095,0.012,0.354,0.634,0.519,0.103
25,2.25,strong draw,0.139,0.017,0.355,0.628,0.474,0.439
25,2.25,weak draw,0.179,0.152,0.515,0.333,0.945,0.051
25,2.25,overcards / air,0.062,0.888,0.036,0.076,0.9,0.09
25,3.0,two pair+,0.185,0.001,0.298,0.702,0.0,0.616
25,3.0,overpair / top pair,0.403,0.002,0.138,0.86,0.004,0.972
25,3.0,middle / weak pair,0.22,0.028,0.58,0.392,0.433,0.222
25,3.0,strong draw,0.228,0.014,0.321,0.665,0.327,0.488
25,3.0,weak draw,0.156,0.196,0.241,0.564,0.948,0.048
25,3.0,overcards / air,0.116,0.819,0.082,0.099,0.908,0.069
50,2.0,two pair+,0.297,0.003,0.074,0.922,0.004,0.628
50,2.0,overpair / top pair,0.14,0.01,0.264,0.726,0.044,0.139
50,2.0,middle / weak pair,0.063,0.01,0.385,0.605,0.532,0.051
50,2.0,strong draw,0.156,0.021,0.188,0.791,0.507,0.335
50,2.0,weak draw,0.117,0.119,0.5,0.381,0.948,0.051
50,2.0,overcards / air,0.057,0.908,0.029,0.063,0.952,0.047
50,2.25,two pair+,0.314,0.003,0.165,0.832,0.001,0.686
50,2.25,overpair / top pair,0.148,0.014,0.262,0.724,0.029,0.2
50,2.25,middle / weak pair,0.105,0.015,0.594,0.391,0.532,0.05
50,2.25,strong draw,0.193,0.023,0.266,0.711,0.373,0.434
50,2.25,weak draw,0.128,0.165,0.369,0.467,0.933,0.062
50,2.25,overcards / air,0.067,0.903,0.032,0.064,0.938,0.058
50,3.0,two pair+,0.363,0.002,0.234,0.764,0.001,0.591
50,3.0,overpair / top pair,0.169,0.012,0.333,0.655,0.066,0.31
50,3.0,middle / weak pair,0.106,0.012,0.707,0.281,0.559,0.047
50,3.0,strong draw,0.146,0.009,0.279,0.712,0.335,0.344
50,3.0,weak draw,0.135,0.099,0.457,0.444,0.915,0.072
50,3.0,overcards / air,0.085,0.814,0.075,0.112,0.897,0.092
100,2.25,two pair+,0.305,0.003,0.061,0.936,0.012,0.444
100,2.25,overpair / top pair,0.151,0.007,0.136,0.857,0.047,0.085
100,2.25,middle / weak pair,0.056,0.009,0.402,0.588,0.593,0.028
100,2.25,strong draw,0.174,0.027,0.173,0.801,0.313,0.446
100,2.25,weak draw,0.139,0.121,0.49,0.389,0.972,0.027
100,2.25,overcards / air,0.054,0.901,0.043,0.055,0.975,0.024
