variant,stack_bb,open_bb,r_oop,btn_opens,bb_fold,bb_call,bb_3bet,threebet_to,threebet_all_in,bb_ev_best,bb_ev_jam,bb_ev_best_small,best_small_to,btn_fold_vs_3bet,btn_call_vs_3bet,btn_jam_vs_3bet,bb_call_jam,btn_ev
fixed,20,2.0,0.915,0.6267,0.0091,0.7228,0.2682,20.0,True,0.0813,0.0813,0.0516,12.0,0.6849,0.3151,0.0,,-0.0813
fixed,20,2.25,0.915,0.5859,0.1357,0.5842,0.2801,20.0,True,0.0811,0.0811,0.0506,13.5,0.6479,0.3521,0.0,,-0.0811
fixed,20,2.5,0.915,0.553,0.2571,0.4701,0.2727,20.0,True,0.0864,0.0864,0.054,15.0,0.6024,0.3976,0.0,,-0.0864
fixed,20,2.75,0.915,0.5282,0.3829,0.3446,0.2725,20.0,True,0.0955,0.0955,0.0607,15.8125,0.5639,0.4361,0.0,,-0.0955
fixed,20,3.0,0.915,0.5186,0.4556,0.278,0.2665,20.0,True,0.107,0.107,0.0701,15.75,0.5309,0.4691,0.0,,-0.107
fixed,25,2.0,0.915,0.65,0.0091,0.7561,0.2349,25.0,True,0.0628,0.0628,0.0331,12.0,0.7491,0.2509,0.0,,-0.0628
fixed,25,2.25,0.915,0.6134,0.1267,0.6345,0.2389,25.0,True,0.0636,0.0636,0.0323,13.5,0.7202,0.2798,0.0,,-0.0636
fixed,25,2.5,0.915,0.5819,0.236,0.5175,0.2465,25.0,True,0.0699,0.0699,0.0371,15.0,0.6883,0.3117,0.0,,-0.0699
fixed,25,2.75,0.915,0.5488,0.3648,0.3818,0.2534,25.0,True,0.0809,0.0809,0.0472,16.5,0.6543,0.3457,0.0,,-0.0809
fixed,25,3.0,0.915,0.5309,0.4503,0.2961,0.2535,25.0,True,0.0945,0.0945,0.0603,18.0,0.6246,0.3754,0.0,,-0.0945
fixed,30,2.0,0.915,0.673,0.009,0.7683,0.2226,30.0,True,0.0449,0.0449,0.0184,12.0,0.7941,0.2059,0.0,,-0.0449
fixed,30,2.25,0.915,0.6231,0.1176,0.6521,0.2303,30.0,True,0.0463,0.0463,0.0166,13.5,0.7628,0.2372,0.0,,-0.0463
fixed,30,2.5,0.915,0.6029,0.2323,0.5363,0.2313,30.0,True,0.0535,0.0535,0.021,15.0,0.7379,0.2621,0.0,,-0.0535
fixed,30,2.75,0.915,0.5801,0.343,0.421,0.236,30.0,True,0.0652,0.0652,0.0308,16.5,0.7138,0.2862,0.0,,-0.0652
fixed,30,3.0,0.915,0.5551,0.4238,0.3409,0.2354,30.0,True,0.08,0.08,0.0445,18.0,0.687,0.313,0.0,,-0.08
fixed,40,2.0,0.915,0.7104,0.0052,0.8109,0.1839,40.0,True,0.0158,0.0158,0.0143,7.0,0.8495,0.1505,0.0,,-0.0158
fixed,40,2.25,0.915,0.6738,0.0995,0.7139,0.1866,40.0,True,0.0159,0.0159,0.0017,7.875,0.8269,0.1731,0.0,,-0.0159
fixed,40,2.5,0.915,0.636,0.214,0.5833,0.2027,40.0,True,0.022,0.022,-0.0039,10.625,0.8068,0.1932,0.0,,-0.022
fixed,40,2.75,0.915,0.6092,0.3288,0.4612,0.21,40.0,True,0.0338,0.0338,0.0024,16.5,0.7871,0.2129,0.0,,-0.0339
fixed,40,3.0,0.915,0.5835,0.3972,0.3942,0.2085,40.0,True,0.0491,0.0491,0.0153,18.0,0.7656,0.2344,0.0,,-0.0491
fixed,50,2.0,0.915,0.728,0.0,0.8089,0.1911,6.5,False,0.018,-0.0075,0.018,6.5,0.4906,0.3909,0.1185,0.3394,-0.0179
fixed,50,2.25,0.915,0.7053,0.0905,0.7289,0.1806,7.3125,False,0.0037,-0.0088,0.0037,7.3125,0.4891,0.392,0.1189,0.3752,-0.0036
fixed,50,2.5,0.915,0.6631,0.1855,0.6388,0.1756,50.0,True,-0.0034,-0.0034,-0.0035,8.75,0.8516,0.1484,0.0,,0.0034
fixed,50,2.75,0.915,0.6422,0.2929,0.5257,0.1814,50.0,True,0.0077,0.0077,-0.0046,9.625,0.833,0.167,0.0,,-0.0077
fixed,50,3.0,0.915,0.6238,0.362,0.4568,0.1812,50.0,True,0.0224,0.0224,-0.0009,11.25,0.8145,0.1855,0.0,,-0.0224
fixed,75,2.0,0.915,0.7073,0.0089,0.7824,0.2087,6.5,False,0.0267,-0.0402,0.0267,6.5,0.4393,0.4664,0.0943,0.2337,-0.0266
fixed,75,2.25,0.915,0.6922,0.0995,0.699,0.2015,7.3125,False,0.0124,-0.047,0.0124,7.3125,0.4341,0.4687,0.0972,0.2616,-0.0122
fixed,75,2.5,0.915,0.6707,0.1844,0.6226,0.1931,8.125,False,0.0045,-0.047,0.0045,8.125,0.4336,0.4667,0.0997,0.2896,-0.0044
fixed,75,2.75,0.915,0.6642,0.2833,0.5346,0.1821,9.625,False,0.0026,-0.0412,0.0026,9.625,0.5199,0.3685,0.1116,0.3332,-0.0025
fixed,75,3.0,0.915,0.6553,0.3499,0.4704,0.1797,9.75,False,0.0053,-0.0298,0.0053,9.75,0.4599,0.4299,0.1102,0.3403,-0.0052
fixed,100,2.0,0.915,0.6924,0.009,0.7573,0.2337,6.5,False,0.0347,-0.0554,0.0347,6.5,0.4232,0.498,0.0788,0.1718,-0.0345
fixed,100,2.25,0.915,0.6776,0.0995,0.6863,0.2141,7.3125,False,0.0202,-0.0661,0.0202,7.3125,0.4228,0.4937,0.0835,0.1949,-0.02
fixed,100,2.5,0.915,0.6661,0.1926,0.6056,0.2018,8.125,False,0.0122,-0.0704,0.0122,8.125,0.4125,0.4999,0.0876,0.2153,-0.0121
fixed,100,2.75,0.915,0.6586,0.2879,0.5184,0.1938,8.9375,False,0.0101,-0.0676,0.0101,8.9375,0.4186,0.4902,0.0912,0.2369,-0.0099
fixed,100,3.0,0.915,0.6416,0.3503,0.4659,0.1839,9.75,False,0.0123,-0.0598,0.0123,9.75,0.4387,0.4653,0.096,0.2553,-0.0121
by_stack,20,2.0,1.0,0.6018,0.0,0.7635,0.2365,20.0,True,0.1154,0.1154,0.1045,12.0,0.7038,0.2962,0.0,,-0.1154
by_stack,20,2.25,1.0,0.5591,0.0633,0.693,0.2436,20.0,True,0.1127,0.1127,0.1041,13.5,0.6618,0.3382,0.0,,-0.1127
by_stack,20,2.5,1.0,0.538,0.18,0.5772,0.2428,20.0,True,0.1133,0.1133,0.108,15.0,0.6222,0.3778,0.0,,-0.1133
by_stack,20,2.75,1.0,0.5133,0.2835,0.467,0.2495,20.0,True,0.1176,0.1176,0.1159,16.5,0.5833,0.4167,0.0,,-0.1176
by_stack,20,3.0,1.0,0.4925,0.3831,0.3705,0.2464,20.0,True,0.1247,0.1247,0.1231,16.5,0.5481,0.4519,0.0,,-0.1247
by_stack,25,2.0,1.0,0.619,0.0,0.7728,0.2272,25.0,True,0.0994,0.0994,0.0861,12.0,0.755,0.245,0.0,,-0.0994
by_stack,25,2.25,1.0,0.5899,0.0633,0.7092,0.2275,25.0,True,0.0982,0.0982,0.0851,13.5,0.7267,0.2733,0.0,,-0.0982
by_stack,25,2.5,1.0,0.5505,0.1591,0.6192,0.2217,25.0,True,0.1006,0.1006,0.0886,15.0,0.6968,0.3032,0.0,,-0.1006
by_stack,25,2.75,1.0,0.5272,0.2741,0.5027,0.2232,25.0,True,0.1061,0.1061,0.0962,16.5,0.6704,0.3296,0.0,,-0.1062
by_stack,25,3.0,1.0,0.5095,0.3709,0.4038,0.2253,25.0,True,0.1151,0.1151,0.1078,18.0,0.6372,0.3628,0.0,,-0.1151
by_stack,30,2.0,0.9952,0.6494,0.0,0.7929,0.2071,30.0,True,0.0818,0.0818,0.0684,12.0,0.8003,0.1997,0.0,,-0.0818
by_stack,30,2.25,0.9952,0.6026,0.0633,0.7297,0.207,30.0,True,0.0808,0.0808,0.0664,13.5,0.7754,0.2246,0.0,,-0.0808
by_stack,30,2.5,0.9952,0.5747,0.1454,0.6423,0.2123,30.0,True,0.084,0.084,0.0693,15.0,0.7497,0.2503,0.0,,-0.084
by_stack,30,2.75,0.9952,0.5384,0.2711,0.5113,0.2175,30.0,True,0.0911,0.0911,0.0769,16.5,0.7202,0.2798,0.0,,-0.0911
by_stack,30,3.0,0.9952,0.5135,0.3698,0.4094,0.2207,30.0,True,0.1018,0.1018,0.0882,18.0,0.6963,0.3037,0.0,,-0.1018
by_stack,40,2.0,0.9766,0.6953,0.0,0.8142,0.1858,6.5,False,0.0551,0.0477,0.0551,6.5,0.5045,0.3697,0.1258,0.4296,-0.055
by_stack,40,2.25,0.9766,0.6499,0.0633,0.7566,0.1801,40.0,True,0.0464,0.0464,0.0425,7.3125,0.8334,0.1666,0.0,,-0.0464
by_stack,40,2.5,0.9766,0.6191,0.1629,0.6572,0.1799,40.0,True,0.0497,0.0497,0.0357,10.0,0.8104,0.1896,0.0,,-0.0497
by_stack,40,2.75,0.9766,0.5909,0.2566,0.5562,0.1872,40.0,True,0.0571,0.0571,0.0388,16.5,0.7915,0.2085,0.0,,-0.0571
by_stack,40,3.0,0.9766,0.5626,0.3638,0.4354,0.2008,40.0,True,0.0691,0.0691,0.05,18.0,0.7714,0.2286,0.0,,-0.0691
by_stack,50,2.0,0.9622,0.7031,0.0,0.8102,0.1898,6.5,False,0.0497,0.0198,0.0497,6.5,0.4975,0.382,0.1205,0.3451,-0.0496
by_stack,50,2.25,0.9622,0.6803,0.0725,0.7461,0.1815,7.3125,False,0.036,0.017,0.036,7.3125,0.4996,0.3772,0.1232,0.3794,-0.036
by_stack,50,2.5,0.9622,0.6603,0.1569,0.6667,0.1764,8.125,False,0.028,0.0198,0.028,8.125,0.5082,0.3617,0.1301,0.4196,-0.028
by_stack,50,2.75,0.9622,0.6151,0.2624,0.5686,0.169,50.0,True,0.0281,0.0281,0.0253,8.9375,0.8369,0.1631,0.0,,-0.0281
by_stack,50,3.0,0.9622,0.5951,0.3523,0.4706,0.1772,50.0,True,0.0406,0.0406,0.0277,10.5,0.8206,0.1794,0.0,,-0.0406
by_stack,75,2.0,0.936,0.7013,0.0,0.7918,0.2082,6.5,False,0.0415,-0.0263,0.0415,6.5,0.4644,0.4371,0.0985,0.2357,-0.0414
by_stack,75,2.25,0.936,0.6689,0.0864,0.7111,0.2025,7.3125,False,0.0273,-0.0331,0.0273,7.3125,0.4545,0.4449,0.1006,0.2637,-0.0272
by_stack,75,2.5,0.936,0.6531,0.178,0.6323,0.1897,8.125,False,0.019,-0.0338,0.019,8.125,0.4519,0.4466,0.1015,0.2897,-0.0189
by_stack,75,2.75,0.936,0.6463,0.2781,0.5353,0.1866,8.9375,False,0.0167,-0.029,0.0167,8.9375,0.452,0.4438,0.1042,0.3188,-0.0166
by_stack,75,3.0,0.936,0.6432,0.3499,0.4728,0.1772,9.75,False,0.0189,-0.0191,0.0189,9.75,0.4761,0.4084,0.1155,0.3417,-0.0188
by_stack,100,2.0,0.9174,0.6923,0.0089,0.7566,0.2345,6.5,False,0.0364,-0.0537,0.0364,6.5,0.4241,0.497,0.079,0.1722,-0.0362
by_stack,100,2.25,0.9174,0.6771,0.0995,0.6874,0.2131,7.3125,False,0.0219,-0.0644,0.0219,7.3125,0.4236,0.4926,0.0838,0.1953,-0.0218
by_stack,100,2.5,0.9174,0.6627,0.1902,0.6086,0.2013,8.125,False,0.014,-0.0688,0.014,8.125,0.4119,0.5009,0.0872,0.2155,-0.0138
by_stack,100,2.75,0.9174,0.6559,0.2866,0.5191,0.1943,8.9375,False,0.0117,-0.066,0.0117,8.9375,0.4246,0.4838,0.0917,0.2372,-0.0115
by_stack,100,3.0,0.9174,0.64,0.3505,0.466,0.1836,9.75,False,0.0139,-0.0583,0.0139,9.75,0.4377,0.4666,0.0957,0.2551,-0.0137
