variant,stack_bb,open_bb,threebet_to,all_in,bb_ev
fixed,20,2.0,5.0,False,0.00286
fixed,20,2.0,5.5,False,0.01054
fixed,20,2.0,6.0,False,0.01671
fixed,20,2.0,6.5,False,0.0218
fixed,20,2.0,7.0,False,0.02597
fixed,20,2.0,7.5,False,0.02941
fixed,20,2.0,8.0,False,0.03239
fixed,20,2.0,8.5,False,0.03521
fixed,20,2.0,9.0,False,0.03791
fixed,20,2.0,9.5,False,0.04066
fixed,20,2.0,10.0,False,0.0432
fixed,20,2.0,10.5,False,0.0456
fixed,20,2.0,11.0,False,0.04783
fixed,20,2.0,11.5,False,0.04986
fixed,20,2.0,12.0,False,0.05161
fixed,20,2.0,20.0,True,0.08126
fixed,20,2.25,5.625,False,-0.00863
fixed,20,2.25,6.1875,False,0.00059
fixed,20,2.25,6.75,False,0.00841
fixed,20,2.25,7.3125,False,0.01482
fixed,20,2.25,7.875,False,0.02031
fixed,20,2.25,8.4375,False,0.02485
fixed,20,2.25,9.0,False,0.02884
fixed,20,2.25,9.5625,False,0.03259
fixed,20,2.25,10.125,False,0.03598
fixed,20,2.25,10.6875,False,0.03906
fixed,20,2.25,11.25,False,0.04192
fixed,20,2.25,11.8125,False,0.0446
fixed,20,2.25,12.375,False,0.04706
fixed,20,2.25,12.9375,False,0.04902
fixed,20,2.25,13.5,False,0.05056
fixed,20,2.25,20.0,True,0.08109
fixed,20,2.5,6.25,False,-0.01338
fixed,20,2.5,6.875,False,-0.00238
fixed,20,2.5,7.5,False,0.00694
fixed,20,2.5,8.125,False,0.01473
fixed,20,2.5,8.75,False,0.02132
fixed,20,2.5,9.375,False,0.02719
fixed,20,2.5,10.0,False,0.03232
fixed,20,2.5,10.625,False,0.03672
fixed,20,2.5,11.25,False,0.04048
fixed,20,2.5,11.875,False,0.0439
fixed,20,2.5,12.5,False,0.04698
fixed,20,2.5,13.125,False,0.04965
fixed,20,2.5,13.75,False,0.05188
fixed,20,2.5,14.375,False,0.05339
fixed,20,2.5,15.0,False,0.05401
fixed,20,2.5,20.0,True,0.08638
fixed,20,2.75,6.875,False,-0.01241
fixed,20,2.75,7.5625,False,0.00088
fixed,20,2.75,8.25,False,0.01181
fixed,20,2.75,8.9375,False,0.02076
fixed,20,2.75,9.625,False,0.02885
fixed,20,2.75,10.3125,False,0.0357
fixed,20,2.75,11.0,False,0.04141
fixed,20,2.75,11.6875,False,0.04629
fixed,20,2.75,12.375,False,0.05043
fixed,20,2.75,13.0625,False,0.05411
fixed,20,2.75,13.75,False,0.05708
fixed,20,2.75,14.4375,False,0.05933
fixed,20,2.75,15.125,False,0.06056
fixed,20,2.75,15.8125,False,0.06072
fixed,20,2.75,16.5,False,0.0597
fixed,20,2.75,20.0,True,0.09548
fixed,20,3.0,7.5,False,-0.00621
fixed,20,3.0,8.25,False,0.00882
fixed,20,3.0,9.0,False,0.02083
fixed,20,3.0,9.75,False,0.03145
fixed,20,3.0,10.5,False,0.04067
fixed,20,3.0,11.25,False,0.04827
fixed,20,3.0,12.0,False,0.0544
fixed,20,3.0,12.75,False,0.05942
fixed,20,3.0,13.5,False,0.0637
fixed,20,3.0,14.25,False,0.06718
fixed,20,3.0,15.0,False,0.06935
fixed,20,3.0,15.75,False,0.07013
fixed,20,3.0,16.5,False,0.06969
fixed,20,3.0,17.25,False,0.06859
fixed,20,3.0,18.0,False,0.0668
fixed,20,3.0,20.0,True,0.10704
fixed,25,2.0,5.0,False,0.00162
fixed,25,2.0,5.5,False,0.00793
fixed,25,2.0,6.0,False,0.01244
fixed,25,2.0,6.5,False,0.01575
fixed,25,2.0,7.0,False,0.01782
fixed,25,2.0,7.5,False,0.01961
fixed,25,2.0,8.0,False,0.02117
fixed,25,2.0,8.5,False,0.02247
fixed,25,2.0,9.0,False,0.02368
fixed,25,2.0,9.5,False,0.02507
fixed,25,2.0,10.0,False,0.02664
fixed,25,2.0,10.5,False,0.02831
fixed,25,2.0,11.0,False,0.02999
fixed,25,2.0,11.5,False,0.03163
fixed,25,2.0,12.0,False,0.03315
fixed,25,2.0,25.0,True,0.06276
fixed,25,2.25,5.625,False,-0.01118
fixed,25,2.25,6.1875,False,-0.00381
fixed,25,2.25,6.75,False,0.00204
fixed,25,2.25,7.3125,False,0.00659
fixed,25,2.25,7.875,False,0.01014
fixed,25,2.25,8.4375,False,0.013
fixed,25,2.25,9.0,False,0.01521
fixed,25,2.25,9.5625,False,0.01738
fixed,25,2.25,10.125,False,0.01962
fixed,25,2.25,10.6875,False,0.02195
fixed,25,2.25,11.25,False,0.02445
fixed,25,2.25,11.8125,False,0.02684
fixed,25,2.25,12.375,False,0.02885
fixed,25,2.25,12.9375,False,0.03064
fixed,25,2.25,13.5,False,0.03226
fixed,25,2.25,25.0,True,0.06356
fixed,25,2.5,6.25,False,-0.01736
fixed,25,2.5,6.875,False,-0.00857
fixed,25,2.5,7.5,False,-0.0012
fixed,25,2.5,8.125,False,0.00467
fixed,25,2.5,8.75,False,0.00914
fixed,25,2.5,9.375,False,0.01283
fixed,25,2.5,10.0,False,0.0162
fixed,25,2.5,10.625,False,0.01924
fixed,25,2.5,11.25,False,0.02245
fixed,25,2.5,11.875,False,0.02564
fixed,25,2.5,12.5,False,0.02859
fixed,25,2.5,13.125,False,0.03126
fixed,25,2.5,13.75,False,0.0336
fixed,25,2.5,14.375,False,0.03553
fixed,25,2.5,15.0,False,0.03712
fixed,25,2.5,25.0,True,0.06987
fixed,25,2.75,6.875,False,-0.0178
fixed,25,2.75,7.5625,False,-0.00711
fixed,25,2.75,8.25,False,0.00166
fixed,25,2.75,8.9375,False,0.00871
fixed,25,2.75,9.625,False,0.01459
fixed,25,2.75,10.3125,False,0.01939
fixed,25,2.75,11.0,False,0.02353
fixed,25,2.75,11.6875,False,0.0276
fixed,25,2.75,12.375,False,0.03155
fixed,25,2.75,13.0625,False,0.03518
fixed,25,2.75,13.75,False,0.03842
fixed,25,2.75,14.4375,False,0.04133
fixed,25,2.75,15.125,False,0.04385
fixed,25,2.75,15.8125,False,0.0457
fixed,25,2.75,16.5,False,0.04718
fixed,25,2.75,25.0,True,0.08087
fixed,25,3.0,7.5,False,-0.01337
fixed,25,3.0,8.25,False,-0.00097
fixed,25,3.0,9.0,False,0.0092
fixed,25,3.0,9.75,False,0.01767
fixed,25,3.0,10.5,False,0.02471
fixed,25,3.0,11.25,False,0.0305
fixed,25,3.0,12.0,False,0.03573
fixed,25,3.0,12.75,False,0.04056
fixed,25,3.0,13.5,False,0.0449
fixed,25,3.0,14.25,False,0.04883
fixed,25,3.0,15.0,False,0.05229
fixed,25,3.0,15.75,False,0.05504
fixed,25,3.0,16.5,False,0.05738
fixed,25,3.0,17.25,False,0.05925
fixed,25,3.0,18.0,False,0.06028
fixed,25,3.0,25.0,True,0.09453
fixed,30,2.0,5.0,False,0.00222
fixed,30,2.0,5.5,False,0.00765
fixed,30,2.0,6.0,False,0.01117
fixed,30,2.0,6.5,False,0.01356
fixed,30,2.0,7.0,False,0.01469
fixed,30,2.0,7.5,False,0.01513
fixed,30,2.0,8.0,False,0.0154
fixed,30,2.0,8.5,False,0.01559
fixed,30,2.0,9.0,False,0.01597
fixed,30,2.0,9.5,False,0.01631
fixed,30,2.0,10.0,False,0.01653
fixed,30,2.0,10.5,False,0.01674
fixed,30,2.0,11.0,False,0.01715
fixed,30,2.0,11.5,False,0.01768
fixed,30,2.0,12.0,False,0.01837
fixed,30,2.0,30.0,True,0.04488
fixed,30,2.25,5.625,False,-0.01138
fixed,30,2.25,6.1875,False,-0.00526
fixed,30,2.25,6.75,False,-0.00066
fixed,30,2.25,7.3125,False,0.00248
fixed,30,2.25,7.875,False,0.00414
fixed,30,2.25,8.4375,False,0.00537
fixed,30,2.25,9.0,False,0.00667
fixed,30,2.25,9.5625,False,0.00772
fixed,30,2.25,10.125,False,0.00872
fixed,30,2.25,10.6875,False,0.00979
fixed,30,2.25,11.25,False,0.01096
fixed,30,2.25,11.8125,False,0.01213
fixed,30,2.25,12.375,False,0.0136
fixed,30,2.25,12.9375,False,0.01514
fixed,30,2.25,13.5,False,0.0166
fixed,30,2.25,30.0,True,0.04629
fixed,30,2.5,6.25,False,-0.01857
fixed,30,2.5,6.875,False,-0.01115
fixed,30,2.5,7.5,False,-0.00538
fixed,30,2.5,8.125,False,-0.00158
fixed,30,2.5,8.75,False,0.00129
fixed,30,2.5,9.375,False,0.00358
fixed,30,2.5,10.0,False,0.0055
fixed,30,2.5,10.625,False,0.00731
fixed,30,2.5,11.25,False,0.00918
fixed,30,2.5,11.875,False,0.01113
fixed,30,2.5,12.5,False,0.01318
fixed,30,2.5,13.125,False,0.01529
fixed,30,2.5,13.75,False,0.01734
fixed,30,2.5,14.375,False,0.01928
fixed,30,2.5,15.0,False,0.02096
fixed,30,2.5,30.0,True,0.05346
fixed,30,2.75,6.875,False,-0.01987
fixed,30,2.75,7.5625,False,-0.01114
fixed,30,2.75,8.25,False,-0.00426
fixed,30,2.75,8.9375,False,0.00127
fixed,30,2.75,9.625,False,0.00529
fixed,30,2.75,10.3125,False,0.0085
fixed,30,2.75,11.0,False,0.01119
fixed,30,2.75,11.6875,False,0.01389
fixed,30,2.75,12.375,False,0.01673
fixed,30,2.75,13.0625,False,0.01952
fixed,30,2.75,13.75,False,0.02221
fixed,30,2.75,14.4375,False,0.02474
fixed,30,2.75,15.125,False,0.02706
fixed,30,2.75,15.8125,False,0.02904
fixed,30,2.75,16.5,False,0.03079
fixed,30,2.75,30.0,True,0.06522
fixed,30,3.0,7.5,False,-0.01662
fixed,30,3.0,8.25,False,-0.00643
fixed,30,3.0,9.0,False,0.00225
fixed,30,3.0,9.75,False,0.00902
fixed,30,3.0,10.5,False,0.01393
fixed,30,3.0,11.25,False,0.01802
fixed,30,3.0,12.0,False,0.02164
fixed,30,3.0,12.75,False,0.02526
fixed,30,3.0,13.5,False,0.02891
fixed,30,3.0,14.25,False,0.03237
fixed,30,3.0,15.0,False,0.03553
fixed,30,3.0,15.75,False,0.03829
fixed,30,3.0,16.5,False,0.04064
fixed,30,3.0,17.25,False,0.04267
fixed,30,3.0,18.0,False,0.0445
fixed,30,3.0,30.0,True,0.07998
fixed,40,2.0,5.0,False,0.00595
fixed,40,2.0,5.5,False,0.01042
fixed,40,2.0,6.0,False,0.01289
fixed,40,2.0,6.5,False,0.01433
fixed,40,2.0,7.0,False,0.01433
fixed,40,2.0,7.5,False,0.01386
fixed,40,2.0,8.0,False,0.01301
fixed,40,2.0,8.5,False,0.01222
fixed,40,2.0,9.0,False,0.01134
fixed,40,2.0,9.5,False,0.0103
fixed,40,2.0,10.0,False,0.00933
fixed,40,2.0,10.5,False,0.00839
fixed,40,2.0,11.0,False,0.00743
fixed,40,2.0,11.5,False,0.00648
fixed,40,2.0,12.0,False,0.00551
fixed,40,2.0,40.0,True,0.01579
fixed,40,2.25,5.625,False,-0.00868
fixed,40,2.25,6.1875,False,-0.00381
fixed,40,2.25,6.75,False,-0.00049
fixed,40,2.25,7.3125,False,0.00118
fixed,40,2.25,7.875,False,0.00168
fixed,40,2.25,8.4375,False,0.00155
fixed,40,2.25,9.0,False,0.00111
fixed,40,2.25,9.5625,False,0.00065
fixed,40,2.25,10.125,False,8e-05
fixed,40,2.25,10.6875,False,-0.00057
fixed,40,2.25,11.25,False,-0.00119
fixed,40,2.25,11.8125,False,-0.0018
fixed,40,2.25,12.375,False,-0.00239
fixed,40,2.25,12.9375,False,-0.00298
fixed,40,2.25,13.5,False,-0.00352
fixed,40,2.25,40.0,True,0.01589
fixed,40,2.5,6.25,False,-0.01697
fixed,40,2.5,6.875,False,-0.0112
fixed,40,2.5,7.5,False,-0.00703
fixed,40,2.5,8.125,False,-0.00497
fixed,40,2.5,8.75,False,-0.00408
fixed,40,2.5,9.375,False,-0.00388
fixed,40,2.5,10.0,False,-0.00389
fixed,40,2.5,10.625,False,-0.00386
fixed,40,2.5,11.25,False,-0.00414
fixed,40,2.5,11.875,False,-0.00427
fixed,40,2.5,12.5,False,-0.00431
fixed,40,2.5,13.125,False,-0.00425
fixed,40,2.5,13.75,False,-0.00429
fixed,40,2.5,14.375,False,-0.00433
fixed,40,2.5,15.0,False,-0.00436
fixed,40,2.5,40.0,True,0.02197
fixed,40,2.75,6.875,False,-0.0194
fixed,40,2.75,7.5625,False,-0.01257
fixed,40,2.75,8.25,False,-0.0077
fixed,40,2.75,8.9375,False,-0.00514
fixed,40,2.75,9.625,False,-0.00376
fixed,40,2.75,10.3125,False,-0.00312
fixed,40,2.75,11.0,False,-0.00264
fixed,40,2.75,11.6875,False,-0.00213
fixed,40,2.75,12.375,False,-0.0015
fixed,40,2.75,13.0625,False,-0.00098
fixed,40,2.75,13.75,False,-0.0004
fixed,40,2.75,14.4375,False,0.00034
fixed,40,2.75,15.125,False,0.00096
fixed,40,2.75,15.8125,False,0.00169
fixed,40,2.75,16.5,False,0.00242
fixed,40,2.75,40.0,True,0.03385
fixed,40,3.0,7.5,False,-0.01754
fixed,40,3.0,8.25,False,-0.00947
fixed,40,3.0,9.0,False,-0.00357
fixed,40,3.0,9.75,False,-0.00012
fixed,40,3.0,10.5,False,0.00157
fixed,40,3.0,11.25,False,0.00284
fixed,40,3.0,12.0,False,0.00424
fixed,40,3.0,12.75,False,0.00567
fixed,40,3.0,13.5,False,0.00693
fixed,40,3.0,14.25,False,0.00811
fixed,40,3.0,15.0,False,0.00944
fixed,40,3.0,15.75,False,0.01072
fixed,40,3.0,16.5,False,0.01206
fixed,40,3.0,17.25,False,0.01371
fixed,40,3.0,18.0,False,0.01526
fixed,40,3.0,40.0,True,0.04914
fixed,50,2.0,5.0,False,0.00944
fixed,50,2.0,5.5,False,0.01449
fixed,50,2.0,6.0,False,0.01704
fixed,50,2.0,6.5,False,0.01798
fixed,50,2.0,7.0,False,0.01737
fixed,50,2.0,7.5,False,0.01627
fixed,50,2.0,8.0,False,0.01477
fixed,50,2.0,8.5,False,0.01329
fixed,50,2.0,9.0,False,0.01169
fixed,50,2.0,9.5,False,0.00998
fixed,50,2.0,10.0,False,0.00838
fixed,50,2.0,10.5,False,0.00679
fixed,50,2.0,11.0,False,0.00518
fixed,50,2.0,11.5,False,0.00364
fixed,50,2.0,12.0,False,0.00211
fixed,50,2.0,50.0,True,-0.00749
fixed,50,2.25,5.625,False,-0.00517
fixed,50,2.25,6.1875,False,4e-05
fixed,50,2.25,6.75,False,0.00284
fixed,50,2.25,7.3125,False,0.00371
fixed,50,2.25,7.875,False,0.00358
fixed,50,2.25,8.4375,False,0.0026
fixed,50,2.25,9.0,False,0.00145
fixed,50,2.25,9.5625,False,0.00016
fixed,50,2.25,10.125,False,-0.00127
fixed,50,2.25,10.6875,False,-0.00261
fixed,50,2.25,11.25,False,-0.0039
fixed,50,2.25,11.8125,False,-0.00527
fixed,50,2.25,12.375,False,-0.00664
fixed,50,2.25,12.9375,False,-0.008
fixed,50,2.25,13.5,False,-0.00929
fixed,50,2.25,50.0,True,-0.00878
fixed,50,2.5,6.25,False,-0.01352
fixed,50,2.5,6.875,False,-0.00799
fixed,50,2.5,7.5,False,-0.00484
fixed,50,2.5,8.125,False,-0.00357
fixed,50,2.5,8.75,False,-0.00347
fixed,50,2.5,9.375,False,-0.0042
fixed,50,2.5,10.0,False,-0.0051
fixed,50,2.5,10.625,False,-0.00612
fixed,50,2.5,11.25,False,-0.00714
fixed,50,2.5,11.875,False,-0.00814
fixed,50,2.5,12.5,False,-0.00926
fixed,50,2.5,13.125,False,-0.01045
fixed,50,2.5,13.75,False,-0.0117
fixed,50,2.5,14.375,False,-0.01285
fixed,50,2.5,15.0,False,-0.01395
fixed,50,2.5,50.0,True,-0.00345
fixed,50,2.75,6.875,False,-0.01651
fixed,50,2.75,7.5625,False,-0.01025
fixed,50,2.75,8.25,False,-0.00653
fixed,50,2.75,8.9375,False,-0.00484
fixed,50,2.75,9.625,False,-0.00465
fixed,50,2.75,10.3125,False,-0.00498
fixed,50,2.75,11.0,False,-0.00555
fixed,50,2.75,11.6875,False,-0.00635
fixed,50,2.75,12.375,False,-0.00707
fixed,50,2.75,13.0625,False,-0.00792
fixed,50,2.75,13.75,False,-0.00885
fixed,50,2.75,14.4375,False,-0.00974
fixed,50,2.75,15.125,False,-0.01063
fixed,50,2.75,15.8125,False,-0.01142
fixed,50,2.75,16.5,False,-0.01232
fixed,50,2.75,50.0,True,0.00772
fixed,50,3.0,7.5,False,-0.01508
fixed,50,3.0,8.25,False,-0.00822
fixed,50,3.0,9.0,False,-0.00363
fixed,50,3.0,9.75,False,-0.00152
fixed,50,3.0,10.5,False,-0.00089
fixed,50,3.0,11.25,False,-0.00086
fixed,50,3.0,12.0,False,-0.00111
fixed,50,3.0,12.75,False,-0.00156
fixed,50,3.0,13.5,False,-0.00203
fixed,50,3.0,14.25,False,-0.00256
fixed,50,3.0,15.0,False,-0.00307
fixed,50,3.0,15.75,False,-0.00353
fixed,50,3.0,16.5,False,-0.00404
fixed,50,3.0,17.25,False,-0.00454
fixed,50,3.0,18.0,False,-0.00478
fixed,50,3.0,50.0,True,0.02236
fixed,75,2.0,5.0,False,0.01715
fixed,75,2.0,5.5,False,0.02303
fixed,75,2.0,6.0,False,0.02597
fixed,75,2.0,6.5,False,0.02667
fixed,75,2.0,7.0,False,0.02616
fixed,75,2.0,7.5,False,0.02476
fixed,75,2.0,8.0,False,0.02292
fixed,75,2.0,8.5,False,0.02072
fixed,75,2.0,9.0,False,0.0185
fixed,75,2.0,9.5,False,0.01625
fixed,75,2.0,10.0,False,0.01388
fixed,75,2.0,10.5,False,0.01153
fixed,75,2.0,11.0,False,0.00918
fixed,75,2.0,11.5,False,0.0068
fixed,75,2.0,12.0,False,0.00463
fixed,75,2.0,75.0,True,-0.04021
fixed,75,2.25,5.625,False,0.00243
fixed,75,2.25,6.1875,False,0.00867
fixed,75,2.25,6.75,False,0.01129
fixed,75,2.25,7.3125,False,0.01239
fixed,75,2.25,7.875,False,0.0121
fixed,75,2.25,8.4375,False,0.01082
fixed,75,2.25,9.0,False,0.00888
fixed,75,2.25,9.5625,False,0.0066
fixed,75,2.25,10.125,False,0.00424
fixed,75,2.25,10.6875,False,0.00189
fixed,75,2.25,11.25,False,-0.00038
fixed,75,2.25,11.8125,False,-0.00265
fixed,75,2.25,12.375,False,-0.00494
fixed,75,2.25,12.9375,False,-0.00707
fixed,75,2.25,13.5,False,-0.00919
fixed,75,2.25,75.0,True,-0.047
fixed,75,2.5,6.25,False,-0.00607
fixed,75,2.5,6.875,False,0.00012
fixed,75,2.5,7.5,False,0.00294
fixed,75,2.5,8.125,False,0.00449
fixed,75,2.5,8.75,False,0.00448
fixed,75,2.5,9.375,False,0.00318
fixed,75,2.5,10.0,False,0.00108
fixed,75,2.5,10.625,False,-0.00117
fixed,75,2.5,11.25,False,-0.00355
fixed,75,2.5,11.875,False,-0.00583
fixed,75,2.5,12.5,False,-0.00812
fixed,75,2.5,13.125,False,-0.01035
fixed,75,2.5,13.75,False,-0.01253
fixed,75,2.5,14.375,False,-0.01473
fixed,75,2.5,15.0,False,-0.01688
fixed,75,2.5,75.0,True,-0.04698
fixed,75,2.75,6.875,False,-0.00909
fixed,75,2.75,7.5625,False,-0.0029
fixed,75,2.75,8.25,False,0.00046
fixed,75,2.75,8.9375,False,0.00259
fixed,75,2.75,9.625,False,0.00259
fixed,75,2.75,10.3125,False,0.00083
fixed,75,2.75,11.0,False,-0.00114
fixed,75,2.75,11.6875,False,-0.00347
fixed,75,2.75,12.375,False,-0.00562
fixed,75,2.75,13.0625,False,-0.00785
fixed,75,2.75,13.75,False,-0.01003
fixed,75,2.75,14.4375,False,-0.01216
fixed,75,2.75,15.125,False,-0.01427
fixed,75,2.75,15.8125,False,-0.01635
fixed,75,2.75,16.5,False,-0.01843
fixed,75,2.75,75.0,True,-0.0412
fixed,75,3.0,7.5,False,-0.00795
fixed,75,3.0,8.25,False,-0.00137
fixed,75,3.0,9.0,False,0.00289
fixed,75,3.0,9.75,False,0.0053
fixed,75,3.0,10.5,False,0.00469
fixed,75,3.0,11.25,False,0.00303
fixed,75,3.0,12.0,False,0.0011
fixed,75,3.0,12.75,False,-0.00111
fixed,75,3.0,13.5,False,-0.00316
fixed,75,3.0,14.25,False,-0.00531
fixed,75,3.0,15.0,False,-0.00744
fixed,75,3.0,15.75,False,-0.00962
fixed,75,3.0,16.5,False,-0.01165
fixed,75,3.0,17.25,False,-0.01358
fixed,75,3.0,18.0,False,-0.01561
fixed,75,3.0,75.0,True,-0.02983
fixed,100,2.0,5.0,False,0.02278
fixed,100,2.0,5.5,False,0.03003
fixed,100,2.0,6.0,False,0.03371
fixed,100,2.0,6.5,False,0.03468
fixed,100,2.0,7.0,False,0.03414
fixed,100,2.0,7.5,False,0.03286
fixed,100,2.0,8.0,False,0.03099
fixed,100,2.0,8.5,False,0.02861
fixed,100,2.0,9.0,False,0.02599
fixed,100,2.0,9.5,False,0.0235
fixed,100,2.0,10.0,False,0.02089
fixed,100,2.0,10.5,False,0.01816
fixed,100,2.0,11.0,False,0.01553
fixed,100,2.0,11.5,False,0.01277
fixed,100,2.0,12.0,False,0.0101
fixed,100,2.0,100.0,True,-0.0554
fixed,100,2.25,5.625,False,0.00883
fixed,100,2.25,6.1875,False,0.01567
fixed,100,2.25,6.75,False,0.01922
fixed,100,2.25,7.3125,False,0.02021
fixed,100,2.25,7.875,False,0.02002
fixed,100,2.25,8.4375,False,0.01856
fixed,100,2.25,9.0,False,0.01653
fixed,100,2.25,9.5625,False,0.01398
fixed,100,2.25,10.125,False,0.01142
fixed,100,2.25,10.6875,False,0.00871
fixed,100,2.25,11.25,False,0.00592
fixed,100,2.25,11.8125,False,0.00318
fixed,100,2.25,12.375,False,0.00035
fixed,100,2.25,12.9375,False,-0.00238
fixed,100,2.25,13.5,False,-0.00499
fixed,100,2.25,100.0,True,-0.06611
fixed,100,2.5,6.25,False,0.00024
fixed,100,2.5,6.875,False,0.00741
fixed,100,2.5,7.5,False,0.01076
fixed,100,2.5,8.125,False,0.01223
fixed,100,2.5,8.75,False,0.01192
fixed,100,2.5,9.375,False,0.01044
fixed,100,2.5,10.0,False,0.00821
fixed,100,2.5,10.625,False,0.00569
fixed,100,2.5,11.25,False,0.003
fixed,100,2.5,11.875,False,0.00022
fixed,100,2.5,12.5,False,-0.00258
fixed,100,2.5,13.125,False,-0.00546
fixed,100,2.5,13.75,False,-0.00831
fixed,100,2.5,14.375,False,-0.01101
fixed,100,2.5,15.0,False,-0.01366
fixed,100,2.5,100.0,True,-0.07043
fixed,100,2.75,6.875,False,-0.00266
fixed,100,2.75,7.5625,False,0.00487
fixed,100,2.75,8.25,False,0.00825
fixed,100,2.75,8.9375,False,0.01007
fixed,100,2.75,9.625,False,0.00983
fixed,100,2.75,10.3125,False,0.00796
fixed,100,2.75,11.0,False,0.00556
fixed,100,2.75,11.6875,False,0.00305
fixed,100,2.75,12.375,False,0.00021
fixed,100,2.75,13.0625,False,-0.00249
fixed,100,2.75,13.75,False,-0.00528
fixed,100,2.75,14.4375,False,-0.00811
fixed,100,2.75,15.125,False,-0.01084
fixed,100,2.75,15.8125,False,-0.01348
fixed,100,2.75,16.5,False,-0.0161
fixed,100,2.75,100.0,True,-0.06757
fixed,100,3.0,7.5,False,-0.00136
fixed,100,3.0,8.25,False,0.00641
fixed,100,3.0,9.0,False,0.0102
fixed,100,3.0,9.75,False,0.01227
fixed,100,3.0,10.5,False,0.01187
fixed,100,3.0,11.25,False,0.00991
fixed,100,3.0,12.0,False,0.00764
fixed,100,3.0,12.75,False,0.00512
fixed,100,3.0,13.5,False,0.00235
fixed,100,3.0,14.25,False,-0.00034
fixed,100,3.0,15.0,False,-0.00326
fixed,100,3.0,15.75,False,-0.00613
fixed,100,3.0,16.5,False,-0.00887
fixed,100,3.0,17.25,False,-0.01157
fixed,100,3.0,18.0,False,-0.01417
fixed,100,3.0,100.0,True,-0.05984
by_stack,20,2.0,5.0,False,0.06138
by_stack,20,2.0,5.5,False,0.06762
by_stack,20,2.0,6.0,False,0.07279
by_stack,20,2.0,6.5,False,0.07672
by_stack,20,2.0,7.0,False,0.07996
by_stack,20,2.0,7.5,False,0.08273
by_stack,20,2.0,8.0,False,0.08565
by_stack,20,2.0,8.5,False,0.08864
by_stack,20,2.0,9.0,False,0.09163
by_stack,20,2.0,9.5,False,0.09444
by_stack,20,2.0,10.0,False,0.09697
by_stack,20,2.0,10.5,False,0.09917
by_stack,20,2.0,11.0,False,0.10115
by_stack,20,2.0,11.5,False,0.10292
by_stack,20,2.0,12.0,False,0.10448
by_stack,20,2.0,20.0,True,0.1154
by_stack,20,2.25,5.625,False,0.05107
by_stack,20,2.25,6.1875,False,0.05883
by_stack,20,2.25,6.75,False,0.06518
by_stack,20,2.25,7.3125,False,0.07032
by_stack,20,2.25,7.875,False,0.07462
by_stack,20,2.25,8.4375,False,0.07861
by_stack,20,2.25,9.0,False,0.08252
by_stack,20,2.25,9.5625,False,0.08632
by_stack,20,2.25,10.125,False,0.08979
by_stack,20,2.25,10.6875,False,0.09284
by_stack,20,2.25,11.25,False,0.09556
by_stack,20,2.25,11.8125,False,0.09801
by_stack,20,2.25,12.375,False,0.10025
by_stack,20,2.25,12.9375,False,0.10229
by_stack,20,2.25,13.5,False,0.10414
by_stack,20,2.25,20.0,True,0.11271
by_stack,20,2.5,6.25,False,0.04606
by_stack,20,2.5,6.875,False,0.05523
by_stack,20,2.5,7.5,False,0.06281
by_stack,20,2.5,8.125,False,0.06913
by_stack,20,2.5,8.75,False,0.07461
by_stack,20,2.5,9.375,False,0.07966
by_stack,20,2.5,10.0,False,0.08438
by_stack,20,2.5,10.625,False,0.08872
by_stack,20,2.5,11.25,False,0.09256
by_stack,20,2.5,11.875,False,0.09599
by_stack,20,2.5,12.5,False,0.09889
by_stack,20,2.5,13.125,False,0.10151
by_stack,20,2.5,13.75,False,0.10387
by_stack,20,2.5,14.375,False,0.10601
by_stack,20,2.5,15.0,False,0.10803
by_stack,20,2.5,20.0,True,0.11327
by_stack,20,2.75,6.875,False,0.04583
by_stack,20,2.75,7.5625,False,0.05638
by_stack,20,2.75,8.25,False,0.06568
by_stack,20,2.75,8.9375,False,0.07326
by_stack,20,2.75,9.625,False,0.07994
by_stack,20,2.75,10.3125,False,0.0856
by_stack,20,2.75,11.0,False,0.09088
by_stack,20,2.75,11.6875,False,0.09536
by_stack,20,2.75,12.375,False,0.09942
by_stack,20,2.75,13.0625,False,0.10307
by_stack,20,2.75,13.75,False,0.10627
by_stack,20,2.75,14.4375,False,0.10912
by_stack,20,2.75,15.125,False,0.11173
by_stack,20,2.75,15.8125,False,0.11404
by_stack,20,2.75,16.5,False,0.11594
by_stack,20,2.75,20.0,True,0.11757
by_stack,20,3.0,7.5,False,0.05022
by_stack,20,3.0,8.25,False,0.06251
by_stack,20,3.0,9.0,False,0.07316
by_stack,20,3.0,9.75,False,0.08186
by_stack,20,3.0,10.5,False,0.08904
by_stack,20,3.0,11.25,False,0.09518
by_stack,20,3.0,12.0,False,0.10088
by_stack,20,3.0,12.75,False,0.1058
by_stack,20,3.0,13.5,False,0.11014
by_stack,20,3.0,14.25,False,0.11416
by_stack,20,3.0,15.0,False,0.11762
by_stack,20,3.0,15.75,False,0.12059
by_stack,20,3.0,16.5,False,0.12308
by_stack,20,3.0,17.25,False,0.12151
by_stack,20,3.0,18.0,False,0.11822
by_stack,20,3.0,20.0,True,0.12471
by_stack,25,2.0,5.0,False,0.05997
by_stack,25,2.0,5.5,False,0.06475
by_stack,25,2.0,6.0,False,0.06796
by_stack,25,2.0,6.5,False,0.06985
by_stack,25,2.0,7.0,False,0.0715
by_stack,25,2.0,7.5,False,0.07304
by_stack,25,2.0,8.0,False,0.07431
by_stack,25,2.0,8.5,False,0.07562
by_stack,25,2.0,9.0,False,0.07688
by_stack,25,2.0,9.5,False,0.0782
by_stack,25,2.0,10.0,False,0.07979
by_stack,25,2.0,10.5,False,0.08148
by_stack,25,2.0,11.0,False,0.08314
by_stack,25,2.0,11.5,False,0.08467
by_stack,25,2.0,12.0,False,0.08608
by_stack,25,2.0,25.0,True,0.09944
by_stack,25,2.25,5.625,False,0.04836
by_stack,25,2.25,6.1875,False,0.05407
by_stack,25,2.25,6.75,False,0.05788
by_stack,25,2.25,7.3125,False,0.06092
by_stack,25,2.25,7.875,False,0.06363
by_stack,25,2.25,8.4375,False,0.06587
by_stack,25,2.25,9.0,False,0.06809
by_stack,25,2.25,9.5625,False,0.07054
by_stack,25,2.25,10.125,False,0.07292
by_stack,25,2.25,10.6875,False,0.07534
by_stack,25,2.25,11.25,False,0.07772
by_stack,25,2.25,11.8125,False,0.07984
by_stack,25,2.25,12.375,False,0.08177
by_stack,25,2.25,12.9375,False,0.08352
by_stack,25,2.25,13.5,False,0.08508
by_stack,25,2.25,25.0,True,0.09822
by_stack,25,2.5,6.25,False,0.04166
by_stack,25,2.5,6.875,False,0.04874
by_stack,25,2.5,7.5,False,0.05406
by_stack,25,2.5,8.125,False,0.05817
by_stack,25,2.5,8.75,False,0.06148
by_stack,25,2.5,9.375,False,0.06473
by_stack,25,2.5,10.0,False,0.06817
by_stack,25,2.5,10.625,False,0.07149
by_stack,25,2.5,11.25,False,0.07474
by_stack,25,2.5,11.875,False,0.07763
by_stack,25,2.5,12.5,False,0.08033
by_stack,25,2.5,13.125,False,0.08281
by_stack,25,2.5,13.75,False,0.08501
by_stack,25,2.5,14.375,False,0.0869
by_stack,25,2.5,15.0,False,0.0886
by_stack,25,2.5,25.0,True,0.10056
by_stack,25,2.75,6.875,False,0.04006
by_stack,25,2.75,7.5625,False,0.04869
by_stack,25,2.75,8.25,False,0.05512
by_stack,25,2.75,8.9375,False,0.0603
by_stack,25,2.75,9.625,False,0.06469
by_stack,25,2.75,10.3125,False,0.06909
by_stack,25,2.75,11.0,False,0.07352
by_stack,25,2.75,11.6875,False,0.07771
by_stack,25,2.75,12.375,False,0.08144
by_stack,25,2.75,13.0625,False,0.08459
by_stack,25,2.75,13.75,False,0.08743
by_stack,25,2.75,14.4375,False,0.09004
by_stack,25,2.75,15.125,False,0.09236
by_stack,25,2.75,15.8125,False,0.09437
by_stack,25,2.75,16.5,False,0.09619
by_stack,25,2.75,25.0,True,0.10615
by_stack,25,3.0,7.5,False,0.04303
by_stack,25,3.0,8.25,False,0.05307
by_stack,25,3.0,9.0,False,0.06071
by_stack,25,3.0,9.75,False,0.06713
by_stack,25,3.0,10.5,False,0.07268
by_stack,25,3.0,11.25,False,0.07815
by_stack,25,3.0,12.0,False,0.08321
by_stack,25,3.0,12.75,False,0.08773
by_stack,25,3.0,13.5,False,0.09177
by_stack,25,3.0,14.25,False,0.0951
by_stack,25,3.0,15.0,False,0.09813
by_stack,25,3.0,15.75,False,0.10098
by_stack,25,3.0,16.5,False,0.10354
by_stack,25,3.0,17.25,False,0.10577
by_stack,25,3.0,18.0,False,0.10781
by_stack,25,3.0,25.0,True,0.1151
by_stack,30,2.0,5.0,False,0.05755
by_stack,30,2.0,5.5,False,0.0616
by_stack,30,2.0,6.0,False,0.06401
by_stack,30,2.0,6.5,False,0.06531
by_stack,30,2.0,7.0,False,0.06597
by_stack,30,2.0,7.5,False,0.06628
by_stack,30,2.0,8.0,False,0.06658
by_stack,30,2.0,8.5,False,0.06681
by_stack,30,2.0,9.0,False,0.067
by_stack,30,2.0,9.5,False,0.06715
by_stack,30,2.0,10.0,False,0.06719
by_stack,30,2.0,10.5,False,0.06743
by_stack,30,2.0,11.0,False,0.06755
by_stack,30,2.0,11.5,False,0.0679
by_stack,30,2.0,12.0,False,0.06841
by_stack,30,2.0,30.0,True,0.08184
by_stack,30,2.25,5.625,False,0.04507
by_stack,30,2.25,6.1875,False,0.04981
by_stack,30,2.25,6.75,False,0.0527
by_stack,30,2.25,7.3125,False,0.05422
by_stack,30,2.25,7.875,False,0.05528
by_stack,30,2.25,8.4375,False,0.05626
by_stack,30,2.25,9.0,False,0.05737
by_stack,30,2.25,9.5625,False,0.05836
by_stack,30,2.25,10.125,False,0.05919
by_stack,30,2.25,10.6875,False,0.06012
by_stack,30,2.25,11.25,False,0.0611
by_stack,30,2.25,11.8125,False,0.06215
by_stack,30,2.25,12.375,False,0.06345
by_stack,30,2.25,12.9375,False,0.06493
by_stack,30,2.25,13.5,False,0.06636
by_stack,30,2.25,30.0,True,0.08083
by_stack,30,2.5,6.25,False,0.03737
by_stack,30,2.5,6.875,False,0.04316
by_stack,30,2.5,7.5,False,0.0466
by_stack,30,2.5,8.125,False,0.04881
by_stack,30,2.5,8.75,False,0.05095
by_stack,30,2.5,9.375,False,0.05284
by_stack,30,2.5,10.0,False,0.05467
by_stack,30,2.5,10.625,False,0.05636
by_stack,30,2.5,11.25,False,0.05824
by_stack,30,2.5,11.875,False,0.06019
by_stack,30,2.5,12.5,False,0.06215
by_stack,30,2.5,13.125,False,0.06416
by_stack,30,2.5,13.75,False,0.06599
by_stack,30,2.5,14.375,False,0.06767
by_stack,30,2.5,15.0,False,0.0693
by_stack,30,2.5,30.0,True,0.084
by_stack,30,2.75,6.875,False,0.03484
by_stack,30,2.75,7.5625,False,0.0417
by_stack,30,2.75,8.25,False,0.04583
by_stack,30,2.75,8.9375,False,0.0493
by_stack,30,2.75,9.625,False,0.05216
by_stack,30,2.75,10.3125,False,0.05489
by_stack,30,2.75,11.0,False,0.05769
by_stack,30,2.75,11.6875,False,0.06047
by_stack,30,2.75,12.375,False,0.06327
by_stack,30,2.75,13.0625,False,0.0662
by_stack,30,2.75,13.75,False,0.06878
by_stack,30,2.75,14.4375,False,0.07114
by_stack,30,2.75,15.125,False,0.0733
by_stack,30,2.75,15.8125,False,0.07513
by_stack,30,2.75,16.5,False,0.07692
by_stack,30,2.75,30.0,True,0.09106
by_stack,30,3.0,7.5,False,0.03662
by_stack,30,3.0,8.25,False,0.04464
by_stack,30,3.0,9.0,False,0.05058
by_stack,30,3.0,9.75,False,0.05493
by_stack,30,3.0,10.5,False,0.05867
by_stack,30,3.0,11.25,False,0.06243
by_stack,30,3.0,12.0,False,0.06595
by_stack,30,3.0,12.75,False,0.06966
by_stack,30,3.0,13.5,False,0.07321
by_stack,30,3.0,14.25,False,0.07644
by_stack,30,3.0,15.0,False,0.0793
by_stack,30,3.0,15.75,False,0.08193
by_stack,30,3.0,16.5,False,0.08431
by_stack,30,3.0,17.25,False,0.08632
by_stack,30,3.0,18.0,False,0.08825
by_stack,30,3.0,30.0,True,0.10176
by_stack,40,2.0,5.0,False,0.04939
by_stack,40,2.0,5.5,False,0.0527
by_stack,40,2.0,6.0,False,0.05457
by_stack,40,2.0,6.5,False,0.05507
by_stack,40,2.0,7.0,False,0.05485
by_stack,40,2.0,7.5,False,0.05417
by_stack,40,2.0,8.0,False,0.05344
by_stack,40,2.0,8.5,False,0.05262
by_stack,40,2.0,9.0,False,0.05171
by_stack,40,2.0,9.5,False,0.05087
by_stack,40,2.0,10.0,False,0.04992
by_stack,40,2.0,10.5,False,0.04899
by_stack,40,2.0,11.0,False,0.04792
by_stack,40,2.0,11.5,False,0.04689
by_stack,40,2.0,12.0,False,0.0458
by_stack,40,2.0,40.0,True,0.04767
by_stack,40,2.25,5.625,False,0.03556
by_stack,40,2.25,6.1875,False,0.03954
by_stack,40,2.25,6.75,False,0.04167
by_stack,40,2.25,7.3125,False,0.04253
by_stack,40,2.25,7.875,False,0.04248
by_stack,40,2.25,8.4375,False,0.04222
by_stack,40,2.25,9.0,False,0.04174
by_stack,40,2.25,9.5625,False,0.04125
by_stack,40,2.25,10.125,False,0.04077
by_stack,40,2.25,10.6875,False,0.04017
by_stack,40,2.25,11.25,False,0.03951
by_stack,40,2.25,11.8125,False,0.0387
by_stack,40,2.25,12.375,False,0.03788
by_stack,40,2.25,12.9375,False,0.0371
by_stack,40,2.25,13.5,False,0.0363
by_stack,40,2.25,40.0,True,0.04642
by_stack,40,2.5,6.25,False,0.02682
by_stack,40,2.5,6.875,False,0.03142
by_stack,40,2.5,7.5,False,0.03405
by_stack,40,2.5,8.125,False,0.03526
by_stack,40,2.5,8.75,False,0.03553
by_stack,40,2.5,9.375,False,0.03568
by_stack,40,2.5,10.0,False,0.03568
by_stack,40,2.5,10.625,False,0.03558
by_stack,40,2.5,11.25,False,0.03539
by_stack,40,2.5,11.875,False,0.03512
by_stack,40,2.5,12.5,False,0.03479
by_stack,40,2.5,13.125,False,0.03443
by_stack,40,2.5,13.75,False,0.03405
by_stack,40,2.5,14.375,False,0.03391
by_stack,40,2.5,15.0,False,0.03386
by_stack,40,2.5,40.0,True,0.04971
by_stack,40,2.75,6.875,False,0.02335
by_stack,40,2.75,7.5625,False,0.02873
by_stack,40,2.75,8.25,False,0.03184
by_stack,40,2.75,8.9375,False,0.03322
by_stack,40,2.75,9.625,False,0.03406
by_stack,40,2.75,10.3125,False,0.0347
by_stack,40,2.75,11.0,False,0.03503
by_stack,40,2.75,11.6875,False,0.03542
by_stack,40,2.75,12.375,False,0.036
by_stack,40,2.75,13.0625,False,0.03634
by_stack,40,2.75,13.75,False,0.03629
by_stack,40,2.75,14.4375,False,0.0366
by_stack,40,2.75,15.125,False,0.03699
by_stack,40,2.75,15.8125,False,0.03779
by_stack,40,2.75,16.5,False,0.03884
by_stack,40,2.75,40.0,True,0.05708
by_stack,40,3.0,7.5,False,0.02439
by_stack,40,3.0,8.25,False,0.03067
by_stack,40,3.0,9.0,False,0.03419
by_stack,40,3.0,9.75,False,0.03607
by_stack,40,3.0,10.5,False,0.03742
by_stack,40,3.0,11.25,False,0.03836
by_stack,40,3.0,12.0,False,0.03958
by_stack,40,3.0,12.75,False,0.0408
by_stack,40,3.0,13.5,False,0.04189
by_stack,40,3.0,14.25,False,0.04291
by_stack,40,3.0,15.0,False,0.0439
by_stack,40,3.0,15.75,False,0.04512
by_stack,40,3.0,16.5,False,0.04666
by_stack,40,3.0,17.25,False,0.04837
by_stack,40,3.0,18.0,False,0.05002
by_stack,40,3.0,40.0,True,0.06905
by_stack,50,2.0,5.0,False,0.0437
by_stack,50,2.0,5.5,False,0.04772
by_stack,50,2.0,6.0,False,0.04959
by_stack,50,2.0,6.5,False,0.04966
by_stack,50,2.0,7.0,False,0.04898
by_stack,50,2.0,7.5,False,0.04775
by_stack,50,2.0,8.0,False,0.04634
by_stack,50,2.0,8.5,False,0.04473
by_stack,50,2.0,9.0,False,0.04306
by_stack,50,2.0,9.5,False,0.04166
by_stack,50,2.0,10.0,False,0.04015
by_stack,50,2.0,10.5,False,0.03861
by_stack,50,2.0,11.0,False,0.03706
by_stack,50,2.0,11.5,False,0.03553
by_stack,50,2.0,12.0,False,0.03411
by_stack,50,2.0,50.0,True,0.01983
by_stack,50,2.25,5.625,False,0.02945
by_stack,50,2.25,6.1875,False,0.03375
by_stack,50,2.25,6.75,False,0.03563
by_stack,50,2.25,7.3125,False,0.03603
by_stack,50,2.25,7.875,False,0.03555
by_stack,50,2.25,8.4375,False,0.03458
by_stack,50,2.25,9.0,False,0.03327
by_stack,50,2.25,9.5625,False,0.03185
by_stack,50,2.25,10.125,False,0.03062
by_stack,50,2.25,10.6875,False,0.02936
by_stack,50,2.25,11.25,False,0.02803
by_stack,50,2.25,11.8125,False,0.02667
by_stack,50,2.25,12.375,False,0.02532
by_stack,50,2.25,12.9375,False,0.024
by_stack,50,2.25,13.5,False,0.0227
by_stack,50,2.25,50.0,True,0.01698
by_stack,50,2.5,6.25,False,0.02056
by_stack,50,2.5,6.875,False,0.02522
by_stack,50,2.5,7.5,False,0.02731
by_stack,50,2.5,8.125,False,0.028
by_stack,50,2.5,8.75,False,0.0276
by_stack,50,2.5,9.375,False,0.02686
by_stack,50,2.5,10.0,False,0.0258
by_stack,50,2.5,10.625,False,0.02482
by_stack,50,2.5,11.25,False,0.02395
by_stack,50,2.5,11.875,False,0.02288
by_stack,50,2.5,12.5,False,0.02174
by_stack,50,2.5,13.125,False,0.02057
by_stack,50,2.5,13.75,False,0.01943
by_stack,50,2.5,14.375,False,0.01833
by_stack,50,2.5,15.0,False,0.01707
by_stack,50,2.5,50.0,True,0.01982
by_stack,50,2.75,6.875,False,0.01693
by_stack,50,2.75,7.5625,False,0.02199
by_stack,50,2.75,8.25,False,0.02448
by_stack,50,2.75,8.9375,False,0.0253
by_stack,50,2.75,9.625,False,0.02527
by_stack,50,2.75,10.3125,False,0.02479
by_stack,50,2.75,11.0,False,0.0241
by_stack,50,2.75,11.6875,False,0.02356
by_stack,50,2.75,12.375,False,0.02286
by_stack,50,2.75,13.0625,False,0.02195
by_stack,50,2.75,13.75,False,0.02099
by_stack,50,2.75,14.4375,False,0.0201
by_stack,50,2.75,15.125,False,0.01918
by_stack,50,2.75,15.8125,False,0.01816
by_stack,50,2.75,16.5,False,0.01696
by_stack,50,2.75,50.0,True,0.0281
by_stack,50,3.0,7.5,False,0.01763
by_stack,50,3.0,8.25,False,0.02316
by_stack,50,3.0,9.0,False,0.02621
by_stack,50,3.0,9.75,False,0.02732
by_stack,50,3.0,10.5,False,0.02766
by_stack,50,3.0,11.25,False,0.02745
by_stack,50,3.0,12.0,False,0.02716
by_stack,50,3.0,12.75,False,0.02683
by_stack,50,3.0,13.5,False,0.02636
by_stack,50,3.0,14.25,False,0.0257
by_stack,50,3.0,15.0,False,0.02505
by_stack,50,3.0,15.75,False,0.02444
by_stack,50,3.0,16.5,False,0.02367
by_stack,50,3.0,17.25,False,0.02308
by_stack,50,3.0,18.0,False,0.02261
by_stack,50,3.0,50.0,True,0.04061
by_stack,75,2.0,5.0,False,0.03323
by_stack,75,2.0,5.5,False,0.03884
by_stack,75,2.0,6.0,False,0.04113
by_stack,75,2.0,6.5,False,0.04149
by_stack,75,2.0,7.0,False,0.04076
by_stack,75,2.0,7.5,False,0.03926
by_stack,75,2.0,8.0,False,0.03737
by_stack,75,2.0,8.5,False,0.0351
by_stack,75,2.0,9.0,False,0.0329
by_stack,75,2.0,9.5,False,0.03053
by_stack,75,2.0,10.0,False,0.02823
by_stack,75,2.0,10.5,False,0.026
by_stack,75,2.0,11.0,False,0.02366
by_stack,75,2.0,11.5,False,0.02151
by_stack,75,2.0,12.0,False,0.01939
by_stack,75,2.0,75.0,True,-0.02629
by_stack,75,2.25,5.625,False,0.01853
by_stack,75,2.25,6.1875,False,0.02437
by_stack,75,2.25,6.75,False,0.02642
by_stack,75,2.25,7.3125,False,0.02732
by_stack,75,2.25,7.875,False,0.02675
by_stack,75,2.25,8.4375,False,0.02539
by_stack,75,2.25,9.0,False,0.0234
by_stack,75,2.25,9.5625,False,0.0212
by_stack,75,2.25,10.125,False,0.01876
by_stack,75,2.25,10.6875,False,0.01643
by_stack,75,2.25,11.25,False,0.01426
by_stack,75,2.25,11.8125,False,0.012
by_stack,75,2.25,12.375,False,0.00981
by_stack,75,2.25,12.9375,False,0.00766
by_stack,75,2.25,13.5,False,0.00553
by_stack,75,2.25,75.0,True,-0.03305
by_stack,75,2.5,6.25,False,0.00971
by_stack,75,2.5,6.875,False,0.01527
by_stack,75,2.5,7.5,False,0.01784
by_stack,75,2.5,8.125,False,0.01904
by_stack,75,2.5,8.75,False,0.0188
by_stack,75,2.5,9.375,False,0.01716
by_stack,75,2.5,10.0,False,0.01513
by_stack,75,2.5,10.625,False,0.01287
by_stack,75,2.5,11.25,False,0.01064
by_stack,75,2.5,11.875,False,0.0085
by_stack,75,2.5,12.5,False,0.00636
by_stack,75,2.5,13.125,False,0.00421
by_stack,75,2.5,13.75,False,0.00203
by_stack,75,2.5,14.375,False,-0.00018
by_stack,75,2.5,15.0,False,-0.00234
by_stack,75,2.5,75.0,True,-0.03382
by_stack,75,2.75,6.875,False,0.00651
by_stack,75,2.75,7.5625,False,0.01183
by_stack,75,2.75,8.25,False,0.01504
by_stack,75,2.75,8.9375,False,0.01673
by_stack,75,2.75,9.625,False,0.01614
by_stack,75,2.75,10.3125,False,0.01445
by_stack,75,2.75,11.0,False,0.0124
by_stack,75,2.75,11.6875,False,0.01015
by_stack,75,2.75,12.375,False,0.00808
by_stack,75,2.75,13.0625,False,0.00585
by_stack,75,2.75,13.75,False,0.0037
by_stack,75,2.75,14.4375,False,0.00155
by_stack,75,2.75,15.125,False,-0.00058
by_stack,75,2.75,15.8125,False,-0.00261
by_stack,75,2.75,16.5,False,-0.00466
by_stack,75,2.75,75.0,True,-0.02904
by_stack,75,3.0,7.5,False,0.00707
by_stack,75,3.0,8.25,False,0.01296
by_stack,75,3.0,9.0,False,0.01703
by_stack,75,3.0,9.75,False,0.01889
by_stack,75,3.0,10.5,False,0.01774
by_stack,75,3.0,11.25,False,0.01612
by_stack,75,3.0,12.0,False,0.01411
by_stack,75,3.0,12.75,False,0.01204
by_stack,75,3.0,13.5,False,0.01
by_stack,75,3.0,14.25,False,0.00792
by_stack,75,3.0,15.0,False,0.00587
by_stack,75,3.0,15.75,False,0.00379
by_stack,75,3.0,16.5,False,0.00184
by_stack,75,3.0,17.25,False,-0.00013
by_stack,75,3.0,18.0,False,-0.00212
by_stack,75,3.0,75.0,True,-0.01915
by_stack,100,2.0,5.0,False,0.02472
by_stack,100,2.0,5.5,False,0.0319
by_stack,100,2.0,6.0,False,0.03548
by_stack,100,2.0,6.5,False,0.03642
by_stack,100,2.0,7.0,False,0.03587
by_stack,100,2.0,7.5,False,0.03456
by_stack,100,2.0,8.0,False,0.03268
by_stack,100,2.0,8.5,False,0.03029
by_stack,100,2.0,9.0,False,0.02767
by_stack,100,2.0,9.5,False,0.02518
by_stack,100,2.0,10.0,False,0.02254
by_stack,100,2.0,10.5,False,0.01984
by_stack,100,2.0,11.0,False,0.01723
by_stack,100,2.0,11.5,False,0.01447
by_stack,100,2.0,12.0,False,0.01182
by_stack,100,2.0,100.0,True,-0.05367
by_stack,100,2.25,5.625,False,0.01073
by_stack,100,2.25,6.1875,False,0.01756
by_stack,100,2.25,6.75,False,0.02097
by_stack,100,2.25,7.3125,False,0.02195
by_stack,100,2.25,7.875,False,0.02173
by_stack,100,2.25,8.4375,False,0.02025
by_stack,100,2.25,9.0,False,0.01821
by_stack,100,2.25,9.5625,False,0.01567
by_stack,100,2.25,10.125,False,0.01312
by_stack,100,2.25,10.6875,False,0.01039
by_stack,100,2.25,11.25,False,0.00762
by_stack,100,2.25,11.8125,False,0.00487
by_stack,100,2.25,12.375,False,0.00205
by_stack,100,2.25,12.9375,False,-0.00067
by_stack,100,2.25,13.5,False,-0.00327
by_stack,100,2.25,100.0,True,-0.0644
by_stack,100,2.5,6.25,False,0.00211
by_stack,100,2.5,6.875,False,0.00924
by_stack,100,2.5,7.5,False,0.0125
by_stack,100,2.5,8.125,False,0.01395
by_stack,100,2.5,8.75,False,0.01359
by_stack,100,2.5,9.375,False,0.01208
by_stack,100,2.5,10.0,False,0.00986
by_stack,100,2.5,10.625,False,0.00734
by_stack,100,2.5,11.25,False,0.00465
by_stack,100,2.5,11.875,False,0.00189
by_stack,100,2.5,12.5,False,-0.00091
by_stack,100,2.5,13.125,False,-0.00378
by_stack,100,2.5,13.75,False,-0.00661
by_stack,100,2.5,14.375,False,-0.00931
by_stack,100,2.5,15.0,False,-0.01197
by_stack,100,2.5,100.0,True,-0.06876
by_stack,100,2.75,6.875,False,-0.00082
by_stack,100,2.75,7.5625,False,0.00665
by_stack,100,2.75,8.25,False,0.00994
by_stack,100,2.75,8.9375,False,0.01173
by_stack,100,2.75,9.625,False,0.01142
by_stack,100,2.75,10.3125,False,0.00951
by_stack,100,2.75,11.0,False,0.00715
by_stack,100,2.75,11.6875,False,0.00464
by_stack,100,2.75,12.375,False,0.00179
by_stack,100,2.75,13.0625,False,-0.0009
by_stack,100,2.75,13.75,False,-0.00369
by_stack,100,2.75,14.4375,False,-0.00651
by_stack,100,2.75,15.125,False,-0.00924
by_stack,100,2.75,15.8125,False,-0.01188
by_stack,100,2.75,16.5,False,-0.01449
by_stack,100,2.75,100.0,True,-0.066
by_stack,100,3.0,7.5,False,0.00042
by_stack,100,3.0,8.25,False,0.00809
by_stack,100,3.0,9.0,False,0.01186
by_stack,100,3.0,9.75,False,0.01387
by_stack,100,3.0,10.5,False,0.01342
by_stack,100,3.0,11.25,False,0.01144
by_stack,100,3.0,12.0,False,0.00917
by_stack,100,3.0,12.75,False,0.00664
by_stack,100,3.0,13.5,False,0.00389
by_stack,100,3.0,14.25,False,0.0012
by_stack,100,3.0,15.0,False,-0.00171
by_stack,100,3.0,15.75,False,-0.00457
by_stack,100,3.0,16.5,False,-0.00731
by_stack,100,3.0,17.25,False,-0.01001
by_stack,100,3.0,18.0,False,-0.01259
by_stack,100,3.0,100.0,True,-0.05832
