hand,combos,equity_vs_random
AA,6,0.8516049981117249
KK,6,0.8237109780311584
QQ,6,0.7995374798774719
JJ,6,0.774926483631134
TT,6,0.749966025352478
99,6,0.7208690047264099
88,6,0.6917325258255005
AKs,4,0.6701430082321167
77,6,0.6618480086326599
AQs,4,0.6613630056381226
AKo,12,0.6533485054969788
AJs,4,0.6533005237579346
ATs,4,0.6459010243415833
AQo,12,0.6441555023193359
AJo,12,0.63526850938797
KQs,4,0.6337370276451111
66,6,0.6321935057640076
A9s,4,0.6288754940032959
KJs,4,0.6266394853591919
ATo,12,0.6263899803161621
A8s,4,0.619406521320343
KTs,4,0.6176339983940125
KQo,12,0.6136574745178223
A7s,4,0.6102020144462585
A9o,12,0.6078165173530579
KJo,12,0.6053709983825684
55,6,0.6029819846153259
QJs,4,0.602088987827301
K9s,4,0.599900484085083
A6s,4,0.5988100171089172
A5s,4,0.5987190008163452
A8o,12,0.5981190204620361
KTo,12,0.5980169773101807
QTs,4,0.5941764712333679
A4s,4,0.5902119874954224
A7o,12,0.5885695219039917
K8s,4,0.5825660228729248
A3s,4,0.5823209881782532
QJo,12,0.5803654789924622
K9o,12,0.5785595178604126
A5o,12,0.5778539776802063
Q9s,4,0.5770679712295532
A6o,12,0.5761795043945312
JTs,4,0.5750185251235962
A2s,4,0.5741400122642517
K7s,4,0.5740479826927185
QTo,12,0.5732715129852295
44,6,0.5701565146446228
A4o,12,0.5667610168457031
K6s,4,0.5658479928970337
Q8s,4,0.5608289837837219
K8o,12,0.5592644810676575
A3o,12,0.5588629841804504
K5s,4,0.5584514737129211
J9s,4,0.5565404891967773
Q9o,12,0.5544710159301758
JTo,12,0.5530049800872803
K7o,12,0.5520409941673279
A2o,12,0.5498350262641907
K4s,4,0.5483599901199341
Q7s,4,0.5435580015182495
K6o,12,0.5418649911880493
K3s,4,0.5411990284919739
J8s,4,0.540068507194519
T9s,4,0.5399355292320251
33,6,0.5367785096168518
Q6s,4,0.5363460183143616
Q8o,12,0.5358930230140686
K5o,12,0.5333549976348877
J9o,12,0.5329560041427612
K2s,4,0.5315974950790405
Q5s,4,0.527131974697113
T8s,4,0.5236374735832214
J7s,4,0.5235764980316162
K4o,12,0.5231620073318481
Q4s,4,0.5185610055923462
Q7o,12,0.5172464847564697
T9o,12,0.5152450203895569
J8o,12,0.5149965286254883
K3o,12,0.5131055116653442
Q3s,4,0.5108339786529541
Q6o,12,0.5094079971313477
98s,4,0.5071250200271606
J6s,4,0.5068979859352112
T7s,4,0.5054969787597656
K2o,12,0.5045294761657715
22,6,0.5030785202980042
Q2s,4,0.500993013381958
Q5o,12,0.500461995601654
J5s,4,0.4998590052127838
T8o,12,0.4972445070743561
J7o,12,0.49703899025917053
Q4o,12,0.491131991147995
J4s,4,0.4909934997558594
97s,4,0.4908444881439209
T6s,4,0.4888730049133301
J3s,4,0.4825490117073059
Q3o,12,0.4820820093154907
98o,12,0.48138150572776794
T7o,12,0.47948551177978516
87s,4,0.4790644943714142
J6o,12,0.47749000787734985
96s,4,0.4741264879703522
J2s,4,0.4736264944076538
Q2o,12,0.47321099042892456
T5s,4,0.4724479913711548
J5o,12,0.4723145067691803
T4s,4,0.46603649854660034
86s,4,0.46249499917030334
97o,12,0.46243900060653687
J4o,12,0.4616664946079254
T6o,12,0.46076449751853943
95s,4,0.45732951164245605
T3s,4,0.4563480019569397
76s,4,0.4532274901866913
J3o,12,0.45211300253868103
87o,12,0.44979649782180786
T2s,4,0.4487980008125305
85s,4,0.44594448804855347
96o,12,0.44484850764274597
J2o,12,0.4434159994125366
T5o,12,0.4425644874572754
94s,4,0.4386720061302185
75s,4,0.4366844892501831
T4o,12,0.4345094859600067
93s,4,0.4327229857444763
65s,4,0.4323025047779083
86o,12,0.4319955110549927
84s,4,0.4271864891052246
95o,12,0.426595002412796
T3o,12,0.42551499605178833
92s,4,0.4242424964904785
76o,12,0.42371100187301636
74s,4,0.4185805022716522
T2o,12,0.4169909954071045
85o,12,0.4151119887828827
54s,4,0.41460350155830383
64s,4,0.4129379987716675
83s,4,0.41005200147628784
94o,12,0.4070794880390167
75o,12,0.4048140048980713
82s,4,0.40219950675964355
73s,4,0.4007439911365509
93o,12,0.4005959928035736
65o,12,0.399493008852005
53s,4,0.39762648940086365
63s,4,0.3951059877872467
84o,12,0.3946034908294678
92o,12,0.39087098836898804
43s,4,0.38719549775123596
74o,12,0.38560348749160767
54o,12,0.3818269968032837
72s,4,0.3807474970817566
64o,12,0.37948599457740784
52s,4,0.3785040080547333
62s,4,0.37703999876976013
83o,12,0.37487998604774475
82o,12,0.36875250935554504
42s,4,0.36714449524879456
73o,12,0.366645485162735
53o,12,0.362311989068985
63o,12,0.3605850040912628
32s,4,0.35923001170158386
43o,12,0.35172149538993835
72o,12,0.346561998128891
52o,12,0.34387001395225525
62o,12,0.3403725028038025
42o,12,0.3319129943847656
32o,12,0.32307949662208557
