open_bb,btn_ev_bb_per_hand
1.75,0.08330028116185496
1.8,0.08790569929608402
1.85,0.09200262400781313
1.9,0.09587818600906534
1.95,0.09936436378128091
2.0,0.10216805073119421
2.05,0.10465432541542823
2.1,0.1068394723457097
2.15,0.10859663428307799
2.2,0.10987285192949225
2.25,0.1109781840898684
2.3,0.11176549611532338
2.35,0.11246628047369761
2.4,0.11268847905912986
2.45,0.11283405617875303
2.5,0.11273994747028446
2.55,0.1125409822660777
2.6,0.11221797324548283
2.65,0.11174842877270208
2.7,0.11124749901495337
2.75,0.11049435215948575
2.8,0.10958917637287643
2.85,0.10861745338423631
2.9,0.10742804745599971
2.95,0.10618434916815242
3.0,0.10502081565719135
3.05,0.10375432190608819
3.1,0.1025001739760723
3.15,0.10119841068551513
3.2,0.09978231703319448
3.25,0.09827394112675283
3.3,0.09663080798335252
3.35,0.09487119973416797
3.4,0.09313005231282986
3.45,0.0913166264664774
3.5,0.08941263170642727
