alpha,r_oop,bb_3bet_to_bb,bb_fold_pct,bb_call_pct,bb_3bet_pct,btn_raise_pct,size_on_grid_edge,score
1.4,0.75,9.0,0.3122,0.4818,0.206,0.7899,False,0.057
1.4,0.7,9.0,0.3146,0.4751,0.2103,0.8315,False,0.1698
1.4,0.8,8.75,0.306,0.4924,0.2016,0.7459,False,0.2539
1.3,0.75,9.5,0.2835,0.5154,0.2011,0.8076,False,0.4398
1.3,0.7,9.5,0.282,0.5212,0.1969,0.8504,False,0.5198
1.5,0.75,8.5,0.3365,0.4576,0.2058,0.7696,False,1.0544
1.3,0.8,9.25,0.2714,0.5345,0.1941,0.7546,False,1.308
1.5,0.7,8.5,0.3377,0.4467,0.2157,0.8226,False,1.3934
1.4,0.85,8.25,0.3077,0.4889,0.2033,0.7008,False,2.2679
1.5,0.8,8.25,0.3288,0.4628,0.2085,0.734,False,2.3643
1.3,0.85,8.75,0.2624,0.5404,0.1971,0.7081,False,2.5068
1.6,0.75,8.25,0.3619,0.4232,0.2148,0.7635,False,2.8301
1.5,0.85,8.0,0.3329,0.4586,0.2085,0.6954,False,4.1153
1.6,0.8,8.0,0.3605,0.4253,0.2142,0.7329,False,4.4999
1.6,0.7,8.0,0.3619,0.4189,0.2192,0.8008,False,4.818
1.4,0.9,8.0,0.2766,0.5165,0.2069,0.6717,False,4.9532
1.2,0.8,9.75,0.2418,0.5688,0.1894,0.7685,False,5.4163
1.2,0.75,9.75,0.237,0.5704,0.1927,0.8143,False,6.3599
1.5,0.9,7.75,0.3198,0.469,0.2112,0.6706,False,6.4521
1.6,0.85,7.75,0.3558,0.4315,0.2127,0.6932,False,6.5617
1.2,0.7,10.5,0.2377,0.577,0.1853,0.879,False,7.2196
1.3,0.9,8.25,0.2409,0.5553,0.2038,0.6742,False,7.8685
1.6,0.95,7.5,0.3484,0.4443,0.2073,0.6368,False,9.0852
1.5,0.95,7.5,0.3078,0.4832,0.209,0.6303,False,9.1298
1.7,0.7,7.75,0.3843,0.3888,0.2268,0.7908,False,9.2863
1.6,0.9,7.5,0.3451,0.4413,0.2136,0.6675,False,9.2948
1.4,0.95,7.75,0.2554,0.5379,0.2067,0.6337,False,9.5041
1.5,1.0,7.5,0.2781,0.517,0.205,0.6034,False,9.81
1.7,0.8,7.5,0.3801,0.3991,0.2208,0.7253,False,11.1417
1.7,0.85,7.5,0.3864,0.3932,0.2204,0.6975,False,11.7852
1.6,1.0,7.25,0.3291,0.4624,0.2085,0.6098,False,12.366
1.7,1.0,7.25,0.3618,0.4265,0.2117,0.6066,False,12.6901
1.7,0.95,7.25,0.3654,0.4267,0.2079,0.63,False,12.7295
1.7,0.75,7.5,0.3886,0.3793,0.2322,0.7548,False,13.0334
1.7,0.9,7.25,0.3713,0.413,0.2157,0.6614,False,13.3708
1.2,0.85,9.25,0.2084,0.601,0.1906,0.7243,False,13.4234
1.8,0.7,7.5,0.3981,0.3714,0.2305,0.7833,False,14.1943
1.8,0.85,7.25,0.3909,0.3948,0.2143,0.6875,False,15.2488
1.8,0.9,7.25,0.3963,0.3846,0.2192,0.6559,False,16.2633
1.4,1.0,7.5,0.2323,0.5634,0.2042,0.6049,False,16.3509
1.8,0.8,7.25,0.3951,0.3797,0.2252,0.7156,False,16.5236
1.1,0.75,10.75,0.2049,0.6159,0.1792,0.8323,False,16.713
1.9,0.85,7.25,0.4015,0.3833,0.2151,0.6799,False,16.8675
1.8,0.75,7.25,0.3969,0.3751,0.228,0.7442,False,17.0285
1.9,0.7,7.25,0.4024,0.3713,0.2263,0.7689,False,17.7506
1.1,0.7,11.25,0.2141,0.6111,0.1748,0.8976,False,18.0617
1.8,1.0,7.0,0.3865,0.4014,0.212,0.6026,False,18.3667
1.3,0.95,8.0,0.2031,0.5943,0.2026,0.6382,False,19.0298
1.8,0.95,7.0,0.392,0.3951,0.2129,0.63,False,19.0862
1.9,0.9,7.0,0.4035,0.3817,0.2148,0.6517,False,20.925
1.9,0.95,7.0,0.4058,0.3808,0.2134,0.6314,False,21.2639
1.9,1.0,7.0,0.4086,0.3753,0.2161,0.6058,False,21.9095
1.9,0.8,7.0,0.4091,0.3659,0.225,0.7097,False,22.5819
1.9,0.75,7.0,0.4103,0.3598,0.2299,0.7357,False,23.2412
2.0,0.85,7.0,0.4154,0.3689,0.2157,0.6767,False,23.2459
2.0,0.9,7.0,0.4191,0.3687,0.2122,0.6519,False,23.8839
1.2,0.9,8.75,0.178,0.6261,0.1959,0.6763,False,24.0552
2.0,0.95,7.0,0.4193,0.3645,0.2162,0.6259,False,24.1028
2.0,0.7,7.0,0.4164,0.3533,0.2303,0.7628,False,24.5174
1.1,0.8,10.25,0.1749,0.6443,0.1808,0.7856,False,25.2708
2.0,1.0,6.75,0.4163,0.3686,0.2151,0.5945,False,27.6558
2.0,0.8,6.75,0.4253,0.344,0.2307,0.6981,False,30.8298
1.3,1.0,7.75,0.175,0.6239,0.2011,0.6017,False,31.2704
2.0,0.75,6.75,0.4253,0.339,0.2357,0.7302,False,31.364
1.1,0.85,9.75,0.1558,0.6605,0.1836,0.726,False,33.2522
1.2,0.95,8.25,0.145,0.656,0.199,0.6466,False,40.703
1.1,0.9,9.25,0.1249,0.6852,0.1899,0.694,False,49.0816
1.0,0.75,11.75,0.1477,0.6833,0.1689,0.8613,False,49.3479
1.2,1.0,8.0,0.1177,0.686,0.1964,0.6105,False,57.1895
1.0,0.8,11.0,0.1144,0.7132,0.1725,0.7997,False,59.1379
1.0,0.7,13.0,0.1571,0.6871,0.1558,0.9253,True,68.671
1.1,0.95,8.75,0.0904,0.7187,0.1909,0.6484,False,70.5233
1.0,0.85,10.25,0.0894,0.7343,0.1763,0.7522,False,71.1872
1.0,0.9,9.75,0.0544,0.7663,0.1793,0.7094,False,96.5445
1.1,1.0,8.25,0.0548,0.7535,0.1917,0.611,False,98.4486
1.0,0.95,9.25,0.0182,0.7984,0.1834,0.653,False,127.0618
1.0,1.0,8.75,0.0,0.8128,0.1872,0.6144,False,144.2363
