model,open_bb,threebet_bb,bb_ev_bb
equity,2.25,6.0,0.09925710866559558
equity,2.25,6.25,0.10255798389775478
equity,2.25,6.5,0.10520391368411869
equity,2.25,6.75,0.10743588169011144
equity,2.25,7.0,0.10893225735845695
equity,2.25,7.25,0.10973990891189825
equity,2.25,7.5,0.11032727405395594
equity,2.25,7.75,0.11070849814030859
equity,2.25,8.0,0.11086411232768377
equity,2.25,8.25,0.11061045698223022
equity,2.25,8.5,0.11008624731704611
equity,2.25,8.75,0.10935396816731446
equity,2.25,9.0,0.10840730402556069
equity,2.25,9.25,0.10738995618391799
equity,2.25,9.5,0.10639604919316664
equity,2.25,9.75,0.10534336974912925
equity,2.25,10.0,0.10428534385965157
equity,2.25,10.25,0.10316315992839856
equity,2.25,10.5,0.1019529349284317
equity,2.25,10.75,0.1007311081258553
equity,2.25,11.0,0.09955893125177823
equity,2.25,11.25,0.09840919232519488
equity,2.25,11.5,0.09723027105042609
equity,2.25,11.75,0.09602057633746276
equity,2.25,12.0,0.09482005056558736
equity,2.25,12.25,0.09362396886378456
equity,2.25,12.5,0.09243761365852718
equity,2.25,12.75,0.09124137133683831
equity,2.25,13.0,0.09004480591642623
equity,2.25,13.25,0.08885847344179673
equity,2.25,13.5,0.08769376167203977
equity,2.25,13.75,0.08656545203191063
equity,2.25,14.0,0.08544395914243885
equity,2.3,6.0,0.09489039332793413
equity,2.3,6.25,0.09872248188250964
equity,2.3,6.5,0.10158180754067682
equity,2.3,6.75,0.10394802515416597
equity,2.3,7.0,0.10594491325566631
equity,2.3,7.25,0.10694048091597141
equity,2.3,7.5,0.10771617096348476
equity,2.3,7.75,0.10823124094868443
equity,2.3,8.0,0.10863157583199146
equity,2.3,8.25,0.10858955598831808
equity,2.3,8.5,0.10824502128866567
equity,2.3,8.75,0.10766998943986818
equity,2.3,9.0,0.10682682121106653
equity,2.3,9.25,0.10588843226315094
equity,2.3,9.5,0.10492062144022295
equity,2.3,9.75,0.10389984030721362
equity,2.3,10.0,0.10286670843731145
equity,2.3,10.25,0.10182724748823592
equity,2.3,10.5,0.10068432262369822
equity,2.3,10.75,0.09951005780107018
equity,2.3,11.0,0.0983477324604518
equity,2.3,11.25,0.0972340214668532
equity,2.3,11.5,0.09609633217786347
equity,2.3,11.75,0.0949265845146358
equity,2.3,12.0,0.09377886436659112
equity,2.3,12.25,0.09265154471928555
equity,2.3,12.5,0.0915278756641297
equity,2.3,12.75,0.09038746792190797
equity,2.3,13.0,0.08923621567077386
equity,2.3,13.25,0.08809807945161309
equity,2.3,13.5,0.08697466144477149
equity,2.3,13.75,0.0858639426875114
equity,2.3,14.0,0.08476741519668939
equity,2.35,6.0,0.09013977784459881
equity,2.35,6.25,0.09463907033067347
equity,2.35,6.5,0.09783461670595542
equity,2.35,6.75,0.10040190531868787
equity,2.35,7.0,0.10266481174502462
equity,2.35,7.25,0.10405390703983171
equity,2.35,7.5,0.10493078223097224
equity,2.35,7.75,0.1056122950250833
equity,2.35,8.0,0.10616792727693136
equity,2.35,8.25,0.10642959289301943
equity,2.35,8.5,0.1062783536243599
equity,2.35,8.75,0.1058426686166452
equity,2.35,9.0,0.10513974225365966
equity,2.35,9.25,0.10427649757610138
equity,2.35,9.5,0.10337453326703082
equity,2.35,9.75,0.10242852345065381
equity,2.35,10.0,0.10140997324788167
equity,2.35,10.25,0.10041094066525649
equity,2.35,10.5,0.09937277149455712
equity,2.35,10.75,0.09822266815578028
equity,2.35,11.0,0.09706291296191306
equity,2.35,11.25,0.09594229338230396
equity,2.35,11.5,0.09484542473453392
equity,2.35,11.75,0.09371504190014159
equity,2.35,12.0,0.09257750300382755
equity,2.35,12.25,0.09146906342646657
equity,2.35,12.5,0.09037029182994868
equity,2.35,12.75,0.08927676175909105
equity,2.35,13.0,0.08819343437048535
equity,2.35,13.25,0.08709221035033221
equity,2.35,13.5,0.0859983886431719
equity,2.35,13.75,0.08492213143325893
equity,2.35,14.0,0.08387716385133914
equity,2.4,6.0,0.08508717995123713
equity,2.4,6.25,0.0903104404529881
equity,2.4,6.5,0.09399472944458456
equity,2.4,6.75,0.09675248551917798
equity,2.4,7.0,0.09913560099743521
equity,2.4,7.25,0.10099456267203116
equity,2.4,7.5,0.10203923857350261
equity,2.4,7.75,0.10282868499642223
equity,2.4,8.0,0.10351017576896203
equity,2.4,8.25,0.10401841436075693
equity,2.4,8.5,0.10410557601193499
equity,2.4,8.75,0.10383103242410781
equity,2.4,9.0,0.10327510175129988
equity,2.4,9.25,0.10252214425817074
equity,2.4,9.5,0.1017118382761413
equity,2.4,9.75,0.10085406668113965
equity,2.4,10.0,0.09989428553026669
equity,2.4,10.25,0.098923838969708
equity,2.4,10.5,0.09795306341239855
equity,2.4,10.75,0.09688470054380346
equity,2.4,11.0,0.09575474731463518
equity,2.4,11.25,0.09462620721910255
equity,2.4,11.5,0.09353012567554608
equity,2.4,11.75,0.09245573163062683
equity,2.4,12.0,0.09134644607150721
equity,2.4,12.25,0.09022734752341739
equity,2.4,12.5,0.08915043137811207
equity,2.4,12.75,0.08807067760995506
equity,2.4,13.0,0.08699424541487258
equity,2.4,13.25,0.08593080739047125
equity,2.4,13.5,0.08488412448252818
equity,2.4,13.75,0.08383879051644522
equity,2.4,14.0,0.08281364417976436
equity,2.45,6.0,0.08003896647348109
equity,2.45,6.25,0.0856772413936911
equity,2.45,6.5,0.0899246436158831
equity,2.45,6.75,0.09299884217115076
equity,2.45,7.0,0.09557228704005859
equity,2.45,7.25,0.09770404208898283
equity,2.45,7.5,0.09898484245056477
equity,2.45,7.75,0.099944323405229
equity,2.45,8.0,0.1007109582351866
equity,2.45,8.25,0.1014090694509096
equity,2.45,8.5,0.10175902360819111
equity,2.45,8.75,0.10168135015416709
equity,2.45,9.0,0.10132502555228787
equity,2.45,9.25,0.10065486839959994
equity,2.45,9.5,0.09989346208522096
equity,2.45,9.75,0.09911419237394099
equity,2.45,10.0,0.09823867899842749
equity,2.45,10.25,0.09732157624003183
equity,2.45,10.5,0.0964060290994962
equity,2.45,10.75,0.09540866697732918
equity,2.45,11.0,0.09433560657408974
equity,2.45,11.25,0.09325423643593302
equity,2.45,11.5,0.0921906853874584
equity,2.45,11.75,0.09114377597359424
equity,2.45,12.0,0.0900888952938517
equity,2.45,12.25,0.08900297362911702
equity,2.45,12.5,0.08789663593701388
equity,2.45,12.75,0.08683773661879275
equity,2.45,13.0,0.08576437736464779
equity,2.45,13.25,0.08469850248061334
equity,2.45,13.5,0.08365115400029333
equity,2.45,13.75,0.08262763822807717
equity,2.45,14.0,0.08162392774537797
equity,2.5,6.0,0.07499478911614813
equity,2.5,6.25,0.08069632415805436
equity,2.5,6.5,0.08563428181016552
equity,2.5,6.75,0.08914483053518656
equity,2.5,7.0,0.09187018307594154
equity,2.5,7.25,0.09414676082569053
equity,2.5,7.5,0.09581587542955812
equity,2.5,7.75,0.0968970871906249
equity,2.5,8.0,0.09778577580685893
equity,2.5,8.25,0.0985838932724745
equity,2.5,8.5,0.09916922923193601
equity,2.5,8.75,0.0993172778471987
equity,2.5,9.0,0.0992168037798209
equity,2.5,9.25,0.098719027024616
equity,2.5,9.5,0.09801647073862291
equity,2.5,9.75,0.09726989057969472
equity,2.5,10.0,0.09649257051631079
equity,2.5,10.25,0.09561622995882575
equity,2.5,10.5,0.0947240846667356
equity,2.5,10.75,0.09380838050534719
equity,2.5,11.0,0.09278635705164157
equity,2.5,11.25,0.09175408429145826
equity,2.5,11.5,0.09073006272611335
equity,2.5,11.75,0.08971140170283627
equity,2.5,12.0,0.08870423215787585
equity,2.5,12.25,0.08766191927413491
equity,2.5,12.5,0.08659377916169776
equity,2.5,12.75,0.08555493189720778
equity,2.5,13.0,0.08451394854721456
equity,2.5,13.25,0.08346861465624886
equity,2.5,13.5,0.08241890529677387
equity,2.5,13.75,0.08138428748633575
equity,2.5,14.0,0.08036773878725051
position,2.25,6.0,-0.1586738825054187
position,2.25,6.25,-0.15281170062404692
position,2.25,6.5,-0.14693148102462933
position,2.25,6.75,-0.14119813984950863
position,2.25,7.0,-0.1355780825416894
position,2.25,7.25,-0.1305737770088315
position,2.25,7.5,-0.12619341560139807
position,2.25,7.75,-0.12208118668330839
position,2.25,8.0,-0.11868320549475034
position,2.25,8.25,-0.11608888603028497
position,2.25,8.5,-0.11417806671914449
position,2.25,8.75,-0.11259998341856021
position,2.25,9.0,-0.1114003024439165
position,2.25,9.25,-0.11042119439909488
position,2.25,9.5,-0.10975361570883409
position,2.25,9.75,-0.10943728637386864
position,2.25,10.0,-0.1093462366240785
position,2.25,10.25,-0.10938334208260225
position,2.25,10.5,-0.10949724202958788
position,2.25,10.75,-0.10957415982022775
position,2.25,11.0,-0.10981235588767674
position,2.25,11.25,-0.11019622183918733
position,2.25,11.5,-0.1106980850690479
position,2.25,11.75,-0.11134861822087642
position,2.25,12.0,-0.11217651543954761
position,2.25,12.25,-0.11312169200263493
position,2.25,12.5,-0.11409448942630282
position,2.25,12.75,-0.11511650963993914
position,2.25,13.0,-0.11617637130485693
position,2.25,13.25,-0.11725019083185985
position,2.25,13.5,-0.1183803756627315
position,2.25,13.75,-0.11957041496479
position,2.25,14.0,-0.12067510015536073
position,2.3,6.0,-0.16578065636619516
position,2.3,6.25,-0.15991917130279493
position,2.3,6.5,-0.15406495566139475
position,2.3,6.75,-0.1483261606637301
position,2.3,7.0,-0.14269433576371204
position,2.3,7.25,-0.13745432207782282
position,2.3,7.5,-0.132749432840022
position,2.3,7.75,-0.1284862963154134
position,2.3,8.0,-0.12468062235524983
position,2.3,8.25,-0.12163835201875979
position,2.3,8.5,-0.11933381207077476
position,2.3,8.75,-0.11752824517462038
position,2.3,9.0,-0.11613875811823239
position,2.3,9.25,-0.11501712351257298
position,2.3,9.5,-0.11408576868117642
position,2.3,9.75,-0.11349157604420188
position,2.3,10.0,-0.1131670071243527
position,2.3,10.25,-0.11307841265159393
position,2.3,10.5,-0.11306453407166214
position,2.3,10.75,-0.11314394894382729
position,2.3,11.0,-0.11323098207778623
position,2.3,11.25,-0.11350651666697957
position,2.3,11.5,-0.11392641142867566
position,2.3,11.75,-0.11444016899564058
position,2.3,12.0,-0.11508865209010488
position,2.3,12.25,-0.11591633223791437
position,2.3,12.5,-0.11684706399366937
position,2.3,12.75,-0.11777949550292514
position,2.3,13.0,-0.1187629283470701
position,2.3,13.25,-0.11978536607658115
position,2.3,13.5,-0.12081457699118402
position,2.3,13.75,-0.12190011070994279
position,2.3,14.0,-0.12306263206843515
position,2.35,6.0,-0.17284550908204016
position,2.35,6.25,-0.16698610477274906
position,2.35,6.5,-0.16111916793752618
position,2.35,6.75,-0.15537788078361725
position,2.35,7.0,-0.14976323250408105
position,2.35,7.25,-0.14428316435615032
position,2.35,7.5,-0.13927474877007595
position,2.35,7.75,-0.13476227059237955
position,2.35,8.0,-0.13055533309103548
position,2.35,8.25,-0.12708894638041934
position,2.35,8.5,-0.12426269012104058
position,2.35,8.75,-0.12205758118328605
position,2.35,9.0,-0.12036902904608882
position,2.35,9.25,-0.119104409100493
position,2.35,9.5,-0.11803006748010514
position,2.35,9.75,-0.11713806148989796
position,2.35,10.0,-0.116583794597807
position,2.35,10.25,-0.11627730191415103
position,2.35,10.5,-0.11618486185887637
position,2.35,10.75,-0.11614734316643827
position,2.35,11.0,-0.11618866727940003
position,2.35,11.25,-0.11626568065800884
position,2.35,11.5,-0.11660740268294176
position,2.35,11.75,-0.117036065287361
position,2.35,12.0,-0.11757783682811676
position,2.35,12.25,-0.11826176831337064
position,2.35,12.5,-0.11908993797817119
position,2.35,12.75,-0.11998610009534141
position,2.35,13.0,-0.12088210633019579
position,2.35,13.25,-0.12182740081838461
position,2.35,13.5,-0.12281537072594995
position,2.35,13.75,-0.12380627134181255
position,2.35,14.0,-0.12485335118387828
position,2.4,6.0,-0.1796846042041763
position,2.4,6.25,-0.1738145647365769
position,2.4,6.5,-0.16793555920272876
position,2.4,6.75,-0.16218768568945935
position,2.4,7.0,-0.15644425716901766
position,2.4,7.25,-0.15082889383553721
position,2.4,7.5,-0.14547614505161555
position,2.4,7.75,-0.14064702926008807
position,2.4,8.0,-0.13629367134301246
position,2.4,8.25,-0.13238921811000814
position,2.4,8.5,-0.12921654929493115
position,2.4,8.75,-0.12662405114593955
position,2.4,9.0,-0.12456166663694317
position,2.4,9.25,-0.12310230816410973
position,2.4,9.5,-0.12188694609126445
position,2.4,9.75,-0.12085822319671334
position,2.4,10.0,-0.12007351450973325
position,2.4,10.25,-0.11956464415903073
position,2.4,10.5,-0.11926076628676
position,2.4,10.75,-0.11912216404468404
position,2.4,11.0,-0.11908307501633789
position,2.4,11.25,-0.11906613908280995
position,2.4,11.5,-0.11920135845028174
position,2.4,11.75,-0.11954799885484288
position,2.4,12.0,-0.11998002634988672
position,2.4,12.25,-0.1205531356087875
position,2.4,12.5,-0.12123766994207408
position,2.4,12.75,-0.12204745943479367
position,2.4,13.0,-0.12291105574980803
position,2.4,13.25,-0.1237716106713854
position,2.4,13.5,-0.12467298009449132
position,2.4,13.75,-0.12562335961116686
position,2.4,14.0,-0.12659294699200407
position,2.45,6.0,-0.18608275164988008
position,2.45,6.25,-0.1801828970136281
position,2.45,6.5,-0.17430549125787392
position,2.45,6.75,-0.1685235808558331
position,2.45,7.0,-0.16277514385522962
position,2.45,7.25,-0.1570849978849967
position,2.45,7.5,-0.15157771093324568
position,2.45,7.75,-0.14658299414432754
position,2.45,8.0,-0.1419961322526358
position,2.45,8.25,-0.13784431291984198
position,2.45,8.5,-0.134348496671781
position,2.45,8.75,-0.13141953213948898
position,2.45,9.0,-0.12897132709658884
position,2.45,9.25,-0.1271560381138306
position,2.45,9.5,-0.12586235436027848
position,2.45,9.75,-0.12469822624675667
position,2.45,10.0,-0.12372473050602366
position,2.45,10.25,-0.1229807721963767
position,2.45,10.5,-0.12249249236121905
position,2.45,10.75,-0.12221989058946908
position,2.45,11.0,-0.12203251583327764
position,2.45,11.25,-0.12197755722532491
position,2.45,11.5,-0.12193046671904847
position,2.45,11.75,-0.12216134564513789
position,2.45,12.0,-0.12243228570416531
position,2.45,12.25,-0.12284504955244233
position,2.45,12.5,-0.1234596538216573
position,2.45,12.75,-0.12411722990246025
position,2.45,13.0,-0.12491886606110794
position,2.45,13.25,-0.12573475031789438
position,2.45,13.5,-0.1265818852485898
position,2.45,13.75,-0.12747526294147243
position,2.45,14.0,-0.1284086831289117
position,2.5,6.0,-0.1921413343867572
position,2.5,6.25,-0.1862435903531589
position,2.5,6.5,-0.1803464844962881
position,2.5,6.75,-0.17459091754840217
position,2.5,7.0,-0.1688460554488284
position,2.5,7.25,-0.16318009807439304
position,2.5,7.5,-0.1576437283277079
position,2.5,7.75,-0.1525397571417471
position,2.5,8.0,-0.1478033264939891
position,2.5,8.25,-0.14349258159614545
position,2.5,8.5,-0.13964463225411194
position,2.5,8.75,-0.13637068552528575
position,2.5,9.0,-0.13353085211107724
position,2.5,9.25,-0.13125961693332222
position,2.5,9.5,-0.12963633098927324
position,2.5,9.75,-0.12832462282926754
position,2.5,10.0,-0.12719801690779697
position,2.5,10.25,-0.12628715063324825
position,2.5,10.5,-0.12558821198262135
position,2.5,10.75,-0.12507566341590706
position,2.5,11.0,-0.12479827315710366
position,2.5,11.25,-0.1246054336741433
position,2.5,11.5,-0.12454762688126389
position,2.5,11.75,-0.124622970661443
position,2.5,12.0,-0.12486600839829892
position,2.5,12.25,-0.12514239306376346
position,2.5,12.5,-0.12556812212237925
position,2.5,12.75,-0.12618710606005368
position,2.5,13.0,-0.1268253568972023
position,2.5,13.25,-0.12758780829627786
position,2.5,13.5,-0.12838218825273168
position,2.5,13.75,-0.12918716927875373
position,2.5,14.0,-0.13005112093280283
