model,open_bb,best_3bet_to_bb,best_3bet_x_open,good_3bet_range_bb,bb_ev_bb_per_hand,bb_fold_pct,bb_call_pct,bb_3bet_pct,btn_fold_vs_3bet_pct,exploitability_mbb,bb_3bet_hands,bb_fold_hands
equity,2.25,8.0,3.56,7.5-8.5,0.1109,0.0,0.8,0.2,0.447,0.016,AA AKs AQs AJs ATs A9s A8s A7s A6s A5s A4s A2s AKo KK KQs KJs KTs AQo KQo QQ QJs QTs AJo KJo JJ JTs ATo TT A9o 99 A8o 88 A7o 77 A6o 66 55 44 33 22,
equity,2.3,8.0,3.48,7.5-8.75,0.1086,0.0,0.802,0.198,0.411,0.016,AA AKs AQs AJs ATs A9s A8s A7s A6s A5s A4s A3s A2s AKo KK KQs KJs KTs AQo KQo QQ QJs QTs AJo KJo JJ JTs ATo TT A9o 99 A8o 88 A7o 77 66 55 44 33 22,
equity,2.35,8.25,3.51,7.75-8.75,0.1064,0.0,0.804,0.196,0.437,0.018,AA AKs AQs AJs ATs A9s A8s A7s A6s A5s A4s A3s A2s AKo KK KQs KJs KTs AQo KQo QQ QJs QTs AJo KJo JJ JTs ATo TT A9o 99 A8o 88 A7o 77 66 55 44 33 22,
equity,2.4,8.5,3.54,8-9,0.1041,0.0,0.807,0.193,0.447,0.02,AA AKs AQs AJs ATs A9s A8s A7s A6s A5s A4s A3s A2s AKo KK KQs KJs KTs AQo KQo QQ QJs QTs AJo KJo JJ JTs ATo TT T9s A9o 99 A8o 88 A7o 77 66 55 44 33 22,
equity,2.45,8.5,3.47,8.25-9,0.1018,0.0,0.811,0.189,0.431,0.02,AA AKs AQs AJs ATs A9s A8s A7s A6s A5s A4s A2s AKo KK KQs KJs KTs AQo KQo QQ QJs QTs AJo KJo JJ JTs ATo TT A9o 99 A8o 88 A7o 77 66 55 44 33 22,
equity,2.5,8.75,3.5,8.25-9.25,0.0993,0.0,0.813,0.187,0.441,0.017,AA AKs AQs AJs ATs A9s A8s A7s A6s A5s AKo KK KQs KJs KTs AQo KQo QQ QJs QTs AJo KJo JJ JTs ATo TT T9s A9o 99 A8o 88 A7o 77 66 55 44 33 22,
position,2.25,10.0,4.44,9.5-11.25,-0.1093,0.045,0.773,0.181,0.442,0.011,AA AKs AQs AJs ATs A9s A8s A7s A6s A5s A4s AKo KK KQs KJs KTs AQo KQo QQ QJs QTs AJo KJo JJ ATo KTo TT A9o 99 A8o 88 A7o 77 66 55,72o 62o 52o 42o 32o
position,2.3,10.5,4.57,9.75-11.5,-0.1131,0.063,0.759,0.178,0.458,0.009,AA AKs AQs AJs ATs A9s A8s A7s A6s A5s A4s A3s AKo KK KQs KJs KTs AQo KQo QQ QJs AJo KJo JJ ATo KTo TT A9o 99 A8o 88 A7o 77 66 55,73o 82o 72o 62o 52o 42o 32o
position,2.35,10.75,4.57,9.75-11.75,-0.1161,0.09,0.733,0.176,0.461,0.009,AA AKs AQs AJs ATs A9s A8s A7s A6s A5s A4s A3s AKo KK KQs KJs KTs AQo KQo QQ QJs AJo KJo JJ ATo TT A9o 99 A8o 88 A7o 77 66 55,83o 73o 63o 43o 82o 72o 62o 52o 42o 32o
position,2.4,11.25,4.69,10.25-12,-0.1191,0.1,0.731,0.169,0.472,0.01,AA AKs AQs AJs ATs A9s A8s A7s A6s A5s A4s AKo KK KQs KJs KTs AQo KQo QQ QJs AJo KJo JJ ATo TT A9o 99 A8o 88 A7o 77 66 55,83o 73o 63o 53o 43o 82o 72o 62o 52o 42o 32o
position,2.45,11.5,4.69,10.5-12.25,-0.1219,0.104,0.727,0.169,0.479,0.01,AA AKs AQs AJs ATs A9s A8s A7s A6s A5s A4s AKo KK KQs KJs KTs AQo KQo QQ QJs AJo KJo JJ ATo TT A9o 99 A8o 88 A7o 77 66 55,83o 73o 63o 53o 43o 32s 82o 72o 62o 52o 42o 32o
position,2.5,11.5,4.6,10.75-12.25,-0.1245,0.133,0.698,0.169,0.463,0.009,AA AKs AQs AJs ATs A9s A8s A7s A6s A5s A4s AKo KK KQs KJs KTs AQo KQo QQ QJs AJo KJo JJ ATo TT A9o 99 A8o 88 A7o 77 66 55,72s 74o 64o 83o 73o 63o 53o 43o 32s 92o 82o 72o 62o 52o 42o 32o
