player,hand,hands_played,realization
btn,AA,9741,1.852
btn,AKs,6367,1.408
btn,AQs,6379,1.336
btn,AJs,6229,1.331
btn,ATs,6426,1.2
btn,A9s,6195,1.029
btn,A8s,6330,0.971
btn,A7s,6274,1.0
btn,A6s,6252,0.955
btn,A5s,6291,1.023
btn,A4s,6334,0.975
btn,A3s,6302,0.955
btn,A2s,6408,0.96
btn,AKo,19191,1.374
btn,KK,9462,1.547
btn,KQs,6240,1.296
btn,KJs,6165,1.242
btn,KTs,6234,1.282
btn,K9s,6110,1.06
btn,K8s,6226,1.008
btn,K7s,6169,1.003
btn,K6s,6162,0.986
btn,K5s,6195,1.014
btn,K4s,6239,1.01
btn,K3s,6167,0.964
btn,K2s,6313,0.991
btn,AQo,19162,1.304
btn,KQo,18521,1.35
btn,QQ,9051,1.373
btn,QJs,6078,1.332
btn,QTs,6086,1.231
btn,Q9s,6125,1.106
btn,Q8s,6124,1.06
btn,Q7s,6195,1.06
btn,Q6s,6133,1.034
btn,Q5s,6111,1.021
btn,Q4s,6080,1.033
btn,Q3s,6292,0.998
btn,Q2s,6326,0.952
btn,AJo,18865,1.229
btn,KJo,18587,1.297
btn,QJo,18508,1.32
btn,JJ,9111,1.257
btn,JTs,6018,1.274
btn,J9s,6119,1.095
btn,J8s,6137,1.09
btn,J7s,6089,1.042
btn,J6s,6007,1.051
btn,J5s,5957,1.048
btn,J4s,6137,1.02
btn,J3s,6234,1.041
btn,J2s,6264,0.969
btn,ATo,18719,1.228
btn,KTo,18633,1.261
btn,QTo,18370,1.243
btn,JTo,18640,1.25
btn,TT,9180,1.185
btn,T9s,6303,1.18
btn,T8s,6046,1.113
btn,T7s,6010,1.122
btn,T6s,6043,1.083
btn,T5s,6015,1.039
btn,T4s,6126,1.076
btn,T3s,6224,1.046
btn,T2s,156,
btn,A9o,19000,0.922
btn,K9o,18676,1.0
btn,Q9o,18391,1.077
btn,J9o,18336,1.099
btn,T9o,18432,1.153
btn,99,9297,1.102
btn,98s,6180,1.125
btn,97s,6155,1.147
btn,96s,6128,1.107
btn,95s,6096,1.082
btn,94s,7,
btn,93s,1,
btn,92s,0,
btn,A8o,18823,0.932
btn,K8o,18582,0.96
btn,Q8o,18471,0.999
btn,J8o,18459,1.039
btn,T8o,18548,1.077
btn,98o,18494,1.111
btn,88,9159,1.05
btn,87s,6115,1.142
btn,86s,6164,1.123
btn,85s,4,
btn,84s,0,
btn,83s,0,
btn,82s,0,
btn,A7o,19020,0.926
btn,K7o,18391,0.932
btn,Q7o,18568,0.946
btn,J7o,18260,1.0
btn,T7o,18478,1.033
btn,97o,18326,1.066
btn,87o,11442,1.107
btn,77,9325,1.052
btn,76s,6122,1.155
btn,75s,1,
btn,74s,0,
btn,73s,0,
btn,72s,0,
btn,A6o,18694,0.9
btn,K6o,18253,0.968
btn,Q6o,18371,0.937
btn,J6o,18349,0.969
btn,T6o,18550,1.011
btn,96o,30,
btn,86o,1,
btn,76o,0,
btn,66,9206,1.031
btn,65s,0,
btn,64s,0,
btn,63s,0,
btn,62s,0,
btn,A5o,18910,0.921
btn,K5o,18455,0.949
btn,Q5o,18473,0.957
btn,J5o,18361,1.001
btn,T5o,18115,1.003
btn,95o,1,
btn,85o,0,
btn,75o,0,
btn,65o,0,
btn,55,8988,1.027
btn,54s,0,
btn,53s,0,
btn,52s,0,
btn,A4o,18959,0.935
btn,K4o,18551,0.958
btn,Q4o,18184,0.948
btn,J4o,18287,0.971
btn,T4o,23,
btn,94o,0,
btn,84o,0,
btn,74o,0,
btn,64o,0,
btn,54o,0,
btn,44,8923,1.062
btn,43s,0,
btn,42s,0,
btn,A3o,18834,0.869
btn,K3o,18475,0.928
btn,Q3o,18645,0.922
btn,J3o,18350,0.971
btn,T3o,0,
btn,93o,0,
btn,83o,0,
btn,73o,0,
btn,63o,0,
btn,53o,0,
btn,43o,0,
btn,33,9411,1.064
btn,32s,0,
btn,A2o,19155,0.834
btn,K2o,18765,0.902
btn,Q2o,18599,0.909
btn,J2o,18814,0.951
btn,T2o,1,
btn,92o,0,
btn,82o,0,
btn,72o,0,
btn,62o,0,
btn,52o,0,
btn,42o,0,
btn,32o,0,
btn,22,9315,1.143
bb,AA,0,
bb,AKs,0,
bb,AQs,0,
bb,AJs,0,
bb,ATs,0,
bb,A9s,0,
bb,A8s,0,
bb,A7s,0,
bb,A6s,1,
bb,A5s,0,
bb,A4s,2,
bb,A3s,1,
bb,A2s,3,
bb,AKo,0,
bb,KK,0,
bb,KQs,0,
bb,KJs,0,
bb,KTs,1,
bb,K9s,273,
bb,K8s,5918,0.872
bb,K7s,5985,0.898
bb,K6s,5976,0.924
bb,K5s,6044,0.902
bb,K4s,6020,0.904
bb,K3s,5920,0.815
bb,K2s,6078,0.845
bb,AQo,0,
bb,KQo,0,
bb,QQ,0,
bb,QJs,6,
bb,QTs,23,
bb,Q9s,5884,0.948
bb,Q8s,5952,0.884
bb,Q7s,5978,0.917
bb,Q6s,5946,0.891
bb,Q5s,6132,0.946
bb,Q4s,5977,0.84
bb,Q3s,6021,0.858
bb,Q2s,6089,0.873
bb,AJo,0,
bb,KJo,3,
bb,QJo,17451,1.207
bb,JJ,0,
bb,JTs,18,
bb,J9s,6075,1.033
bb,J8s,5961,1.007
bb,J7s,6000,0.945
bb,J6s,6033,0.903
bb,J5s,6113,0.888
bb,J4s,6231,0.95
bb,J3s,6148,0.908
bb,J2s,6108,0.866
bb,ATo,0,
bb,KTo,1700,1.252
bb,QTo,17651,1.173
bb,JTo,17623,1.103
bb,TT,0,
bb,T9s,6082,1.033
bb,T8s,6005,1.11
bb,T7s,5991,0.917
bb,T6s,6120,0.905
bb,T5s,6092,0.969
bb,T4s,6066,0.91
bb,T3s,6211,0.953
bb,T2s,6085,0.908
bb,A9o,0,
bb,K9o,17874,0.839
bb,Q9o,17698,0.916
bb,J9o,17832,0.996
bb,T9o,18322,1.014
bb,99,0,
bb,98s,6053,1.1
bb,97s,6059,1.102
bb,96s,6205,0.906
bb,95s,6180,0.914
bb,94s,6345,0.917
bb,93s,6321,0.965
bb,92s,6234,0.894
bb,A8o,3,
bb,K8o,17923,0.82
bb,Q8o,18198,0.909
bb,J8o,18203,0.9
bb,T8o,18181,0.954
bb,98o,18439,0.973
bb,88,1,
bb,87s,6127,0.936
bb,86s,6348,0.985
bb,85s,6203,0.906
bb,84s,6274,0.966
bb,83s,6218,0.938
bb,82s,6213,0.828
bb,A7o,4,
bb,K7o,18006,0.81
bb,Q7o,17894,0.827
bb,J7o,17865,0.864
bb,T7o,18041,0.925
bb,97o,18652,0.966
bb,87o,18573,0.96
bb,77,0,
bb,76s,6171,1.042
bb,75s,6219,0.936
bb,74s,6095,0.961
bb,73s,6241,0.925
bb,72s,6159,0.918
bb,A6o,7,
bb,K6o,17921,0.753
bb,Q6o,18221,0.834
bb,J6o,18219,0.825
bb,T6o,18646,0.918
bb,96o,18533,0.891
bb,86o,18549,0.999
bb,76o,18421,0.96
bb,66,0,
bb,65s,6296,1.063
bb,64s,6294,0.969
bb,63s,6288,0.911
bb,62s,6149,0.927
bb,A5o,18021,0.781
bb,K5o,18307,0.778
bb,Q5o,17893,0.841
bb,J5o,18236,0.764
bb,T5o,18452,0.822
bb,95o,18565,0.866
bb,85o,18552,0.958
bb,75o,18517,0.971
bb,65o,18569,0.958
bb,55,0,
bb,54s,6207,0.99
bb,53s,6249,0.978
bb,52s,6204,1.012
bb,A4o,18284,0.798
bb,K4o,18140,0.789
bb,Q4o,17765,0.811
bb,J4o,18440,0.835
bb,T4o,18337,0.805
bb,94o,18713,0.806
bb,84o,18618,0.882
bb,74o,18558,0.971
bb,64o,18814,0.89
bb,54o,18802,1.006
bb,44,0,
bb,43s,6259,1.076
bb,42s,6435,0.993
bb,A3o,18286,0.751
bb,K3o,17930,0.726
bb,Q3o,18081,0.771
bb,J3o,18297,0.825
bb,T3o,18638,0.814
bb,93o,147,
bb,83o,1,
bb,73o,3,
bb,63o,1557,0.803
bb,53o,19120,0.873
bb,43o,18795,0.896
bb,33,9,
bb,32s,6341,0.934
bb,A2o,18171,0.681
bb,K2o,18252,0.758
bb,Q2o,18432,0.736
bb,J2o,18078,0.784
bb,T2o,18666,0.784
bb,92o,9,
bb,82o,1,
bb,72o,0,
bb,62o,0,
bb,52o,1,
bb,42o,0,
bb,32o,1,
bb,22,14,
