,straight or better,set / trips,two pair,"top pair, T+ kicker","top pair, weak kicker",middle pair,weak pair,strong draw,weak draw,overcards,air
A-high,,0.111,0.067,,0.077,0.079,0.06,0.074,0.048,,0.007
K-high,,0.184,0.145,,0.101,0.061,0.065,0.149,0.092,,0.024
Q/J-high,0.284,0.267,0.103,0.198,0.075,0.089,0.048,0.107,0.096,,0.033
T-high or lower,0.247,0.345,0.091,0.254,0.142,0.213,0.134,0.153,0.087,0.156,0.062
unpaired,0.223,,0.103,0.195,0.078,0.104,0.079,0.102,0.067,0.128,0.013
paired,0.386,0.279,,0.525,0.316,0.294,,0.362,0.163,0.19,0.092
rainbow,0.309,0.26,0.124,0.3,0.128,0.119,0.067,0.213,0.084,0.207,0.033
two-tone,0.235,0.297,0.083,0.172,0.083,0.119,0.067,0.122,0.074,0.115,0.029
monotone,0.201,,0.142,0.48,0.108,0.158,0.257,0.06,0.163,,0.051
disconnected,0.243,0.279,0.099,0.259,0.093,0.128,0.057,0.116,0.092,0.203,0.031
connected,0.247,,0.114,0.201,0.141,0.096,0.15,0.149,0.057,0.06,0.034
