scenario,feature,value,share_of_turns,bb_lead_pct,btn_bets_after_check_pct,bb_fold_vs_bet_pct,bb_call_vs_bet_pct,bb_xr_vs_bet_pct,btn_fold_vs_lead_pct,btn_ev_bb_per_hand,lead,"check, BTN checks back",check-call,check-fold,check-raise
learned flop c-bets,all,all,1.0,0.0946,0.701,0.5279,0.3777,0.0943,0.3084,1.6224,0.0946,0.2707,0.2397,0.3351,0.0599
learned flop c-bets,turn card,blank,0.3284,0.0618,0.6854,0.5271,0.3863,0.0865,0.3143,1.68,0.0618,0.2952,0.2484,0.3389,0.0556
learned flop c-bets,turn card,overcard,0.1106,0.0457,0.8081,0.5232,0.3929,0.0839,0.2825,2.1292,0.0457,0.1831,0.303,0.4035,0.0647
learned flop c-bets,turn card,pairs the board,0.1707,0.2731,0.5769,0.5962,0.2964,0.1074,0.318,0.9562,0.2731,0.3075,0.1243,0.25,0.045
learned flop c-bets,turn card,flush card,0.1218,0.0257,0.7878,0.5134,0.3588,0.1278,0.3282,2.1611,0.0257,0.2067,0.2754,0.3941,0.0981
learned flop c-bets,turn card,straight card,0.2684,0.0724,0.6954,0.5109,0.4035,0.0855,0.2828,1.5223,0.0724,0.2825,0.2603,0.3296,0.0552
learned flop c-bets,flop,dry flop,0.2914,0.1092,0.6663,0.53,0.3857,0.0842,0.3368,1.3559,0.1092,0.2972,0.2289,0.3146,0.05
learned flop c-bets,flop,wet flop,0.7086,0.0885,0.7149,0.5272,0.3747,0.0981,0.294,1.7319,0.0885,0.2598,0.2442,0.3435,0.0639
learned flop c-bets,bb hand,two pair+,0.0675,0.4206,0.7167,0.0007,0.0674,0.932,0.3098,-8.6882,0.4206,0.1641,0.028,0.0003,0.387
learned flop c-bets,bb hand,overpair,0.0,,,,,,,,,,,,
learned flop c-bets,bb hand,"top pair, T+ kicker",0.0087,0.1862,0.7161,0.0832,0.6977,0.2191,0.2641,-0.0897,0.1862,0.231,0.4066,0.0485,0.1277
learned flop c-bets,bb hand,"top pair, weak kicker",0.0659,0.1957,0.6876,0.0577,0.8703,0.072,0.3075,0.0823,0.1957,0.2512,0.4814,0.0319,0.0398
learned flop c-bets,bb hand,weaker pair,0.4168,0.0377,0.7077,0.2603,0.6823,0.0574,0.3127,1.9475,0.0377,0.2813,0.4647,0.1773,0.0391
learned flop c-bets,bb hand,draw,0.0698,0.0941,0.7335,0.6766,0.1438,0.1796,0.2886,3.0701,0.0941,0.2415,0.0955,0.4496,0.1193
learned flop c-bets,bb hand,two overcards,0.0185,0.0878,0.651,0.9137,0.0337,0.0526,0.2627,3.0581,0.0878,0.3183,0.02,0.5426,0.0312
learned flop c-bets,bb hand,air,0.3528,0.0787,0.689,0.9701,0.0084,0.0216,0.3149,3.1793,0.0787,0.2866,0.0053,0.6158,0.0137
fixed 50-75% flop c-bets,all,all,1.0,0.075,0.6866,0.5388,0.3555,0.1057,0.3089,1.6615,0.075,0.2898,0.2258,0.3422,0.0671
fixed 50-75% flop c-bets,turn card,blank,0.3356,0.075,0.6603,0.542,0.3799,0.0781,0.2976,1.6288,0.075,0.3142,0.2321,0.3311,0.0477
fixed 50-75% flop c-bets,turn card,overcard,0.117,0.0594,0.755,0.5579,0.3453,0.0968,0.2866,1.7272,0.0594,0.2304,0.2452,0.3962,0.0687
fixed 50-75% flop c-bets,turn card,pairs the board,0.1757,0.1385,0.5786,0.5817,0.2416,0.1766,0.3397,1.2769,0.1385,0.363,0.1205,0.29,0.0881
fixed 50-75% flop c-bets,turn card,flush card,0.1236,0.0355,0.7599,0.4986,0.3817,0.1196,0.2912,2.1384,0.0355,0.2316,0.2798,0.3655,0.0877
fixed 50-75% flop c-bets,turn card,straight card,0.2481,0.0572,0.722,0.5247,0.3759,0.0994,0.2926,1.7095,0.0572,0.2622,0.2558,0.3572,0.0677
fixed 50-75% flop c-bets,flop,dry flop,0.2672,0.0768,0.6577,0.5443,0.3526,0.1031,0.3344,1.5528,0.0768,0.316,0.2141,0.3305,0.0626
fixed 50-75% flop c-bets,flop,wet flop,0.7328,0.0744,0.6972,0.5369,0.3565,0.1066,0.2993,1.7011,0.0744,0.2803,0.23,0.3465,0.0688
fixed 50-75% flop c-bets,bb hand,two pair+,0.0532,0.3448,0.7002,0.0004,0.0268,0.9728,0.3008,-9.0735,0.3448,0.1965,0.0123,0.0002,0.4463
fixed 50-75% flop c-bets,bb hand,overpair,0.0,,,,,,,,,,,,
fixed 50-75% flop c-bets,bb hand,"top pair, T+ kicker",0.0069,0.2165,0.7358,0.0864,0.6082,0.3054,0.2842,-0.6142,0.2165,0.207,0.3507,0.0498,0.1761
fixed 50-75% flop c-bets,bb hand,"top pair, weak kicker",0.0476,0.1685,0.6981,0.0503,0.7685,0.1812,0.2981,-0.3633,0.1685,0.251,0.4461,0.0292,0.1052
fixed 50-75% flop c-bets,bb hand,weaker pair,0.3303,0.0543,0.6978,0.1396,0.7842,0.0763,0.3113,1.4439,0.0543,0.2858,0.5175,0.0921,0.0503
fixed 50-75% flop c-bets,bb hand,draw,0.0805,0.0835,0.733,0.3702,0.4481,0.1817,0.3071,2.9478,0.0835,0.2447,0.301,0.2487,0.1221
fixed 50-75% flop c-bets,bb hand,two overcards,0.0149,0.027,0.7525,0.9415,0.0308,0.0277,0.3551,3.0858,0.027,0.2408,0.0225,0.6894,0.0203
fixed 50-75% flop c-bets,bb hand,air,0.4666,0.0474,0.6663,0.9446,0.0201,0.0353,0.319,3.0118,0.0474,0.3179,0.0128,0.5995,0.0224
