open_bb,board,bb_hand,donk_freq,break_even_share,size 1/4,size 1/2,size 3/4,size pot
2.0,A-high,two pair+,0.23,0.189,0.172,0.303,0.27,0.255
2.0,A-high,overpair / top pair,0.187,0.184,0.514,0.306,0.095,0.085
2.0,A-high,middle / weak pair,0.096,0.057,0.639,0.177,0.107,0.077
2.0,A-high,draw,0.1,0.052,0.47,0.219,0.147,0.164
2.0,A-high,overcards / air,0.01,0.0,0.146,0.283,0.385,0.185
2.0,K-high,two pair+,0.34,0.149,0.188,0.287,0.285,0.24
2.0,K-high,overpair / top pair,0.159,0.144,0.586,0.198,0.104,0.112
2.0,K-high,middle / weak pair,0.119,0.093,0.556,0.224,0.106,0.113
2.0,K-high,draw,0.182,0.652,0.475,0.25,0.152,0.123
2.0,K-high,overcards / air,0.03,0.0,0.235,0.259,0.319,0.188
2.0,Q/J-high,two pair+,0.271,0.333,0.142,0.323,0.324,0.211
2.0,Q/J-high,overpair / top pair,0.147,0.068,0.628,0.163,0.117,0.092
2.0,Q/J-high,middle / weak pair,0.104,0.057,0.583,0.205,0.116,0.096
2.0,Q/J-high,draw,0.163,0.23,0.436,0.242,0.17,0.153
2.0,Q/J-high,overcards / air,0.038,0.0,0.187,0.285,0.4,0.128
2.0,T-high or lower,two pair+,0.476,0.671,0.152,0.342,0.301,0.205
2.0,T-high or lower,overpair / top pair,0.336,0.443,0.541,0.233,0.14,0.087
2.0,T-high or lower,middle / weak pair,0.128,0.222,0.471,0.264,0.143,0.121
2.0,T-high or lower,draw,0.319,0.425,0.325,0.294,0.191,0.191
2.0,T-high or lower,overcards / air,0.142,0.239,0.15,0.289,0.366,0.196
2.0,paired,two pair+,0.473,0.399,0.088,0.355,0.411,0.146
2.0,paired,overpair / top pair,0.393,0.685,0.368,0.37,0.204,0.058
2.0,paired,middle / weak pair,0.301,0.264,0.397,0.328,0.19,0.084
2.0,paired,draw,0.391,0.459,0.243,0.399,0.251,0.107
2.0,paired,overcards / air,0.164,0.161,0.089,0.291,0.444,0.177
2.0,monotone,two pair+,0.487,0.471,0.181,0.295,0.226,0.297
2.0,monotone,overpair / top pair,0.344,0.307,0.512,0.196,0.17,0.121
2.0,monotone,middle / weak pair,0.277,0.481,0.464,0.263,0.15,0.123
2.0,monotone,draw,0.207,0.291,0.477,0.23,0.143,0.15
2.0,monotone,overcards / air,0.063,0.032,0.331,0.27,0.239,0.16
2.0,connected,two pair+,0.456,0.871,0.214,0.256,0.228,0.301
2.0,connected,overpair / top pair,0.393,0.351,0.521,0.201,0.146,0.132
2.0,connected,middle / weak pair,0.133,0.056,0.529,0.19,0.133,0.148
2.0,connected,draw,0.253,0.407,0.393,0.204,0.165,0.238
2.0,connected,overcards / air,0.049,0.257,0.365,0.149,0.196,0.29
2.25,A-high,two pair+,0.233,0.091,0.195,0.208,0.315,0.282
2.25,A-high,overpair / top pair,0.12,0.15,0.573,0.165,0.163,0.098
2.25,A-high,middle / weak pair,0.104,0.047,0.687,0.123,0.123,0.067
2.25,A-high,draw,0.096,0.058,0.396,0.216,0.206,0.182
2.25,A-high,overcards / air,0.015,0.0,0.229,0.194,0.346,0.231
2.25,K-high,two pair+,0.341,0.506,0.163,0.296,0.353,0.189
2.25,K-high,overpair / top pair,0.168,0.124,0.693,0.146,0.099,0.061
2.25,K-high,middle / weak pair,0.138,0.042,0.642,0.182,0.098,0.078
2.25,K-high,draw,0.183,0.089,0.532,0.197,0.153,0.117
2.25,K-high,overcards / air,0.05,0.0,0.313,0.255,0.34,0.092
2.25,Q/J-high,two pair+,0.32,0.135,0.192,0.329,0.295,0.184
2.25,Q/J-high,overpair / top pair,0.147,0.065,0.621,0.152,0.159,0.068
2.25,Q/J-high,middle / weak pair,0.113,0.054,0.569,0.19,0.159,0.082
2.25,Q/J-high,draw,0.165,0.119,0.429,0.273,0.174,0.124
2.25,Q/J-high,overcards / air,0.055,0.137,0.263,0.342,0.284,0.111
2.25,T-high or lower,two pair+,0.492,0.428,0.149,0.263,0.331,0.257
2.25,T-high or lower,overpair / top pair,0.306,0.264,0.597,0.189,0.128,0.085
2.25,T-high or lower,middle / weak pair,0.151,0.026,0.528,0.242,0.135,0.095
2.25,T-high or lower,draw,0.266,0.376,0.249,0.283,0.247,0.221
2.25,T-high or lower,overcards / air,0.162,0.349,0.222,0.229,0.347,0.202
2.25,paired,two pair+,0.503,0.131,0.12,0.339,0.375,0.166
2.25,paired,overpair / top pair,0.457,0.714,0.491,0.259,0.176,0.074
2.25,paired,middle / weak pair,0.368,0.343,0.437,0.354,0.143,0.066
2.25,paired,draw,0.346,0.192,0.292,0.356,0.233,0.119
2.25,paired,overcards / air,0.194,0.444,0.124,0.282,0.413,0.182
2.25,monotone,two pair+,0.566,0.347,0.276,0.224,0.248,0.252
2.25,monotone,overpair / top pair,0.284,0.159,0.504,0.187,0.181,0.128
2.25,monotone,middle / weak pair,0.305,0.291,0.478,0.18,0.222,0.119
2.25,monotone,draw,0.189,0.278,0.395,0.251,0.2,0.154
2.25,monotone,overcards / air,0.101,0.327,0.534,0.216,0.148,0.102
2.25,connected,two pair+,0.46,0.656,0.185,0.192,0.306,0.316
2.25,connected,overpair / top pair,0.359,0.259,0.601,0.159,0.139,0.101
2.25,connected,middle / weak pair,0.158,0.072,0.541,0.141,0.197,0.122
2.25,connected,draw,0.236,0.416,0.287,0.242,0.228,0.243
2.25,connected,overcards / air,0.081,0.173,0.457,0.164,0.2,0.179
2.5,A-high,two pair+,0.246,0.126,0.161,0.286,0.287,0.265
2.5,A-high,overpair / top pair,0.116,0.083,0.62,0.16,0.105,0.116
2.5,A-high,middle / weak pair,0.075,0.068,0.632,0.189,0.091,0.088
2.5,A-high,draw,0.093,0.037,0.427,0.202,0.208,0.162
2.5,A-high,overcards / air,0.021,0.0,0.283,0.335,0.221,0.162
2.5,K-high,two pair+,0.349,0.462,0.179,0.302,0.23,0.289
2.5,K-high,overpair / top pair,0.165,0.163,0.607,0.204,0.109,0.079
2.5,K-high,middle / weak pair,0.097,0.096,0.539,0.22,0.131,0.11
2.5,K-high,draw,0.186,0.642,0.516,0.193,0.158,0.134
2.5,K-high,overcards / air,0.067,0.035,0.275,0.327,0.183,0.215
2.5,Q/J-high,two pair+,0.336,0.387,0.207,0.286,0.239,0.268
2.5,Q/J-high,overpair / top pair,0.146,0.068,0.633,0.173,0.109,0.085
2.5,Q/J-high,middle / weak pair,0.089,0.061,0.523,0.236,0.125,0.116
2.5,Q/J-high,draw,0.2,0.172,0.508,0.214,0.151,0.127
2.5,Q/J-high,overcards / air,0.065,0.0,0.307,0.331,0.193,0.168
2.5,T-high or lower,two pair+,0.488,0.601,0.142,0.292,0.287,0.279
2.5,T-high or lower,overpair / top pair,0.227,0.418,0.547,0.196,0.145,0.111
2.5,T-high or lower,middle / weak pair,0.166,0.076,0.469,0.274,0.176,0.082
2.5,T-high or lower,draw,0.289,0.45,0.276,0.232,0.287,0.206
2.5,T-high or lower,overcards / air,0.144,0.063,0.249,0.304,0.218,0.229
2.5,paired,two pair+,0.457,0.556,0.188,0.389,0.211,0.213
2.5,paired,overpair / top pair,0.357,0.522,0.598,0.251,0.082,0.069
2.5,paired,middle / weak pair,0.327,0.397,0.374,0.452,0.099,0.075
2.5,paired,draw,0.339,0.72,0.365,0.337,0.16,0.139
2.5,paired,overcards / air,0.187,0.0,0.197,0.383,0.214,0.207
2.5,monotone,two pair+,0.552,0.46,0.251,0.223,0.27,0.256
2.5,monotone,overpair / top pair,0.312,0.32,0.529,0.16,0.154,0.157
2.5,monotone,middle / weak pair,0.295,0.417,0.575,0.192,0.107,0.127
2.5,monotone,draw,0.205,0.331,0.427,0.17,0.236,0.168
2.5,monotone,overcards / air,0.136,0.257,0.523,0.206,0.15,0.121
2.5,connected,two pair+,0.449,0.585,0.144,0.189,0.326,0.342
2.5,connected,overpair / top pair,0.26,0.471,0.455,0.188,0.219,0.138
2.5,connected,middle / weak pair,0.162,0.159,0.512,0.195,0.171,0.122
2.5,connected,draw,0.269,0.438,0.306,0.169,0.303,0.222
2.5,connected,overcards / air,0.071,0.113,0.302,0.189,0.241,0.269
3.0,A-high,two pair+,0.262,0.257,0.168,0.243,0.298,0.292
3.0,A-high,overpair / top pair,0.129,0.011,0.661,0.146,0.115,0.078
3.0,A-high,middle / weak pair,0.089,0.036,0.707,0.146,0.077,0.07
3.0,A-high,draw,0.114,0.227,0.439,0.194,0.196,0.171
3.0,A-high,overcards / air,0.043,0.037,0.335,0.219,0.246,0.2
3.0,K-high,two pair+,0.436,0.208,0.196,0.373,0.222,0.209
3.0,K-high,overpair / top pair,0.34,0.494,0.774,0.112,0.061,0.052
3.0,K-high,middle / weak pair,0.124,0.073,0.602,0.131,0.135,0.132
3.0,K-high,draw,0.292,0.359,0.568,0.214,0.11,0.107
3.0,K-high,overcards / air,0.151,0.132,0.51,0.272,0.133,0.085
3.0,Q/J-high,two pair+,0.443,0.527,0.207,0.283,0.23,0.28
3.0,Q/J-high,overpair / top pair,0.208,0.268,0.597,0.214,0.101,0.088
3.0,Q/J-high,middle / weak pair,0.102,0.068,0.511,0.248,0.106,0.135
3.0,Q/J-high,draw,0.236,0.497,0.517,0.214,0.121,0.147
3.0,Q/J-high,overcards / air,0.114,0.13,0.277,0.354,0.189,0.18
3.0,T-high or lower,two pair+,0.441,0.32,0.11,0.31,0.308,0.272
3.0,T-high or lower,overpair / top pair,0.212,0.377,0.528,0.196,0.158,0.118
3.0,T-high or lower,middle / weak pair,0.095,0.137,0.464,0.244,0.149,0.144
3.0,T-high or lower,draw,0.201,0.172,0.267,0.275,0.27,0.188
3.0,T-high or lower,overcards / air,0.106,0.0,0.251,0.283,0.271,0.195
3.0,paired,two pair+,0.492,0.453,0.222,0.383,0.244,0.151
3.0,paired,overpair / top pair,0.415,0.525,0.66,0.209,0.084,0.047
3.0,paired,middle / weak pair,0.249,0.106,0.38,0.387,0.141,0.092
3.0,paired,draw,0.334,0.481,0.425,0.291,0.171,0.113
3.0,paired,overcards / air,0.199,0.162,0.229,0.362,0.255,0.154
3.0,monotone,two pair+,0.558,0.53,0.237,0.218,0.242,0.303
3.0,monotone,overpair / top pair,0.294,0.178,0.501,0.174,0.183,0.142
3.0,monotone,middle / weak pair,0.266,0.394,0.502,0.211,0.154,0.133
3.0,monotone,draw,0.26,0.057,0.432,0.224,0.195,0.149
3.0,monotone,overcards / air,0.183,0.422,0.501,0.193,0.199,0.107
3.0,connected,two pair+,0.488,0.684,0.119,0.219,0.284,0.378
3.0,connected,overpair / top pair,0.268,0.45,0.345,0.257,0.235,0.163
3.0,connected,middle / weak pair,0.144,0.095,0.479,0.171,0.139,0.211
3.0,connected,draw,0.209,0.267,0.222,0.292,0.283,0.203
3.0,connected,overcards / air,0.095,0.085,0.256,0.244,0.25,0.249
