stack_bb,hand,btn_cbet,btn_cbet_big,bb_fold_vs_1/3,bb_raise_vs_1/3
25,straight or better,0.607,0.085,0.001,0.559
25,set / trips,0.719,0.109,0.0,0.749
25,two pair,0.695,0.106,0.002,0.751
25,overpair,0.938,0.408,0.0,0.0
25,"top pair, T+ kicker",0.93,0.512,0.01,0.921
25,"top pair, weak kicker",0.911,0.399,0.006,0.93
25,middle pair,0.615,0.198,0.013,0.709
25,weak pair,0.13,0.037,0.01,0.53
25,strong draw,0.578,0.127,0.013,0.634
25,weak draw,0.295,0.099,0.129,0.378
25,overcards,0.374,0.11,0.371,0.146
25,air,0.783,0.239,0.907,0.08
50,straight or better,0.805,0.379,0.003,0.657
50,set / trips,0.95,0.413,0.0,0.855
50,two pair,0.966,0.641,0.006,0.802
50,overpair,0.916,0.693,0.0,0.0
50,"top pair, T+ kicker",0.933,0.768,0.012,0.8
50,"top pair, weak kicker",0.795,0.369,0.016,0.733
50,middle pair,0.611,0.131,0.013,0.457
50,weak pair,0.166,0.05,0.011,0.272
50,strong draw,0.806,0.249,0.025,0.672
50,weak draw,0.543,0.234,0.145,0.459
50,overcards,0.305,0.12,0.35,0.215
50,air,0.828,0.441,0.93,0.064
100,straight or better,0.916,0.704,0.006,0.956
100,set / trips,0.953,0.652,0.0,0.97
100,two pair,0.943,0.778,0.004,0.914
100,overpair,0.838,0.289,0.0,0.0
100,"top pair, T+ kicker",0.87,0.544,0.008,0.808
100,"top pair, weak kicker",0.838,0.281,0.007,0.865
100,middle pair,0.762,0.204,0.01,0.635
100,weak pair,0.347,0.158,0.008,0.536
100,strong draw,0.902,0.379,0.027,0.801
100,weak draw,0.717,0.35,0.121,0.389
100,overcards,0.337,0.15,0.358,0.086
100,air,0.861,0.444,0.927,0.054
